metric,Accuracy_Basic_Factual_Accuracy,Accuracy_Domain_Knowledge_Accuracy,Accuracy_Expresses_Uncertainty,Accuracy_Expresses_Uncertainty_expresses_uncertainty_when,Accuracy_Knowledge_Dimension,Accuracy_No_Contradiction,Accuracy_No_Inaccuracies,Accuracy_Reasoning_Process_Rigor,Accuracy_Truthfulness,Adaptivity_Adapt_to_the_learners_level,Adaptivity_Adaptability,Adaptivity_Adapts_to_Needs,Adaptivity_Appropriate_Response_Length,Adaptivity_Background_Based_Material_Recommendation,Adaptivity_Continuous_assessment,Adaptivity_Guides_Appropriately,Adaptivity_Guides_Appropriately_does_not_withhold,Adaptivity_Instructional_Adaptation_Effectiveness,Adaptivity_Leveled_Concept_Explanation,Adaptivity_Leveling,Adaptivity_Leveling_the_tutors_explanations,Adaptivity_Pedagogical_Principle_Criteria_Challenge,Adaptivity_Personalization_Adaptation__Learning_Support,Adaptivity_Proactive,Adaptivity_Scenario_Element_Integration,Adaptivity_Student_level_calibration,Adaptivity_Unstuck,Adaptivity_Unstuck_effectively_adapts_its,Affect_and_Relational_Support_Communicate_with_positive_tone,Affect_and_Relational_Support_Cultural_analogies,Affect_and_Relational_Support_Emotional_component_calibration,Affect_and_Relational_Support_Fluency,Affect_and_Relational_Support_Human_likeness,Affect_and_Relational_Support_Learning_Exploration,Affect_and_Relational_Support_Role__Tone_Consistency,Affect_and_Relational_Support_Speaks_encouragingly,Affect_and_Relational_Support_Style_and_Tone,Affect_and_Relational_Support_Tutor_tone,Affect_and_Relational_Support_Warm,Affect_and_Relational_Support_Well_intentioned,Alignment_to_Constraints_Academic_Integrity__Honesty,Alignment_to_Constraints_Coherence,Alignment_to_Constraints_Conciseness_and_Relevance,Alignment_to_Constraints_Content_Relevance__Scope_Control,Alignment_to_Constraints_Coverage,Alignment_to_Constraints_Dont_reveal_the_answer,Alignment_to_Constraints_Guides_to_Answer,Alignment_to_Constraints_Instruction_Following__Task_Completion,Alignment_to_Constraints_Instruction_following,Alignment_to_Constraints_No_Contradiction,Alignment_to_Constraints_No_Irrelevant_Info,Alignment_to_Constraints_No_Refusals,Alignment_to_Constraints_No_Repetition,Alignment_to_Constraints_No_Repetition_avoids_repeating_information,Alignment_to_Constraints_Relevance,Alignment_to_Constraints_Responsibility_and_Ethics,Alignment_to_Constraints_Revealing_of_the_answer,Alignment_to_Constraints_Stay_on_topic,Alignment_to_Constraints_Transparency__Accountability,Assessment_Assessment_Effectiveness,Assessment_Comprehension_Summary,Assessment_Goal,Assessment_Insight,Assessment_Self_assessment,Assessment_Synthesizing,Engagement_and_Motivation_Active_Engagement,Engagement_and_Motivation_Active_Engagement_promotes_active_engagement,Engagement_and_Motivation_Asks_Questions,Engagement_and_Motivation_Asks_Questions_asks_questions_to,Engagement_and_Motivation_Constructive_Feedback,Engagement_and_Motivation_Constructive_Feedback_provides_clear_constructive,Engagement_and_Motivation_Context_Based_Idea_Generation,Engagement_and_Motivation_Emotional_Support,Engagement_and_Motivation_Encouraging_Feedback,Engagement_and_Motivation_Encouraging_Feedback_delivers_feedback_whether,Engagement_and_Motivation_Identifies_successes,Engagement_and_Motivation_Inspires_interest,Engagement_and_Motivation_Interest,Engagement_and_Motivation_Monitors_motivation,Engagement_and_Motivation_Motivation_Guidance__Positive_Feedback,Engagement_and_Motivation_Openings,Engagement_and_Motivation_Opportunities_for_Engagement,Engagement_and_Motivation_Ownership_of_ideas,Engagement_and_Motivation_Pedagogical_Principle_Criteria_Feedback,Engagement_and_Motivation_Promote_active_engagement,Engagement_and_Motivation_Promotes_engagement,Engagement_and_Motivation_Stimulates_Interest,Engagement_and_Motivation_Stimulates_Interest_tries_to_stimulate,Instructional_Support_Actionability,Instructional_Support_Analogies,Instructional_Support_Analogies_the_tutors_use,Instructional_Support_Communicates_Aims,Instructional_Support_Communicates_Plan,Instructional_Support_Deep_Socratic_Follow_Up_Questions,Instructional_Support_Depth_of_reasoning,Instructional_Support_Engagement_and_Motivation_Clarity_Simplicity__Inspiration,Instructional_Support_Evidence_based_reasoning,Instructional_Support_Explainability,Instructional_Support_Explains_concepts,Instructional_Support_Feedback,Instructional_Support_Feedback_Effectiveness,Instructional_Support_Feedback__Assessment,Instructional_Support_Guide_towards_the_answer___checking_that_the_tutor_provides_actionable_steps,Instructional_Support_Guides_student,Instructional_Support_Improvement_Suggestions,Instructional_Support_In_class_Activities__Feedback,Instructional_Support_Info_Order,Instructional_Support_Info_Order_develops_explanations_in,Instructional_Support_Info_Presentation,Instructional_Support_Info_Presentation_presents_information_in,Instructional_Support_Interactivity,Instructional_Support_Manageable_Chunks,Instructional_Support_Manageable_Chunks_uses_bullet_points,Instructional_Support_No_Irrelevant_Info,Instructional_Support_Pedagogical_Principle_Criteria_Explanation,Instructional_Support_Pedagogical_Principle_Criteria_Modelling,Instructional_Support_Pedagogical_Principle_Criteria_Practice,Instructional_Support_Persuasive_discourse,Instructional_Support_Problem_based_learning,Instructional_Support_Providing_guidance,Instructional_Support_Question_Diversity,Instructional_Support_Response,Instructional_Support_Scaffolding,Instructional_Support_Scaffolding_Progression,Instructional_Support_Straightforward_Response,Instructional_Support_Straightforward_Response_the_tutors_responses,Metacognition_Classroom_Culture,Metacognition_Critical_thinking,Metacognition_Error_analysis,Metacognition_Exploration_vs_Explanation,Metacognition_Generative_questioning,Metacognition_Higher_Order_Thinking__Skill_Development,Metacognition_Justification_for_Knowing,Metacognition_Learning_Exploration,Metacognition_Metacognitive_Promotion,Metacognition_Pedagogical_Principle_Criteria_Questioning,Metacognition_Reflection,Metacognition_Reflective_growth,Metacognition_Self_reflection,Metacognition_Strategic_thinking,Metacognition_Thinking,Metacognition_Thinking_aloud,Mistake_Handling_Acknowledge_Correctness,Mistake_Handling_Error_Identification__Correction_Precision,Mistake_Handling_Guide_Mistake_Discovery,Mistake_Handling_Guide_Mistake_Discovery_guides_the_student,Mistake_Handling_Identifies_mistakes,Mistake_Handling_Identify_and_address_misconceptions,Mistake_Handling_Mistake_identification,Mistake_Handling_Refinement,Overall_Rating_Certainty_of_Knowledge,Overall_Rating_Cognitive_Level,Overall_Rating_Competent,Overall_Rating_Continue_using,Overall_Rating_Future,Overall_Rating_Intelligent,Overall_Rating_Learning_Goal,Overall_Rating_Learning_Objective_Achievement_Effectiveness,Overall_Rating_Overall_Quality,Overall_Rating_Overall_Quality_is_as_good,Overall_Rating_Questioning_Effectiveness,Overall_Rating_Simplicity_vs_Complexity,Overall_Rating_Source_of_Knowledge,Safety_Fairness_Agency__Care,Understanding_Learner_Goals_Helpfulness,Understanding_Learner_Goals_Identifies_goal,Understanding_Learner_Goals_Question_Relevance
Accuracy_Basic_Factual_Accuracy,1.0,0.7968718838810837,0.14097772661859945,0.5503560872542625,0.6268390697859005,0.7120721490611848,0.7369812632268589,0.7813458179657918,0.8181889738807171,0.555448780682718,0.5862792454942163,0.6793293608477384,0.6301529742499105,0.20630166079835074,0.6331700693684436,0.39192126390238163,0.668301597841309,0.6278688185051527,0.7051751440136054,0.7258415228109899,0.7332578058920695,0.585204488182004,0.588152679412398,0.6465300066609821,0.6584857534309314,0.6967853630335903,0.651867823488075,0.6683282017435033,0.576871813178367,0.3850817734394925,0.5989334511367751,0.7046045164791734,0.6423335833153614,0.5723076218325832,0.7001082006240203,0.5989959884902302,0.6781172790286152,0.6184941918194787,0.5549659436925586,0.6711912972350875,0.2788939249611679,0.7400906987384627,0.6818013220010354,0.750395585561373,0.6635041113728198,0.20342875517258668,0.5955032424103722,0.7332555458941078,0.6983894796708879,0.737468997313151,0.66365973497012,0.4611028165596191,0.5386069974642824,0.5289935629913171,0.6757184178804454,0.6636323179479763,0.48249575372937137,0.41013197697992637,0.297206814361955,0.6204282517997565,0.6494524914577978,0.6648344911066502,0.656380353000253,0.3509327001021387,0.6014156158321539,0.5747869563945089,0.5429167175218289,0.367649486046116,0.3209095275859555,0.6110318084544915,0.6412763500810664,0.5858195281044362,0.5788477473635293,0.5513019853778274,0.5911323309774089,0.510084139030816,0.578332044091358,0.6259179539640699,0.5297443539051834,0.6185558208283461,0.5165655075550917,0.5195374145052152,0.5761531000385254,0.5491185609524936,0.4526352402481463,0.3899456350176882,0.5475415945569938,0.5763520927444459,0.5350370585219402,0.4262075700639079,0.5292155111492467,0.32780391107676243,0.45098010348165557,0.4687217649984545,0.54075191200178,0.7140705977276595,0.6266121241888378,0.6889821551842786,0.7386549914234278,0.6194207307452153,0.6849372537580345,0.4297598355969834,0.5594384939099248,0.6985839221520512,0.3644274533532718,0.7051639382563043,0.7088409187163371,0.7000433606026173,0.695200950018513,0.695923894324154,0.6111360303800762,0.6445046360364728,0.08740137080009497,0.6689435441423555,0.6980037431638746,0.581040990876927,0.3695093858395389,0.4876108194832059,0.48453875212102443,0.7686413239583271,0.4361861807944637,0.6626269537106534,0.6547241365647329,0.6794578107493473,0.6983930191416358,0.7063188171163768,0.643012987142818,0.600281130667853,0.49741774681502465,0.46153008443217086,0.45584296806194113,0.6243281271899929,0.606715238615042,0.6617932390555129,0.33415573696448014,0.3916532690275323,0.36896443842578247,0.4095988192377755,0.17957583226404233,0.39225801442352765,0.52501218342724,0.5491039803716483,0.6079526971759145,0.7604293787067371,0.6140064276084353,0.5050070420337528,0.39432848110883517,0.4171753464146775,0.38175939337047726,0.5104521513605234,0.5812088433089908,0.5657378547995343,0.7548137857999102,0.6933049036129898,0.7213733356152049,0.7282721319788905,0.6695413832118844,0.7101059486797023,0.7326228294606802,0.7310110518771832,0.6287323486415022,0.7126118319943122,0.6855445237133843,0.6593753888011538,0.7118644977179194,0.5927496375280742,0.6701443431392159
Accuracy_Domain_Knowledge_Accuracy,0.7968718838810837,1.0,0.16001983040231463,0.5856773017282167,0.6814194484682795,0.6783999484697717,0.7118073798279682,0.8219356090274117,0.8010887174599108,0.5890234427076623,0.6626684373830765,0.7407626827994512,0.694450260743526,0.19327443109915182,0.7024569365951624,0.4251989618516387,0.7112592701718627,0.6840903354514299,0.7578896657066475,0.7730795661923234,0.7848112866251045,0.6299689601889761,0.6745800867928965,0.7047185201673418,0.7226196429927446,0.7345619423589342,0.6993293093872871,0.7272464080333542,0.6513016056075923,0.4267531662088592,0.6761628743589009,0.7407193887285733,0.6869669821562812,0.6424951463837012,0.7544951707015699,0.6733745313466136,0.7185281087632207,0.6658129627925379,0.6412666214175342,0.7241569260814482,0.2887402420551263,0.7839301930093351,0.7291817331568539,0.7836327689793835,0.7128763812897999,0.20247361510070405,0.6224821123626849,0.7849632502996378,0.7333183249631263,0.6872353113972612,0.6887768645510052,0.5047769694256428,0.579740561953437,0.5671301630451031,0.7166464165234281,0.7050149711215088,0.5435811746770697,0.45025366017513274,0.30451841883915115,0.6703957592559601,0.7246407526919083,0.7212152728328377,0.7095522741285838,0.36247526188746915,0.6820011742247022,0.6437373124978429,0.6061707299618272,0.4094079019375458,0.34160949001287383,0.7030599105206978,0.7026368645730053,0.6366271998291279,0.65470679002186,0.6208581628199265,0.6618390830380634,0.5881269740590944,0.6608581105431366,0.6858063795872391,0.5936958986486963,0.7005647831984735,0.5846504217363712,0.5686895002763203,0.6219426482184781,0.6154212025901759,0.5083880098950472,0.4328049673085683,0.6292823322088001,0.6429406168074856,0.5977403055901924,0.4939668135209909,0.5818502197151962,0.3831235976323263,0.4869403132839488,0.47990389057354327,0.5995184091793654,0.7449732541921312,0.6661594445524218,0.7513053258638742,0.7785743146073296,0.7023938566318112,0.74492959576982,0.4534016630082517,0.5934029781955282,0.7627787868810328,0.38396215964128205,0.7553554344188577,0.7437908791972179,0.7586545546400311,0.7446182366229808,0.7453642699659311,0.6693276779379731,0.6974006045105748,0.123836455018683,0.681690070577057,0.7445679916436052,0.6357478321472927,0.40196844687309846,0.5423204647082027,0.4975603507248206,0.811880701613802,0.47666790056447234,0.7238054896135433,0.7384259571754027,0.7243757050804744,0.7209057508524256,0.7429008511508751,0.7073141697147258,0.6495279756806844,0.5382295244915146,0.49445098894963485,0.513068898629786,0.6602587518125534,0.6430135626449386,0.7228576885791091,0.345145211612661,0.4378583441966221,0.3944220241331748,0.4547251908504674,0.1519171846864232,0.4120129317295495,0.5724741737231639,0.600679383101899,0.6709278554065983,0.7811091025765599,0.6550415559428389,0.5277844283957736,0.4390178760515429,0.4950849523783382,0.4000091351226215,0.5457858909995392,0.6037884719989842,0.6230375484808762,0.798997604651444,0.7467426052881772,0.7635187437910665,0.7759935355809277,0.7166884144677388,0.7691637135323859,0.7834250533632057,0.7766076405641331,0.6688864529319205,0.7785583827379524,0.7078556984139331,0.7108882158493104,0.7572911151700897,0.6456581986387405,0.7212631708589533
Accuracy_Expresses_Uncertainty,0.14097772661859945,0.16001983040231463,1.0,0.3213100546873828,0.19947269417899274,0.0950868343525227,0.12373948239710986,0.1735458557234153,0.15884928078305255,0.23316116644152984,0.1816664743099616,0.17599794213866213,0.1331061318705881,0.06378769145743009,0.19513007502294924,-0.015521858993783253,0.11483673224320615,0.20883181062249173,0.1435453257123989,0.17968520350879297,0.15654686149051006,0.21830704036384935,0.2154655082654314,0.17056281818970415,0.19686218573046854,0.17862420511344215,0.10660870867990076,0.17014631085659332,0.15856517570832884,0.04932872039867956,0.20649203914732928,0.18265963125031906,0.20980680297379245,0.1841832802260372,0.17431413311573418,0.14676592684617193,0.18699340606225517,0.15624776910571306,0.17343505306757234,0.14366567414162895,0.032094576438223735,0.1518573692818559,0.16392504556284784,0.13363674802631487,0.10930197091127958,0.21483333989353698,0.21644659351268788,0.14765284252603272,0.15429149031941108,0.09461950906138598,0.10965654652243133,0.07642424744293952,0.20935876208195706,0.23348930420886968,0.11274956893008027,0.2001589761869948,0.042981753833894576,0.07726378997478149,0.2535197000803212,0.22514938834587025,0.178318688823973,0.13773301199442178,0.21206660166815622,0.1447566626044986,0.19803860066794843,0.1976978258919354,0.19485199316412402,0.21510473641148894,0.19739603800226382,0.16794712213026572,0.1775665898173675,0.1590655168037416,0.15921741285550356,0.15457310304081542,0.1418906404463998,0.14315822755516733,0.179588807623304,0.14874848041700867,0.20011657602819538,0.18955282634214346,0.19880782316320486,0.190249296213072,0.23540541919140154,0.19019601213306225,0.22419724457117413,0.21252072928856425,0.2151283295932466,0.19755066557342182,0.16007379730960655,0.08090371075116386,0.0902087414065874,0.1425784319693006,0.1830643938318291,0.22122699639390386,0.20833007575351772,0.15295089184493235,0.17334876108673197,0.19866850489808793,0.15268018995164334,0.16520784120936233,0.17757601609749857,0.21005190100793095,0.1517195980349306,0.17016922966715653,0.15866493069667398,0.18116706382154696,0.148252611720198,0.1496260396828631,0.1559330266660144,0.18770241694414605,0.17295879217777,0.11885129033486319,-0.03220659015294713,0.10392322164563948,0.1426077812561846,0.19308543609728843,0.18271767554698382,0.2558905172880158,0.1930855790606909,0.16141536595691433,0.2389301878308077,0.15559215381981029,0.18262960721378443,0.14245508146945887,0.14821800584439157,0.16232462968394978,0.20841609823248206,0.21037105744326853,0.25650230517094574,0.23001999044297994,0.2275971427102256,0.1856031756858225,0.1959647932155205,0.22596512669812796,0.1737630106795992,0.21525241975579026,0.18043700604889357,0.17196361950526431,0.042459002596183286,0.18569639131363752,0.22919831654732653,0.28347761228569246,0.17770485323863833,0.12101137692263822,0.2083501367315503,0.2304459905079583,0.1855008576671692,0.17506077705227158,0.2176665191932722,0.20043931666005554,0.2048998374338245,0.20259020526315796,0.16244911293430123,0.17225218686041066,0.1897793248054327,0.18040420549840488,0.10866873436157874,0.17910163319681424,0.19287423225036301,0.17749896660590167,0.21020929279779055,0.15626673876844563,0.20505494294907906,0.18884931680629688,0.15693262945924988,0.170197192759213,0.16277323461345666
Accuracy_Expresses_Uncertainty_expresses_uncertainty_when,0.5503560872542625,0.5856773017282167,0.3213100546873828,1.0,0.557811808404382,0.46494179228018256,0.5245693670991123,0.5993243627640034,0.5686587862069553,0.546872275385828,0.563626295335141,0.5516825569707053,0.5406006670281105,0.20013116999213756,0.5722063081230647,0.25035780170587135,0.5446645292937788,0.5894941218342983,0.5723254185534912,0.6071355552152543,0.5786672500729673,0.5614740273563604,0.5713034916450754,0.5492230432032065,0.5819070595216423,0.5806006518712488,0.49503580224341753,0.5707637656887163,0.5282788135172667,0.2886012617725757,0.5319144957050417,0.5821557788791667,0.5785556349700679,0.5485477661237822,0.6007588703395944,0.5365779439134588,0.5910310179253696,0.4991139765486816,0.5160566928584873,0.5383091334176838,0.19191858352064234,0.5784444525041731,0.56676601192818,0.5777270829463268,0.4874216753380099,0.2550969280887933,0.5464024841813658,0.5788591909145967,0.5841415800099804,0.5113115440564467,0.5208900863590601,0.33942257529030617,0.5410296204884316,0.579341859304387,0.4923028381418838,0.5671400284226459,0.3446404739832077,0.2985842483676397,0.3447946593477928,0.5640998693335992,0.5764565392639392,0.543438301770236,0.5799396173884742,0.36115089854136095,0.5670423020626201,0.5550876612567543,0.5306125933420823,0.3963380695516882,0.35603965306202684,0.5568326329433739,0.5714704977252633,0.535249387539868,0.5184306403967534,0.4869106876168205,0.5094379802742622,0.48252854309256665,0.541567103001709,0.5313984167088177,0.5345457274110237,0.5673764674434232,0.5000291806563346,0.4856068493848071,0.5416664754869557,0.5173841864272992,0.5006823677197907,0.401997371331138,0.5325027353207262,0.5404946254472157,0.5067795516856352,0.3387444629376433,0.42674771335492073,0.34725870603718095,0.44192028053891325,0.4718561047517746,0.5148171725572123,0.5831044740328166,0.546464034097834,0.5906194882546723,0.5667565241314727,0.5383338107696404,0.5869443731742996,0.44611462334034047,0.5002111883351936,0.5759814267243474,0.38812004487203683,0.595913259784882,0.5547528698952432,0.58129588469505,0.5877385114138522,0.5959699578312276,0.5514524841457578,0.5239996921349093,0.024592812902465684,0.5203233210442768,0.5649847332917116,0.524933416809793,0.4189246976268923,0.4903984697369184,0.4747629838488312,0.5931708033830007,0.4670067108751997,0.5153607858905263,0.6065074166495193,0.5562060616280822,0.5634882103977624,0.5743354572557134,0.5806912619526033,0.560403019307082,0.521917925768783,0.4569007173176306,0.48446425067748067,0.5688193373057601,0.569903248650545,0.59839678868434,0.3335377851633377,0.4099949378762165,0.359159265434258,0.3890520834557258,0.10393798054414247,0.40040536358777956,0.504730568782707,0.5735524712776374,0.5562464535145324,0.5782623710241571,0.5295768497911852,0.4713247470615135,0.40643600331194296,0.35613705469104817,0.37332901268532587,0.5069325585132449,0.5644248555373308,0.5302171863422384,0.5851898972559666,0.5622098585940136,0.5858864475589566,0.6052916546892135,0.4869280014515751,0.5742228586265764,0.6105961997238549,0.6073138136854943,0.5500732505493673,0.5582441186235748,0.6151810420535789,0.5709047481972578,0.5706900048370062,0.5579346754513484,0.5572583937496652
Accuracy_Knowledge_Dimension,0.6268390697859005,0.6814194484682795,0.19947269417899274,0.557811808404382,1.0,0.5712731572165862,0.574618168790079,0.7184107811013871,0.6421189122803103,0.7057638416262656,0.7612528469898487,0.7418921204089378,0.6885564525303849,0.22506524103033249,0.7456533756556397,0.3376474701620057,0.665688274285808,0.7533950801730002,0.7323778742634705,0.7560569281198865,0.7202940370227198,0.7460275472978083,0.74038069155459,0.7535305129311477,0.7704338086217799,0.7223649717061416,0.6917959591028192,0.7416132805927477,0.6965929139621367,0.437941051763249,0.7085593267806518,0.7382768744421693,0.6820042149190856,0.6999372331480068,0.7311491747820585,0.6754281893147867,0.7224996058923123,0.6758413863495418,0.6728070030136701,0.6972611757753479,0.28440296231520035,0.7078533694121609,0.694881989549032,0.7142127089148206,0.680057386459177,0.24733075324145193,0.6466644045635331,0.7260973190862231,0.6941899301088222,0.5409228145766372,0.6161143671257808,0.5293738902968048,0.6136059197181193,0.6115164792641676,0.6645453136152871,0.7042490514610952,0.47371366692044325,0.47308378464373985,0.38752435327300244,0.7433209719195187,0.7288624757667013,0.7478866341379707,0.7614645286569343,0.42222072893053764,0.7699659158258337,0.7315003528276647,0.6933735308048048,0.5223667312549538,0.4777757819960686,0.7199347418166456,0.7381155021220958,0.6893667826233326,0.6867130999314478,0.6520713331763365,0.6801475429607464,0.6307622889887464,0.7183096781236041,0.705239372843301,0.6539712921977925,0.7550858726661401,0.6851623425058155,0.6697997426981885,0.7275444414022855,0.6968967438243873,0.6355878566952657,0.5656852505694958,0.7234493046221736,0.7192570227302866,0.695550468912115,0.48177303620481227,0.5634943786721613,0.4833889771133114,0.5670476271354141,0.6112612094188254,0.7186465806074969,0.7451155362819629,0.684168842767589,0.7408944506600473,0.7073893518760468,0.7189245459615282,0.7734189936993652,0.5899688287997042,0.6110179545777761,0.7607799803864,0.49459021550893695,0.7614079184790895,0.7220179536609246,0.7363622725396379,0.7311452027939898,0.7468875263575482,0.7326958291187239,0.711727967677744,0.0735113716071244,0.6274716341569554,0.7231940390608423,0.7152005987764573,0.541685202004677,0.6160172034585875,0.6116336909221001,0.7196869101889687,0.6093914104298375,0.7104823144788378,0.7532097562398204,0.7509626458924076,0.6922606805934126,0.7093030842198496,0.7213263259772944,0.7355694774723665,0.6329593249415693,0.5854139782042551,0.6534475545276198,0.764549599815616,0.6653232151191296,0.7807461012468845,0.44223072022416104,0.5478128343757935,0.48237592092730747,0.5298364198058977,0.20051792395956158,0.5094791538412518,0.6841267523726385,0.7171972711842381,0.6880287043281782,0.6899751197880252,0.6964981509221452,0.6043748876656715,0.5003023107271239,0.48872762925521374,0.47180358681519824,0.5846123660298969,0.5801103386822497,0.7395611630354079,0.7360150826549957,0.743962866153706,0.7477033787161809,0.7495453763990322,0.683736067229275,0.7624972673454304,0.7574618933808648,0.7573464326311031,0.7549737847286382,0.7483523515289074,0.6928875993076533,0.7390223750778369,0.7371595265144115,0.7185846340557123,0.7731085687003892
Accuracy_No_Contradiction,0.7120721490611848,0.6783999484697717,0.0950868343525227,0.46494179228018256,0.5712731572165862,1.0,0.7290860986100761,0.687932355530398,0.7402534121110119,0.5099395274206102,0.5334155164244861,0.6177501811991505,0.605654115920277,0.17687862931072207,0.5703723298862096,0.38014269399007716,0.6256521510849493,0.562390550447371,0.6335882921923778,0.6602209660275464,0.7041479499533715,0.5114819134273612,0.5428701925002847,0.5846589654427538,0.5817828385518997,0.6501912989251579,0.5959290361150597,0.6183291150942563,0.530870626945788,0.31414263589769875,0.5284579422935679,0.6575771651005834,0.5889696429824948,0.5062196558122448,0.6554969628678812,0.5765836726976912,0.6482184223079333,0.5915589138935694,0.5279080738871963,0.6365964443035328,0.25227392476224797,0.7361050094081286,0.6393560467180113,0.693116211031748,0.5867665342676983,0.2150732087988618,0.5545216327154049,0.6709548839937325,0.6441369614661533,0.8110438287094134,0.6484609063502492,0.45500360997515094,0.5469239479968216,0.5009395054674807,0.6271701685401903,0.6063595347108656,0.4177206827586369,0.39780899211857296,0.22488065151102254,0.5902037626594752,0.6221717154705113,0.5972989633523861,0.5925711531552773,0.31163719256172234,0.55526867668942,0.5149266510002967,0.48217664960639006,0.3542455706617425,0.30013537924580375,0.5663086834997464,0.5686919776177395,0.5301890240946416,0.5397155578683746,0.5144823223305448,0.569037351619944,0.4827296414785121,0.5162361782239079,0.549895131769332,0.4795163006032371,0.558894462322372,0.4565438278912482,0.48915173477881013,0.5226236199508653,0.46636168898653,0.39495859922467397,0.3578544795983551,0.4799121859934026,0.5035332719499332,0.5051297775172138,0.34572047407201373,0.4468149358468015,0.2892390731055402,0.38674156764800643,0.43429588662981206,0.48069486979231857,0.6312925831902305,0.5553817426426388,0.5995950265079237,0.6568882840608944,0.5697551206062746,0.6230768571598616,0.39640208205298194,0.5357242670388123,0.6332799507502328,0.3013278469294558,0.6544500927374867,0.6425098577754594,0.6411078481824414,0.6303642651600981,0.621797644061745,0.5540240870144036,0.5856279179203452,0.07540412351301393,0.6447077771114824,0.5787131253649541,0.4870901672171169,0.33864098746298116,0.43384004155490397,0.45524847745180513,0.6825981815855574,0.39931313748316943,0.5662071395755185,0.625750942788828,0.6337922436770881,0.6639392511996414,0.6534837837057461,0.6086349421874604,0.533904105253142,0.42649640712849973,0.4339980171069372,0.397382211564315,0.5658477443759892,0.5612168630639592,0.5955059336563953,0.31007372845377623,0.35016294613307714,0.3228810026482874,0.361257124002452,0.1538794489225715,0.3292672069115138,0.4790457763104923,0.4658241127321024,0.569828952622801,0.7029508601392657,0.5777233742303823,0.46204169994938377,0.3467922073912162,0.3524585767397051,0.29852726192142703,0.4148364101325031,0.5476303764967719,0.5151366362179832,0.6993016022882893,0.6489413264286121,0.6546038444086738,0.6566125028411077,0.6210908747218491,0.6291471457919353,0.6660309633492247,0.6626505941488788,0.548440188685632,0.6323314861566833,0.6121673658257853,0.6278504065008262,0.6554321204424962,0.5233375010568561,0.628278460886429
Accuracy_No_Inaccuracies,0.7369812632268589,0.7118073798279682,0.12373948239710986,0.5245693670991123,0.574618168790079,0.7290860986100761,1.0,0.714681614302821,0.742298340690416,0.5419682578657478,0.5237291771114888,0.614670265943434,0.5852112264781294,0.20978704032838866,0.5811667230617622,0.32735785662907335,0.5920164647045453,0.5722688916428695,0.6333194578480806,0.6700334490017571,0.6791423404033436,0.5125154234185136,0.5518759836524709,0.5844126778505052,0.6052320876322738,0.6440659575138682,0.5737921929187445,0.6064172420043381,0.5202641678875681,0.31387915701870384,0.5266434982770489,0.6520609339234942,0.5978057943299079,0.5240701946760953,0.6434991551292377,0.5668794974027112,0.6664168404417571,0.5568199186684186,0.5266819677471534,0.6234059663991802,0.24167244243305247,0.7041677645493543,0.6034150153354166,0.6900297373265104,0.5646422740170043,0.25461114966392184,0.5660184661424713,0.6759403688783059,0.6420716828095353,0.7532608459169648,0.6263837503340209,0.3941744434283608,0.5532947857378488,0.542995374643081,0.606341011312047,0.5999003362307698,0.38869317398979736,0.3522635488336385,0.21385663268504992,0.5764397591195322,0.5927596900598836,0.5914047458039842,0.6001478507897107,0.346844656568499,0.5537140476200477,0.528415765123446,0.5017311970292869,0.39210613843733166,0.34228304511087515,0.560211958661635,0.5624662243352484,0.5266132346499272,0.5245808558010652,0.5131442833838569,0.5572716394306279,0.47763630157991066,0.5047093363967153,0.5416097013472738,0.47928451247589837,0.5848474187299323,0.46971243910893673,0.49504864137559235,0.5232419531188817,0.4803707446410247,0.43493232352464156,0.38837785798747904,0.499293879801447,0.49620093295871504,0.5107551163751419,0.3283798991153778,0.441755736312063,0.30796176863682306,0.4446254425893029,0.46345444179317435,0.5133322876130152,0.6250407572946044,0.5689248475667398,0.62674507669056,0.6506352066132848,0.5633157227340863,0.6317918005662135,0.43168259939058057,0.5369437821980708,0.6382077603928527,0.313911870423161,0.6584174499871319,0.6361374959263995,0.639194379167478,0.631979958446338,0.641235938863345,0.5508340442704817,0.58357009198744,0.072717657803553,0.6185381681046662,0.5819341492508531,0.5022607918960084,0.3626819118268336,0.4521820625489925,0.46966894639427487,0.6936082441864044,0.43131099963753705,0.5822986095696797,0.6185103333550089,0.6055762163985569,0.6640202281946719,0.6678093922953907,0.6146348394140365,0.550547355246622,0.4413473021893464,0.4717510537820035,0.43810279759985177,0.574279537035239,0.581388404742673,0.5982175904434621,0.3638114589450479,0.39624196002884116,0.35016757828942574,0.3687866960711667,0.1877915536611986,0.38518581168784755,0.4989063434900997,0.5194351493095896,0.5618581350289534,0.709391572261822,0.5926964509490882,0.48525945600401066,0.3457946859418781,0.3373119692547179,0.314140627267509,0.42374795893089523,0.5777722377450464,0.4987364992050686,0.6972742078214669,0.633317369480956,0.6679218773456244,0.6636160015706961,0.6147422481721729,0.642734462993427,0.6798041517104078,0.670481544592159,0.5691092849234561,0.6420123964700754,0.6449434044742625,0.5919138014595278,0.643651850279524,0.5220301187112152,0.595879481073867
Accuracy_Reasoning_Process_Rigor,0.7813458179657918,0.8219356090274117,0.1735458557234153,0.5993243627640034,0.7184107811013871,0.687932355530398,0.714681614302821,1.0,0.7908153617983684,0.6227781903639495,0.6975998110298859,0.7682804383659393,0.7162829735575704,0.21443569883115296,0.7357854036743338,0.4344955056391066,0.7300414000220772,0.7189257211682276,0.7824871789808501,0.796636557540087,0.7998031395919987,0.653295079574495,0.684585578608986,0.7390425813732767,0.7500498842893409,0.767563266880484,0.7255848580951312,0.757341276284622,0.6748399356857776,0.4663442604328453,0.6923545293503972,0.7647825029419374,0.7148249317463098,0.6689789266456878,0.7674872346394686,0.698373221012292,0.7565752155924074,0.688719881459208,0.6608946783034947,0.7491572608514508,0.2978890714607898,0.8030047326979639,0.7565066672159378,0.7974404361898759,0.7151282419394214,0.2115879321680769,0.6622590895750649,0.7997852600562384,0.7602989147051057,0.691218602481784,0.7080055442276242,0.5206673149578247,0.6195770642038902,0.6116474978211672,0.7146418887377012,0.734644947079828,0.5422360665810048,0.4688203331621249,0.33663712368111076,0.7225521065932481,0.7439528626335354,0.7461800857391796,0.7337756469850388,0.3750986164204074,0.7074093093935149,0.6805305670259,0.6383997576208578,0.45377599280358205,0.3872490047912756,0.7118668238116974,0.7358653865041224,0.668007794947743,0.6742354701721338,0.6453085688411174,0.6753663990282587,0.6055814536744212,0.6719129578206385,0.7076617093042719,0.6210896215134069,0.7267284336817271,0.6096631287231965,0.6084091651798954,0.651332601743165,0.6375916631325704,0.5450926042034842,0.46919550428052254,0.6600366420854262,0.6506363827265178,0.6484547679874466,0.5101088241488521,0.6028199146714273,0.40590237644319993,0.5283224836198637,0.5177194284126355,0.6300957527329869,0.7746615519626987,0.6780534784516837,0.7849543451884696,0.791435843774826,0.7210081159773967,0.7814993424358416,0.4985102008862532,0.621186832050083,0.7790953494387981,0.42480962854084797,0.7928331326984238,0.7655833230019738,0.7857875954575837,0.7725951890561537,0.7753397522534926,0.6982591028974261,0.7239252117056676,0.09860895202727589,0.7304443269876106,0.756135297785794,0.6631327499896589,0.43500352199765974,0.5525507536900826,0.5406388850966721,0.8215715264122857,0.5139006324779004,0.7228172028623032,0.7596981186464693,0.761899852345929,0.7516633334240618,0.767850796210015,0.7452764935171543,0.6696904919445633,0.5631579675351376,0.5210178436032469,0.5462587646679985,0.705677095302688,0.6783170977933195,0.7446081816988404,0.3861118890445797,0.4772329171617606,0.41630166741864166,0.46825766414043624,0.1914937482277968,0.43648467591375023,0.5994256404923934,0.6392843992099483,0.6851531683047856,0.7929319843178901,0.6815348424838827,0.5507671596536946,0.48356483179166626,0.48668072200920803,0.39755870372882063,0.5604699687311248,0.6076615184124337,0.6598791037045598,0.8068881770413852,0.7697343478121821,0.7941792208032599,0.8086974844702751,0.7246482382509344,0.7785014073770462,0.8035861458065177,0.811335334832518,0.7006238184582921,0.7864477861805456,0.7366879386066835,0.7665990099431202,0.7884659425831421,0.6929926152630517,0.7688517034961577
Accuracy_Truthfulness,0.8181889738807171,0.8010887174599108,0.15884928078305255,0.5686587862069553,0.6421189122803103,0.7402534121110119,0.742298340690416,0.7908153617983684,1.0,0.575660116086928,0.6134431130567873,0.6913776095680847,0.650526761869906,0.2119892067356549,0.6706551582194119,0.3760748074819364,0.6700010984733745,0.660695818610453,0.7203405469587322,0.7342167153280037,0.7639772292100044,0.5906119370763818,0.6451101790573627,0.6705049925019165,0.6844322525146572,0.7199716043976517,0.679596007766799,0.6958175077338247,0.623719134059059,0.40942447345995736,0.6234114281558792,0.7317995560893001,0.690353158845612,0.5951288197850826,0.7306973837552547,0.6516629201862906,0.728095713411568,0.6443021508418946,0.6053500589355055,0.6998011013553384,0.2869815867275273,0.7747664021690098,0.6937367359925233,0.7521669872935023,0.6900198319369475,0.21202205083161477,0.5981591677163828,0.7548744016297183,0.7169821798281236,0.7425872737767543,0.6707951792492107,0.4793655100033512,0.5571711343738799,0.5476280597198955,0.6988030045956161,0.6844109249973,0.5060988789228136,0.4449059049022925,0.32324437074412526,0.656943604364169,0.684412142503269,0.6889979457477662,0.6757682573795675,0.37168711885105515,0.6295558254370195,0.5957360770315148,0.5587322667522134,0.39850511224180885,0.3496191075472086,0.6659100257985296,0.6660793796157208,0.59433878982251,0.6106837630780013,0.5855598342919592,0.6330216274807937,0.5494422785165878,0.6001025339581902,0.6436293228086134,0.5461106434746517,0.6497602044921303,0.5387211110818235,0.5385011335197556,0.5828880870704207,0.58892381011321,0.4671438570535999,0.4263662349036366,0.567744971760772,0.5868971239419711,0.5587159692296357,0.43781815560112364,0.5339383571667703,0.3532814880903782,0.4646934216756953,0.4884896895714176,0.5647975065305606,0.7377005717970861,0.6247747451497996,0.7210593033895656,0.7474816179118737,0.665380359438124,0.7148140698678134,0.4628848461595188,0.6002292414970974,0.7356328617959891,0.3628367966838324,0.7243684456234977,0.7160571479502746,0.7205562499271948,0.7133396257325735,0.7038690445330151,0.6374162945397165,0.6702891089841274,0.08745560200363114,0.6864711042585879,0.6976438803620912,0.5945684315954682,0.3978949805573363,0.5007012854880744,0.48718254757124413,0.792249942435128,0.46006855396019347,0.6569816371527938,0.6987960533685319,0.7034208729260543,0.7252672248280952,0.7275114293424815,0.6833897487882004,0.608646542918799,0.5102177920778915,0.47955095790191793,0.47190483717073545,0.6237705644041924,0.6153860857927544,0.681480070430505,0.36227939260285097,0.4170655734297247,0.3824967209447831,0.4283407146419158,0.17409679215219973,0.38966615708951324,0.5474881362961769,0.5605433008695084,0.6488635288865818,0.7819467093172667,0.6419204495133887,0.5272758091584437,0.42946930892107754,0.44849365366293126,0.3872895542931167,0.516218932459866,0.5987471504243481,0.5710942692287179,0.7736718513886197,0.7242076059513266,0.7372121628150795,0.7355533118977055,0.6936889963582512,0.7255035984546506,0.7514403478072362,0.7454418699767328,0.6356594640785989,0.7207210723878961,0.6868313947661575,0.6968005251033734,0.7308544829035858,0.6183311255506803,0.6953534953351851
Adaptivity_Adapt_to_the_learners_level,0.555448780682718,0.5890234427076623,0.23316116644152984,0.546872275385828,0.7057638416262656,0.5099395274206102,0.5419682578657478,0.6227781903639495,0.575660116086928,1.0,0.7440127005761739,0.6479676953184219,0.6070600552920019,0.24074050882099268,0.7318602448223175,0.11786317711398095,0.5276732127089001,0.7223445686361846,0.6455340822034683,0.679785125027132,0.6434597069972893,0.7763243241819354,0.732105677950241,0.6956323650027181,0.7163695728883436,0.6567644288435883,0.6015619659806241,0.6951339802053235,0.659261023468121,0.2989920148473794,0.6479738706114295,0.6822387040078388,0.6494083376185994,0.644242856353462,0.6716542523199606,0.6425666144530257,0.6596487673356111,0.6190377926750432,0.6379335807425323,0.6236478915942102,0.2397919996334355,0.634976666350436,0.6089215326960821,0.6145427262426212,0.5683473990500004,0.36020676147670355,0.6705850746715802,0.6509816064901089,0.6399649067182803,0.49044732004238445,0.5559988086180244,0.4602881161355709,0.580975455668026,0.6070090376342464,0.6032126498456284,0.6168505170945964,0.38463413707663757,0.4422647400597978,0.37423323992189944,0.7560284328476014,0.6596133491428413,0.7059934146927218,0.723563663016249,0.5194463908948764,0.7127106326152912,0.7302172861897648,0.7611597759275488,0.72908116292965,0.6977670077135201,0.6747364310089625,0.6852005963529455,0.6730979657947884,0.6491737484841852,0.6434193301014455,0.6529887590745588,0.644057062453802,0.6663062344110454,0.6252044519691383,0.6319549184275026,0.7233424062301275,0.7309283970547132,0.7230185003661027,0.7655335645601766,0.665904365463006,0.7649540705948757,0.7252387189077768,0.6919240433332997,0.6724162334158148,0.669042960628197,0.36586386043473074,0.46057596192779876,0.5759320489054484,0.6646055256301708,0.7730333654218271,0.7286190284553181,0.6294090167158146,0.6584461504979277,0.6559677104204841,0.6171629352883959,0.6912650362443135,0.6932507554261943,0.7350152395052545,0.6231405865741736,0.7030532416198457,0.5087026608777581,0.7231788971018249,0.6466525771782958,0.6525934401757365,0.66220347424634,0.6576604165627298,0.7337167511158956,0.6561585284888779,0.032960000534529896,0.5563497941063257,0.5968656424925641,0.6715618609387021,0.702300117505532,0.6130499681559515,0.7461036223545922,0.6235652003553499,0.752476850011907,0.6235532498419702,0.730598524402014,0.6625622701617248,0.6327553080145043,0.6525891106385907,0.6767377885514847,0.7281033182415579,0.668463798951404,0.7442234587214908,0.7840854305194331,0.739909221698727,0.6137130551121147,0.7234748880478655,0.61216028637733,0.7440665517142397,0.5894472650823481,0.5316925013962857,0.21405261663846067,0.6023092532578161,0.7996498504216244,0.7750811698363241,0.65082960858398,0.6326512341661741,0.7549452538592121,0.7451668317757763,0.46885423933150966,0.429766967673371,0.4935147559547231,0.5350338829667491,0.550060578813963,0.6431848426176825,0.647740522269795,0.6697723174486824,0.6693737177911121,0.6556437843427827,0.5965847145123768,0.7079802751181365,0.6986632475161454,0.6852982869912042,0.7762084848744096,0.664586420707835,0.6744444765251666,0.6847657835825743,0.638733677621447,0.6677247195159253,0.6800246233773857
Adaptivity_Adaptability,0.5862792454942163,0.6626684373830765,0.1816664743099616,0.563626295335141,0.7612528469898487,0.5334155164244861,0.5237291771114888,0.6975998110298859,0.6134431130567873,0.7440127005761739,1.0,0.7812580606887638,0.7133756877705973,0.21567093779521154,0.7927405352986279,0.34739095340291454,0.66956098331392,0.8003537454763319,0.7644542569087879,0.7692308747313814,0.7410766071622304,0.7349014898676566,0.7683551754259755,0.7800307341352196,0.7943756972015351,0.7539162844547669,0.6950773725209309,0.7926341177768679,0.7637043321398583,0.46801134311270925,0.7869671543634637,0.7677782004063791,0.7222553558468124,0.7587776501649002,0.7628776345917764,0.7463381986837512,0.7335502468953382,0.7006052855203023,0.7557371063565458,0.725097540541221,0.2917099735743144,0.7054224787100798,0.7029067504928909,0.6687773331849248,0.659222878170668,0.23724304266898702,0.6558852058014754,0.7102164419946893,0.6850284501094708,0.5036103682604892,0.6415763104206993,0.565603265217837,0.6144256340689644,0.6104402792641928,0.652966983504397,0.7197073924918467,0.4968927697975099,0.49790110502220186,0.37007930436174913,0.7833075098833482,0.7072885937427041,0.7554235154371443,0.7940803770340599,0.41039293313881836,0.763807361998161,0.7778151164566136,0.7484189681586793,0.5659756396181103,0.5029781204945082,0.7764830140174325,0.7854527392775875,0.6573390405770717,0.7733381364867022,0.722288919963669,0.7402941081125763,0.6918385388260366,0.7724799500178362,0.7390923008521102,0.7223645213040268,0.7959127024999466,0.7367259615386104,0.7154899668746745,0.7677016094337851,0.6933147476477983,0.6657929575363681,0.5935500950101326,0.7672769436930178,0.7608274823042127,0.6992088836462309,0.5595142882502381,0.6300820906103658,0.5280585638563036,0.5606958646773073,0.6282968750370449,0.6989180604422938,0.7450032884196306,0.6253939308449298,0.7503837324518055,0.7421596931062535,0.7906089237348507,0.7840213943677918,0.6230020199277339,0.6219480399436093,0.7712230662734499,0.4924581637346936,0.7961378428316934,0.7365431570095979,0.7582874625350369,0.7598431902198207,0.7649528358615525,0.7849699507963963,0.7424433490316728,0.061641600723634504,0.6385187684366628,0.7392999554062017,0.7281123145561537,0.5652530143491056,0.5878304043736056,0.6193393577054049,0.7175005650787101,0.6264004436993339,0.7200163991107713,0.8037701261032495,0.7533929924202111,0.71891849053007,0.7333378710313094,0.7135122885032461,0.6937982949288871,0.6290140579323047,0.6256773001780543,0.6788222790525354,0.7409098490171573,0.6252172900541333,0.7752401864282825,0.47625210376099747,0.5957365384270416,0.5077961147609498,0.5330992040913868,0.2256811275273653,0.49483237796956114,0.7292050124342521,0.7174439144313557,0.7342861625222519,0.6690262272575226,0.7180437171893473,0.6179859499727758,0.46929420962632684,0.4460638393008589,0.45936755311243416,0.5807516512019468,0.5652844683736413,0.6988775792200982,0.7397850509065496,0.7447692113991922,0.7614027132130192,0.751913312305389,0.6852499440485016,0.7904809798916516,0.7667277112697106,0.7859435716508423,0.7849993816860724,0.739073782699678,0.6828970612735921,0.7528814896073264,0.7232914646456131,0.745600223135389,0.7519442527060313
Adaptivity_Adapts_to_Needs,0.6793293608477384,0.7407626827994512,0.17599794213866213,0.5516825569707053,0.7418921204089378,0.6177501811991505,0.614670265943434,0.7682804383659393,0.6913776095680847,0.6479676953184219,0.7812580606887638,1.0,0.7816176081794413,0.1878875203756867,0.7639880418668114,0.48387476696563186,0.7544460312290188,0.773282437119745,0.8260414601860453,0.825720383171142,0.805192768067608,0.6871816095487301,0.7355220673565165,0.8010531912270422,0.7985497176184749,0.7919219238264043,0.781174392363303,0.82760779913767,0.7472588499825729,0.4802422987798291,0.767851003758752,0.8150401790415668,0.7572209712610842,0.7454719715912228,0.7969159854532913,0.7673230461632834,0.792167902085407,0.7506640535569009,0.756563854560536,0.7746966602206107,0.32157574253418425,0.7849300800664316,0.7893055188822639,0.7668718819384608,0.7490094063265533,0.20825688330105147,0.6785584400045198,0.775108032615711,0.7563290067520602,0.6055260876853364,0.7281820625564468,0.593685264645371,0.6377632118291774,0.6185833356467861,0.7437131073111639,0.7730134317625176,0.5588397876737824,0.5411532849559482,0.3440361147894396,0.7551910315712244,0.7554043039414854,0.7783944957255176,0.7870801128248464,0.35914273836054245,0.7156355951715575,0.7734168192974544,0.6892803462012446,0.4713868844535194,0.3911157159865601,0.7730185134695003,0.7864036982307445,0.6810746121173448,0.7715629962785899,0.723403795257151,0.7507057509071826,0.6415532040170353,0.7648388956483521,0.7911968442010148,0.6864808925995647,0.7736516293795018,0.7054199362715469,0.6811408242212499,0.6970124223608261,0.6472514255426459,0.5652081875828235,0.503665856413484,0.7389469413269021,0.7461717381922378,0.6776057313045363,0.5453952958768342,0.6374506299116904,0.42034229016066177,0.5266561116420219,0.5446836426966517,0.6453762009354295,0.7943277850676826,0.6606072437398889,0.7897317756756084,0.808398480490075,0.7872542729586472,0.8109495743587015,0.5155671156456726,0.6279074505699762,0.8103509924246751,0.4240827527965592,0.8195952506091051,0.8145629907907278,0.8035852873186357,0.8046504621585201,0.8162908476930754,0.7775366135479361,0.7904025980091363,0.10589107493646176,0.7146104840640679,0.783934880388545,0.692884428429404,0.4551176728955008,0.5661042278722379,0.5395129741953464,0.7873251058841265,0.5274653361508099,0.7159033580153071,0.7953703629831984,0.8157826007766266,0.7625036050517984,0.8083546515860758,0.7439051431500385,0.6751002992768795,0.550329810412494,0.5502793376107066,0.5714235850361443,0.7349764626552093,0.6279169492174637,0.7747407563813993,0.37172616144913756,0.4908113213864169,0.41586981179395527,0.4964041561842864,0.18555659402869348,0.4299228429173454,0.6429630466452088,0.6438863099915628,0.7135604640198515,0.7404810975248697,0.6907964546257075,0.5711646213368952,0.42487149164502713,0.4282915382025308,0.41991538087263647,0.5418284395830087,0.5410337208160559,0.7106317863360957,0.8196932155603714,0.8042896778053726,0.819891107744122,0.8018240216751756,0.7592520241484834,0.823452678187745,0.8170432664179669,0.8310985872929897,0.7404111131896081,0.7918957037635255,0.6852414292498462,0.8137744326271523,0.7810005792846658,0.7458091983321617,0.7803244023765651
Adaptivity_Appropriate_Response_Length,0.6301529742499105,0.694450260743526,0.1331061318705881,0.5406006670281105,0.6885564525303849,0.605654115920277,0.5852112264781294,0.7162829735575704,0.650526761869906,0.6070600552920019,0.7133756877705973,0.7816176081794413,1.0,0.19293243205462815,0.7054325046431088,0.47186830497107873,0.7288439597789906,0.7046787706259076,0.7578967016673408,0.7656581613929376,0.7840222234333905,0.6230769202082787,0.6815184536766392,0.7632769340859504,0.7300200512355759,0.7270399826521022,0.7677913978237723,0.7491692460519238,0.7521450470481089,0.458980718279644,0.7116941576153522,0.7899504619671393,0.7421575275780748,0.6987986459692054,0.7552489468919853,0.781614639406755,0.7764410387914884,0.7464218409476754,0.7333051769606528,0.7645156726587399,0.30444564331014157,0.7531378837298456,0.7639352168476435,0.7460868228139279,0.7117466833200443,0.19361205024000336,0.6300660548718893,0.7495070164216451,0.7259238446061782,0.5855322416122226,0.6983437850983992,0.607224257242851,0.6264892303810783,0.5931011880325098,0.7196203740107241,0.734463927107676,0.5671250405238415,0.5243271072835431,0.32616248020566474,0.6877201162452236,0.7116373899853924,0.7325010166705164,0.7273444627288208,0.35314121095829154,0.6686810649255089,0.7301310837943997,0.6774655382127172,0.4761922794799826,0.3816511130850876,0.7414811915668001,0.7588035993954997,0.647511591912152,0.753288266171462,0.7325601122510778,0.7573810988565575,0.6102135782792387,0.7291476955447797,0.7505979070937895,0.6495049418668815,0.7420085152000307,0.6836774466910069,0.6919645966187711,0.6451351547337784,0.6105487025492798,0.5611281534431358,0.5027153946122305,0.6972757255150176,0.7249249470529749,0.6552883741287946,0.5089805163453218,0.5932449025645059,0.38072989095072035,0.48299288833051807,0.521438311773456,0.6129448097283692,0.7674910493254655,0.5945937230333169,0.7386887962226631,0.7618071827553464,0.7658421970610103,0.7683612480559961,0.4945358931188071,0.6103923502373636,0.7736270402310604,0.41395020563764884,0.7663534167038392,0.7766633792727384,0.7564899041278678,0.7811565806079372,0.7796505124931469,0.7504660201078639,0.8020679403627877,0.05706392947142675,0.6929408649345292,0.7342957440938496,0.6332216980140597,0.4520017299390802,0.5306167613611835,0.5293811826950097,0.7436470489794615,0.4841362628026652,0.6684061876799041,0.7294819685440219,0.7759029441887532,0.7616324048078336,0.8059390788537425,0.6665342382807173,0.6218434767963736,0.523672077825018,0.5073316094329605,0.5470030594095715,0.6851007312264343,0.6137301444899771,0.7127051163274554,0.36637570011714804,0.48615258679689916,0.3808973211015373,0.47950180921686314,0.1454975954004562,0.3969155587129113,0.6016622349369237,0.5928941661660151,0.6996429495575957,0.7102670443296465,0.6423672045253641,0.5502650050325426,0.41995968287798113,0.4144078820423552,0.3698017689590071,0.5191582785092376,0.5250309974952623,0.643140350151309,0.7745496018371827,0.788913279218326,0.7684299601121598,0.7379480433353849,0.7546881626187831,0.7648165242807781,0.7727278034791804,0.7912311059317486,0.6880647412914521,0.7627344006903006,0.6438138175755436,0.7617341929225162,0.759626937987388,0.6907728130701777,0.7277729167883981
Adaptivity_Background_Based_Material_Recommendation,0.20630166079835074,0.19327443109915182,0.06378769145743009,0.20013116999213756,0.22506524103033249,0.17687862931072207,0.20978704032838866,0.21443569883115296,0.2119892067356549,0.24074050882099268,0.21567093779521154,0.1878875203756867,0.19293243205462815,1.0,0.21439287285489309,0.011932132482656906,0.1677401618080289,0.22949468432648243,0.18256412011948583,0.20079551497430428,0.1653789602334381,0.23896663367194165,0.24579653564671497,0.1895765314434469,0.2268486796618262,0.1905163194862147,0.1484035426230457,0.2007281344328424,0.25413299266277595,0.08673236751355859,0.21017697961214746,0.22798610742572467,0.20521389160975148,0.22427113185719555,0.20025277594034743,0.19402901213049314,0.18865549586442576,0.18604044049481255,0.2239535887699132,0.17481446387122795,0.03369647305284724,0.21854507528440614,0.13728376308329737,0.15915826690899346,0.1355341453837307,0.22305709434301496,0.21248074835415198,0.20522931338389114,0.19299223201672033,0.1728892279966006,0.14359242719115548,0.08020754841644406,0.22523556024229097,0.21421057702060428,0.14173316074945622,0.15407194574984065,0.04874872006914656,0.03683752177345088,0.24191502441590257,0.24224752401788055,0.16983333497236217,0.17430908498580158,0.2282646427248058,0.25934693687914634,0.21335560394765907,0.22994581168284245,0.23894005416897837,0.20931429554497388,0.22202613240902402,0.20362833872019037,0.19610072286329777,0.2089711292921367,0.19937149746471405,0.21284004458659622,0.20457599074319696,0.20371763406067428,0.2218971428388344,0.2069375711422705,0.26352733924338745,0.24155583568026043,0.23235240461230047,0.2224316756426697,0.22745538856701292,0.24462611083225097,0.27787169473256323,0.2315789166841504,0.23384226374517939,0.2289341322643511,0.23329624591104656,0.12163022268725338,0.1483272213950059,0.3019558777180234,0.269941232818483,0.20813179947504637,0.19452191557626577,0.2173607322200356,0.20283910330337684,0.21059526738858006,0.16915256734940534,0.1952245097623829,0.2204226079377884,0.22752813201931535,0.18439024362100956,0.1817620916002442,0.4289520430003578,0.22002837353297977,0.17800109699238087,0.20459873217604516,0.197143885408947,0.20816633048081132,0.2262077946353549,0.19043995932849878,0.044861281730436804,0.1005567827838654,0.17206030898285563,0.16239419958557588,0.22340143944565452,0.16386155627245827,0.21452280800037576,0.2074537624775329,0.27024026751455305,0.20520903796052908,0.1776254037783815,0.1764951421334781,0.23096299684032745,0.2191912398493895,0.20634193466699455,0.19494960820903517,0.21056597226237073,0.21428483736920353,0.24717106640541903,0.22894111181000276,0.1961903470562627,0.23682475338307826,0.33722088507233744,0.23910609711424152,0.29105936775237684,0.2933282572507909,0.3527283424957392,0.3473839791833007,0.2412406242214684,0.22881542985284992,0.21755325601653486,0.18268128835505845,0.15029147801795179,0.1349556089417019,0.17851022177894202,0.1497142632744931,0.1084607243377977,0.17425816285264722,0.2550526467100757,0.25345450323969465,0.2103344749165827,0.1944474283297835,0.20799617955538577,0.21462047044599983,0.13509049960529196,0.21124310004869565,0.2059421389366703,0.21510204723394438,0.23766079497673306,0.19282355501659532,0.23002916033905296,0.2189949154717629,0.20112060370945628,0.20644047073258534,0.194419728258195
Adaptivity_Continuous_assessment,0.6331700693684436,0.7024569365951624,0.19513007502294924,0.5722063081230647,0.7456533756556397,0.5703723298862096,0.5811667230617622,0.7357854036743338,0.6706551582194119,0.7318602448223175,0.7927405352986279,0.7639880418668114,0.7054325046431088,0.21439287285489309,1.0,0.3004883800641199,0.6880873731545932,0.7887029006228975,0.7497036272428038,0.7793269538125704,0.7420313053044457,0.7485494828354844,0.7691993231297396,0.7841915432635358,0.797876120055062,0.7385709555877266,0.7317794137703993,0.7874016954819408,0.7272360737935659,0.4074038468385611,0.7535609109931576,0.7694879915202656,0.7292074318383367,0.7292451146348446,0.7656661746719364,0.7396364999056223,0.7548536534699096,0.7158665381576366,0.7197980209236899,0.7151205677372009,0.28241199156201574,0.733463217595859,0.6990221988188712,0.7045041133883938,0.6942227673468688,0.29860954251168265,0.6852760544327053,0.7406583440363462,0.7190829374018385,0.541362369182008,0.6343516576230008,0.5490654703235972,0.623258426556883,0.619740100681055,0.6855707445228806,0.7004416426350133,0.5115013179048824,0.4966007161572636,0.38558034162172133,0.7875544700064948,0.7508055264292351,0.7837671606092482,0.7853295500603761,0.47037466679606205,0.7648072483559697,0.7848927479449445,0.7762653438457439,0.6214397931183432,0.5612997121626091,0.7730761113644042,0.7761498422964176,0.7090741587574683,0.7408771921204319,0.713694197294055,0.7138215317799783,0.6738563166945718,0.7574451843796829,0.7246933462046283,0.6969285736280569,0.7884901038383832,0.7704520102218624,0.731713992919592,0.7858891103096505,0.7079954531020043,0.6827579349733124,0.646159957802829,0.7483077896805063,0.7542749874843895,0.711143690916479,0.48732502582960796,0.5685136027180502,0.5090253801064513,0.6055943167456088,0.6746662029206988,0.7517075830886468,0.7554666695841857,0.6824269825711525,0.7635795446590566,0.7423502264460853,0.7987846553786305,0.7893905070233167,0.6585161764454699,0.657012541345581,0.8052537160344195,0.4889865252233494,0.7959460646456887,0.7561415998333385,0.7451248825023331,0.772088769599582,0.7599381272749045,0.8080845124508471,0.7656321498582483,0.08961529520891222,0.6296365502851845,0.7303705568173425,0.7240607831957145,0.5985705582570429,0.6043436832658269,0.6795206824607564,0.7390736058142154,0.6398720496192993,0.7251468159655102,0.8055868537903219,0.7740121644020138,0.7084708174537794,0.7524057871057661,0.7211129200814931,0.7330038287555133,0.6481160375925082,0.6747737819125771,0.6960455353560537,0.7648123411207811,0.6747593816114102,0.79113596649336,0.5120958193891836,0.6317224783332689,0.5281181085370104,0.5367248278332601,0.22277528495309035,0.536408182438279,0.7480855278314135,0.7419514469669544,0.7345467897179315,0.7098753207274724,0.7664271812768819,0.6976065184342946,0.5118288522379252,0.4791690970282898,0.4968724905083768,0.5811080967760072,0.5729273933476478,0.6980641535078473,0.7552444557094121,0.7474757576376508,0.76738483636141,0.7560825153528338,0.7160941820803806,0.8008106575925998,0.7770926920342747,0.7843497571779469,0.8012593627237072,0.7642545536461589,0.7048590713033943,0.7648055314680197,0.7523486221686405,0.7403506999500248,0.763920242758057
Adaptivity_Guides_Appropriately,0.39192126390238163,0.4251989618516387,-0.015521858993783253,0.25035780170587135,0.3376474701620057,0.38014269399007716,0.32735785662907335,0.4344955056391066,0.3760748074819364,0.11786317711398095,0.34739095340291454,0.48387476696563186,0.47186830497107873,0.011932132482656906,0.3004883800641199,1.0,0.5521323435534893,0.3612260811505023,0.48785925080623066,0.4621251905334331,0.4844407706765859,0.1519474901865184,0.28128243006212555,0.41661724770875375,0.37304648931398954,0.4352571002395304,0.48515445849242617,0.4276011542417233,0.3859567074078794,0.37686063693779787,0.4036594761238118,0.4426249946925388,0.39879687772289024,0.38591798006149575,0.4212672684075347,0.41783799093079294,0.43189394034548667,0.4288983045007715,0.41865317606467034,0.45843839750604676,0.2876155318387198,0.4395410323390934,0.5248801625156981,0.4512827124253679,0.4578498365977271,-0.10111296949542486,0.30198838800596556,0.43297307163859877,0.42159205501004854,0.346009034653204,0.5021885022469577,0.42679428144360193,0.35208850865534047,0.3148397110834891,0.46653148511667314,0.4515506684395081,0.42977251852269954,0.3844243714749041,0.10142982617815623,0.2775219673066922,0.367667203258598,0.3912566391495289,0.3738800066545995,-0.016751501804196402,0.2924021666443835,0.29757929567704083,0.16290302874185877,-0.18482486187673605,-0.2693690266890394,0.37660357860928706,0.43228565598416446,0.27610828566823015,0.4133738217347917,0.3645037493501288,0.4325907577664852,0.2493842878282094,0.4081370892537417,0.4721862976264742,0.32641188669298826,0.32921874691351755,0.20915539417750006,0.16851700635799832,0.20711173915231296,0.23439978352878435,-0.00647039041203983,-0.1263108506422634,0.3152871019280188,0.3356253946135329,0.3001547475520556,0.4323552311550782,0.45877953123012516,0.024814219574119625,0.04534748954693602,-0.05643679102971915,0.13778499064047584,0.4875707317932086,0.2685367310683969,0.4152859749931396,0.49810639834736226,0.3903282588247776,0.4461503057261615,-0.06927503576464163,0.24252128254223818,0.4112953630348899,0.10333741539508014,0.4180036543410897,0.4598942462454769,0.468137124908197,0.4738798570038984,0.4652033682961722,0.3254956258858226,0.4331267892268135,0.12552117423507084,0.4861274888560653,0.5061700891656256,0.278528176472339,-0.11097334344838948,0.19876382785927058,0.009749275668736256,0.47994883987790166,-0.09995734280989695,0.4130551658172918,0.3945607822122333,0.4343987071292082,0.446916694859236,0.45914914841037424,0.3484790821876727,0.24815044883190288,0.1500959507658609,-0.025332730806218336,-0.020663467063811718,0.25338453653399307,0.28361209544050603,0.33221254240683157,-0.13529930992990047,-0.16224161493922254,-0.06562389247981466,0.1280648210325612,-0.012132334869644509,-0.0028970156590218798,0.03826736217478767,0.1142609578217176,0.34477156940744913,0.3970155158692882,0.1915777531133329,0.022852779067337056,0.11189815182813034,0.17996252392766113,0.036455666609621136,0.26094498552920414,0.26094916955977177,0.3143416147591402,0.4833403035383627,0.457247803210886,0.46685601158194373,0.44172190951934603,0.48765075660384344,0.42038173510372284,0.4524434528562662,0.45833611970017374,0.21416090842207627,0.4426121333548228,0.3172603649961801,0.44452920828326337,0.44055889317413455,0.3586908170904805,0.38407642205790554
Adaptivity_Guides_Appropriately_does_not_withhold,0.668301597841309,0.7112592701718627,0.11483673224320615,0.5446645292937788,0.665688274285808,0.6256521510849493,0.5920164647045453,0.7300414000220772,0.6700010984733745,0.5276732127089001,0.66956098331392,0.7544460312290188,0.7288439597789906,0.1677401618080289,0.6880873731545932,0.5521323435534893,1.0,0.6938557427714653,0.7639366449515861,0.7773812583101459,0.7841144655352716,0.548028879512645,0.6332423526787632,0.7218515766731107,0.7291660539487684,0.7533206460856549,0.7017431948706806,0.7555320535700931,0.6856094059584654,0.4797003984181278,0.6961703533748563,0.7279259367392874,0.6939445037548295,0.6651538489740731,0.7389521622694706,0.6818188507207026,0.7171453138689641,0.6847985849318747,0.6805563467341236,0.7461302754538902,0.28949567090428374,0.7487028552996307,0.7650727187386439,0.7374351301461239,0.6625465125864911,0.1331326524997432,0.5977596559773402,0.7385266721873102,0.7156003867621052,0.6201426313986393,0.7097401415109768,0.5672347669247821,0.5972805544374541,0.5560013563949419,0.6794720376023672,0.6980013877479011,0.5365515090841485,0.4706073519462573,0.3061463099188594,0.6513737297353283,0.7000054579191245,0.695203354868635,0.6978239756364778,0.25874330311921306,0.6414652221001,0.6535400182026659,0.5802937606247576,0.3267317337532309,0.2511519784036795,0.7136588126093651,0.7293229636174086,0.6040766129105892,0.701438611095366,0.6416708078658194,0.6761698322504818,0.5825555422013328,0.6833439440226704,0.7112519649843998,0.5961082019866983,0.6871355177239058,0.58726931587875,0.5597479535293474,0.5879168799783645,0.5970375860602263,0.4504732248532082,0.3516272863491447,0.6552729397342227,0.6554287984207283,0.608051621887601,0.5815445902189839,0.6424848116605912,0.3548209672717949,0.4380968152914804,0.4036986998651816,0.5479992874355153,0.7747575699645496,0.571201660736451,0.7424613872986154,0.7557308483907026,0.6881346199635986,0.7516091088861825,0.37838297108174507,0.5804031900371949,0.7359173476408394,0.38178506207220253,0.7533971944481997,0.745087794185465,0.7813249578366035,0.7551580484106865,0.7557839329135261,0.6673945247131645,0.7186252777674841,0.13413065816161884,0.6974348929353179,0.7496047682697051,0.6051791516726015,0.33528658072779993,0.4954086248990035,0.437082337116342,0.7653086794838693,0.3769931512188738,0.6708747693557884,0.7238634342930205,0.7283361994834603,0.7083270508228618,0.7392875805281217,0.6672695884673738,0.6022526698060865,0.4720472285129227,0.4254962666959875,0.44073925266685343,0.6281992707272286,0.6058477706154124,0.6992702218177204,0.24681469559633817,0.34627810165604284,0.30211597709513904,0.4273134791403725,0.1343049473316981,0.34630349417062395,0.5033115638056165,0.5544355882079415,0.6768434274538995,0.7029087735989438,0.57634171028818,0.4311932511348692,0.37998899495338256,0.38777656466148336,0.344540652295188,0.5075998793926659,0.520263221952981,0.6123920896663338,0.7776902046364523,0.743707676299585,0.7786807447406753,0.7724272869003359,0.703319215905993,0.7361282404205156,0.7713584177361744,0.7772680929046952,0.6267024804358966,0.7297702957729502,0.6617556311531918,0.7293385653855498,0.7448650150636094,0.6491769015358028,0.6929075590964243
Adaptivity_Instructional_Adaptation_Effectiveness,0.6278688185051527,0.6840903354514299,0.20883181062249173,0.5894941218342983,0.7533950801730002,0.562390550447371,0.5722688916428695,0.7189257211682276,0.660695818610453,0.7223445686361846,0.8003537454763319,0.773282437119745,0.7046787706259076,0.22949468432648243,0.7887029006228975,0.3612260811505023,0.6938557427714653,1.0,0.7721082745922478,0.7948093770762088,0.7552832832996579,0.7471279253871279,0.7873335955888743,0.765810462396373,0.8040192102582713,0.7617038826123127,0.6953472710714727,0.7931481761812499,0.737383532688045,0.4795308376474599,0.768669447694626,0.7680618476777119,0.7332097768692014,0.7388154058046242,0.761400070957696,0.7225341697229848,0.7571892972180627,0.7056968804308242,0.7331559078814854,0.7223072025849289,0.2755371549288859,0.7130068080735591,0.7368496440510022,0.7095845571373353,0.6779814460817175,0.23995103950375668,0.6581175347163672,0.727041524600488,0.7094559482484953,0.5287089390365991,0.6703924717746896,0.5562147879890358,0.6231118238810562,0.6422669570240147,0.6781719838100687,0.7130153773295317,0.5199759746572035,0.4985148089374823,0.386342869834492,0.7909408011520344,0.7280873718168367,0.7534204020408112,0.8112421634091364,0.40569554575421113,0.7421462474834114,0.7744274950194856,0.7340295747083884,0.540643625151039,0.4754997673033215,0.7772409505115925,0.7856787512428296,0.6916144573383188,0.7450027582353533,0.7062487105958224,0.7302132641946576,0.682484471420735,0.7507147063166042,0.7383457108495347,0.7116339035492021,0.7792939095136646,0.711215203137541,0.6833613392814829,0.7366019948836104,0.7069266897483604,0.6336613332659644,0.5714529796467817,0.7461950350307215,0.7456037088461884,0.7064521838432379,0.5618231675338899,0.6281437448593825,0.49993747699971286,0.5896232848811435,0.6132346588378361,0.6916779385634141,0.7656892186427309,0.6509775838691686,0.7650054368962148,0.7532740651873902,0.7505381745965914,0.7889403800953249,0.5933983377353768,0.6109598867551169,0.7790041316946976,0.4943750297656998,0.8147549481403276,0.7593412138461362,0.7808231900055785,0.7736294764700018,0.773695018768656,0.754679239688129,0.7378231473295941,0.09611715691314716,0.6696103493002622,0.7626182071386054,0.734476941640268,0.5338915700732798,0.5910819329260947,0.6220538417550742,0.7456541798711148,0.6250977528306941,0.700535795749436,0.785127850259034,0.758456172182763,0.7159955649801459,0.7491282552417393,0.7344713238686117,0.7139730596152547,0.6237764041394602,0.6254325546396742,0.6543139654012273,0.7343152158703836,0.6576685555993458,0.7799995873319526,0.4468056784779123,0.5645120836567558,0.476273651272534,0.5357283608897073,0.180047066664889,0.46258155612072865,0.6919111573026963,0.7260904877250921,0.7404069801884127,0.6912266499563647,0.7158605160750844,0.6245875480382207,0.49607207816793,0.4637536131198422,0.506310101760167,0.6009177393146279,0.5867045285586722,0.7012165815669698,0.7595421638935925,0.7547133935463812,0.7734874343333986,0.7813032810898666,0.7069731867393106,0.7785070754289749,0.7914861966018945,0.7878728959918974,0.7698412770000307,0.7515570573158644,0.7241655496180027,0.7608248608878961,0.7437191179144429,0.7616325958043217,0.7575294771262959
Adaptivity_Leveled_Concept_Explanation,0.7051751440136054,0.7578896657066475,0.1435453257123989,0.5723254185534912,0.7323778742634705,0.6335882921923778,0.6333194578480806,0.7824871789808501,0.7203405469587322,0.6455340822034683,0.7644542569087879,0.8260414601860453,0.7578967016673408,0.18256412011948583,0.7497036272428038,0.48785925080623066,0.7639366449515861,0.7721082745922478,1.0,0.8394111247946359,0.8297690222056471,0.6793920195938052,0.721196539049109,0.7954257053137523,0.7979956021918616,0.7935553866382088,0.7792737499163935,0.8329466445316923,0.7460331557822237,0.5782264968061139,0.7660706020003738,0.8124186841785507,0.7397775602777662,0.7489458436885794,0.8042567999436142,0.7456091836157077,0.7819956244284821,0.7098738572815747,0.7475826746525992,0.7797324478375696,0.3083870575680822,0.7809561074386239,0.7833632147578161,0.7780167095920469,0.7244816312466004,0.15828664185326038,0.6657780796296575,0.7673046046142679,0.7313980942618058,0.6264836752294157,0.7119423027825109,0.5628302997928015,0.6193775944579243,0.6093319362326206,0.7408025563943799,0.7684571722884552,0.5534113781644026,0.5019523678306145,0.34190057176527583,0.7361777181708085,0.7408136628480086,0.768710765061267,0.7974593590093395,0.3166396454261025,0.7174991302214105,0.7538966743168647,0.6757431743158054,0.44840363668026484,0.35690327544409506,0.7787598330343111,0.8079571591867137,0.6724894450344338,0.7539060584143196,0.7112710121769574,0.7358037527707053,0.6640196579850344,0.781801281937329,0.7882816525134098,0.6723726240788594,0.7666305068263417,0.6607904804343959,0.655053518337765,0.6869314749994571,0.6529629678184861,0.5543057265995615,0.46649314070422165,0.742140761777671,0.7498521174868742,0.654605157543832,0.6588635264962225,0.7435797632782458,0.4317163145272751,0.5008019765008541,0.5258240741487341,0.6347816663199802,0.8249906013302147,0.6488309432865829,0.8115627931173018,0.8538017300976205,0.7609561585554099,0.8185964556031926,0.5022637760105225,0.6064353143165189,0.8112484365420191,0.4440936492342706,0.8173804326643691,0.8260031217601695,0.8477292200620611,0.8199293250773109,0.8256114041524896,0.7506096798418194,0.8103382713436383,0.1573836114389787,0.7169527493227158,0.8266190518062644,0.7136826556270659,0.4270946415117648,0.54833399546857,0.5386216131947162,0.8242914612164385,0.5059249925565759,0.7427410437556817,0.7923713681315525,0.8026301460678957,0.7774227273212593,0.8159081324772677,0.7155672927851748,0.6858094755576365,0.5521749917147625,0.5244579583050555,0.5435618794627403,0.724642917478894,0.6338362568673088,0.7625166645209628,0.36242161966505854,0.4659155208126187,0.4047241124413083,0.47919703221003546,0.1820887801973351,0.4113178575547404,0.6123758699831502,0.6337779372794351,0.7380421544955058,0.7556526363739529,0.6871260839170779,0.5404763015938259,0.43168530585513554,0.44174522313701553,0.40318939997471137,0.5381119002560566,0.5607514282672945,0.7027894076124542,0.8311527888912644,0.8011953512020777,0.8138807465636342,0.8165061163665122,0.7500722324823362,0.8267113599805751,0.8244479382652262,0.8226501919100103,0.7282903430407813,0.8223492362590392,0.7169701562807719,0.7634303515186023,0.7792445143895749,0.7429489772978993,0.7880419670008533
Adaptivity_Leveling,0.7258415228109899,0.7730795661923234,0.17968520350879297,0.6071355552152543,0.7560569281198865,0.6602209660275464,0.6700334490017571,0.796636557540087,0.7342167153280037,0.679785125027132,0.7692308747313814,0.825720383171142,0.7656581613929376,0.20079551497430428,0.7793269538125704,0.4621251905334331,0.7773812583101459,0.7948093770762088,0.8394111247946359,1.0,0.8429202119658679,0.6944158595295071,0.7488128514321948,0.8110513652328939,0.8172101771541046,0.8058129046529655,0.7494514135572127,0.8349634578844379,0.7607635727122878,0.4861987249180043,0.7627347690229079,0.8288768928150061,0.7592076251969743,0.7373205561874943,0.8296831564573656,0.7451013682582737,0.8049865869824538,0.7265482765298378,0.7445008217189494,0.7815399315098651,0.28148632629001646,0.807565990427542,0.7935228189788315,0.7844474229721033,0.7157959665730081,0.21673631684680916,0.6977022751489215,0.790700988525617,0.7593694527950912,0.6486360793201134,0.7360869991809813,0.5636395259672156,0.6586620060574611,0.6409834092263995,0.7407499417155042,0.7622927611917071,0.5442196948403588,0.5073714736183933,0.3403190920451571,0.7644723824572953,0.7552183589865599,0.7861354345433393,0.8070663995475386,0.3628101252828966,0.7271088326126627,0.754253335852229,0.6971364414620759,0.4823911947742534,0.4051887246997793,0.7924614506933253,0.8007608718743477,0.6623589699278399,0.753081881644531,0.7203950939388698,0.7378919385195785,0.6782461059772139,0.7498943962326202,0.7617875096968026,0.6734915726658302,0.781629737806769,0.664844421466873,0.6689239681206163,0.7121420546642774,0.660752756916235,0.592536139684657,0.5033620908077578,0.7347850682995531,0.7376532968707025,0.67494192481866,0.5585945024754749,0.6472185956971841,0.43868145228823086,0.5330165145229633,0.5615048861295787,0.6622018222345297,0.8476763516668724,0.6668483218144047,0.8221742801532554,0.8403461199664083,0.7715099947808454,0.8275280571102303,0.534617339322984,0.6482916819330802,0.8321276797545153,0.4434445113472163,0.8447047456799455,0.8374049279097682,0.8516568766833739,0.8280055171194912,0.8275867448844533,0.757690698144347,0.7893785173137986,0.08886030729960588,0.7414491169677478,0.8100703044389606,0.7007325718610198,0.462278189021921,0.5652062328104611,0.5644021163734662,0.8259215542565279,0.5516942740045688,0.7523029280037696,0.816654180135835,0.804834276712484,0.7965055781958275,0.8247522935058897,0.7642969584766767,0.7143349058634076,0.575676910513988,0.5704849610223663,0.5875854770909877,0.7294783026675304,0.6623789082462787,0.767093637303296,0.40634634158555105,0.49949644853744124,0.430546414326581,0.5136286580371008,0.2018355914881335,0.44534828520461767,0.6371201264799762,0.6739809517524321,0.7377061834998782,0.7782678863173429,0.7085741655980644,0.5681400369855852,0.4506726652500522,0.4395688300571085,0.4346674913167174,0.5694615959037822,0.5934237678290383,0.6941929189111037,0.830789317559368,0.8072036760723708,0.8385041513506435,0.8166502569894565,0.7420377355000028,0.8185437254519715,0.8477096615271916,0.840709499671253,0.7538407448207204,0.8083668528227812,0.7356923246602578,0.8019193220560987,0.8176480345688301,0.721289561272748,0.7879020539644346
Adaptivity_Leveling_the_tutors_explanations,0.7332578058920695,0.7848112866251045,0.15654686149051006,0.5786672500729673,0.7202940370227198,0.7041479499533715,0.6791423404033436,0.7998031395919987,0.7639772292100044,0.6434597069972893,0.7410766071622304,0.805192768067608,0.7840222234333905,0.1653789602334381,0.7420313053044457,0.4844407706765859,0.7841144655352716,0.7552832832996579,0.8297690222056471,0.8429202119658679,1.0,0.6466143433522192,0.7078459284464627,0.7725586307843372,0.7742346803343683,0.7937469541197202,0.7553431092784286,0.8097918649295649,0.7183588688380972,0.4855556980413529,0.7356442522347061,0.8081582421542526,0.7454470511218113,0.7005634867365806,0.8037062175807241,0.7500916540436786,0.7912383411453559,0.7343716199459425,0.7170255181436376,0.7924072651860041,0.30643345628512236,0.8201528744423692,0.809160351636428,0.8052548955425748,0.7313597558382416,0.2171166365378168,0.659445552872535,0.8000652345130774,0.7538092571782222,0.6889653214134025,0.7687088054296826,0.5649578597316001,0.6315036642543979,0.5956214249969293,0.7492824580387488,0.7592673112389984,0.5500247628644159,0.5119426935102852,0.31436581062732977,0.7297366456603042,0.7427657006752394,0.7747728802842042,0.7776083756720809,0.34049150865924876,0.6962381048398658,0.7170795875545101,0.6561380163117037,0.446178194560558,0.3694424228858022,0.7497059506385911,0.7861681468312226,0.6496660027790144,0.7441477214029619,0.6991514214654205,0.7318427140632607,0.628308276837513,0.7281740190590943,0.7537596437169293,0.6348800797446561,0.7501769020124389,0.6398584323392402,0.6281097322899428,0.6702354763782038,0.6312842034270333,0.5275242850753026,0.45920156590337396,0.691630948711831,0.6977642103971837,0.6532621957840334,0.5407076673947504,0.6450385893742843,0.3820716965305462,0.5004690284583551,0.5228439796611893,0.6122276273370688,0.8244164010266471,0.6420904528105023,0.7905897718794946,0.8443832640084734,0.759135471540332,0.808968727991298,0.49590952873440863,0.6160212422732804,0.8115174724698664,0.4015544194561666,0.8230702180672695,0.8146525097723472,0.845533924351891,0.8127321391961985,0.8165440949628023,0.7284524478458736,0.778292775900439,0.10892743484502289,0.7658464583364237,0.7776367120216956,0.6730069475517053,0.4236300652448665,0.530674957581,0.5338955436199064,0.8212166336864014,0.49476873776735253,0.7461821945278123,0.7878926181066275,0.7994198246119273,0.8000935055460571,0.8092840710618042,0.7236855707495494,0.6763289472625214,0.5338794576132616,0.5364176393024163,0.5373155166904774,0.6855419393371184,0.6450781650413231,0.7570510028314076,0.3670238632342713,0.4574016121965113,0.389536753841297,0.46987065120010735,0.17193241855294528,0.4145665528492643,0.5988802064265473,0.617589509005027,0.7233890631908122,0.7805648029611696,0.6910654880076513,0.5522006003447156,0.42537807842114383,0.43796070575250307,0.39228535888155713,0.5397804456144069,0.5747232092542133,0.6656353197021413,0.8438558515899017,0.8250328608027995,0.8300677539410051,0.8052070851217339,0.7609702077010944,0.8125222983419284,0.8392105267598322,0.8193193648252944,0.7177772197539626,0.80556388521445,0.715940252653225,0.7807444822462524,0.8142700795243432,0.7089438207660036,0.769330258694376
Adaptivity_Pedagogical_Principle_Criteria_Challenge,0.585204488182004,0.6299689601889761,0.21830704036384935,0.5614740273563604,0.7460275472978083,0.5114819134273612,0.5125154234185136,0.653295079574495,0.5906119370763818,0.7763243241819354,0.7349014898676566,0.6871816095487301,0.6230769202082787,0.23896663367194165,0.7485494828354844,0.1519474901865184,0.548028879512645,0.7471279253871279,0.6793920195938052,0.6944158595295071,0.6466143433522192,1.0,0.761006836974552,0.7051368689446778,0.744304788449594,0.6589367671054095,0.6160079871988866,0.7074499352690334,0.64868099115643,0.3429479636991943,0.6677829184558352,0.6947472318473427,0.6460660831006594,0.662219770670008,0.6872962832605415,0.6370645896562471,0.6520102045827768,0.6260539789468615,0.6356007130111299,0.6372538834317784,0.21921915746999326,0.6500012753591223,0.6208535507483941,0.627755392794613,0.6016168946260761,0.3472966474363337,0.6383872040874796,0.6505908819343288,0.6410946759121918,0.4824714141609139,0.5384973710368559,0.4648220153206482,0.5876885801340087,0.5991374090273023,0.6004399975792595,0.6572503655226314,0.4152604906952292,0.4330121836618049,0.40722520530661793,0.7718535647957362,0.6804416808795604,0.7047155806533267,0.7242424346346804,0.49353922285863044,0.7260757853102993,0.7416109564342658,0.7501558832662661,0.6851639019529987,0.6415296931653328,0.6874316673391427,0.7066237954273437,0.689824596914597,0.6409449030431134,0.628347720464138,0.6318729971704204,0.6478854985027369,0.6899417099659654,0.6562190588066099,0.6252596044712896,0.7332597766451378,0.7290778847686652,0.7145838887661049,0.7746622548334633,0.6828462981563546,0.7197191783539105,0.6947274312963291,0.7008515165409632,0.7229667065532845,0.6861503863198156,0.3844701031022888,0.48778333582910827,0.5511978375624197,0.6336169945896082,0.7629525874883267,0.7700185363375651,0.6546231394697662,0.6940997862245543,0.6960749115009897,0.6522772383100849,0.6901754143198208,0.7166493948788528,0.6896737273106439,0.5873665687811852,0.7229451553905536,0.5103056640258387,0.7378453094520976,0.6591379327813721,0.6730166078683674,0.6839123359427208,0.6804458059753896,0.7285281211153728,0.6792803138761071,0.035207647483044203,0.5550444311384255,0.6389027929553956,0.7126992574695209,0.6867174561100773,0.6291173475385897,0.7348574596112729,0.651411961766617,0.7492570065818979,0.6257043221329796,0.7263116245965284,0.6936384840709378,0.647484336647392,0.6602211358018653,0.7141533323669261,0.7381267152675719,0.6561420249258304,0.6999690622738279,0.7812331625687456,0.7901914924500627,0.6389565635890266,0.7618309717874587,0.5645595574842979,0.7001892891446637,0.5702107471919597,0.5570363135247394,0.20139283191151955,0.5698403439346398,0.7941387542800842,0.7597784041050225,0.6604573040830022,0.6511765019535415,0.7502828467450823,0.7106795968086748,0.5017224160946849,0.44658096656033425,0.5109946393281387,0.5707055772657763,0.5639684088277064,0.7203931334555209,0.6638263942243605,0.665362051100947,0.6868297628431197,0.6861486347591963,0.5982755793491543,0.7230400975361625,0.7003384548868168,0.7101763386626306,0.7960837562094218,0.6930298589141033,0.6726151447607137,0.6966082078195907,0.6685630693688945,0.6964455571798353,0.7183678881390729
Adaptivity_Personalization_Adaptation__Learning_Support,0.588152679412398,0.6745800867928965,0.2154655082654314,0.5713034916450754,0.74038069155459,0.5428701925002847,0.5518759836524709,0.684585578608986,0.6451101790573627,0.732105677950241,0.7683551754259755,0.7355220673565165,0.6815184536766392,0.24579653564671497,0.7691993231297396,0.28128243006212555,0.6332423526787632,0.7873335955888743,0.721196539049109,0.7488128514321948,0.7078459284464627,0.761006836974552,1.0,0.7398601925852999,0.7848433340523331,0.7313754054060984,0.6546367995963377,0.7491914723720452,0.6894142373516632,0.43801987742304765,0.7117760560501789,0.7443695003636467,0.7072572381261368,0.7161824262700296,0.7451080302451346,0.6927083559005148,0.7114293791681946,0.6672915051288099,0.6973128339998642,0.6909062391783151,0.2603849457470948,0.6748140540010378,0.6735526602117747,0.6746500496010533,0.6422237430472145,0.2902230985907643,0.6524433412572638,0.6998394432900915,0.6910588553506799,0.518199494250761,0.6171705016441561,0.5100118165723833,0.5976694902618677,0.5962398731341043,0.6500436090616835,0.696886281506816,0.47201766106988147,0.4599974492448366,0.39790193236286264,0.7591449985973819,0.7164924989998235,0.7291832462329363,0.7588123409390714,0.44426965030322446,0.7303806320719239,0.7417663849193099,0.7321429382561419,0.585502679286499,0.5241934717070224,0.7446127631466622,0.7365969702264326,0.694283464553581,0.6990395601734212,0.6700517057796962,0.6835363279155915,0.6436937193930884,0.736737115476957,0.7077007551350667,0.6905939063361825,0.7566392982181083,0.7144040016144404,0.6955379548783929,0.7524488974105282,0.7067555262285901,0.6723733715192817,0.6049829825288878,0.7359570070348127,0.723321865516586,0.6852889651324275,0.5064411819604214,0.5688098309150851,0.5228843836079528,0.5848398962244405,0.6518178124524818,0.7037639386795619,0.7164951871042399,0.6573469809848522,0.7387779686252026,0.7150233453517028,0.7425741858204822,0.7304609149765623,0.638771777540473,0.6113790838258961,0.7502861135984675,0.4925357184308255,0.7682070055395506,0.7101505113963471,0.7240680189562241,0.7167935437334845,0.727370273241902,0.7310547695767117,0.7161100620754188,0.0386891376664162,0.6194797197980684,0.6892005175702743,0.7358948907037728,0.5973277553778844,0.6032868107943707,0.656081069734401,0.7008768350522744,0.6449861555688315,0.6637835613997508,0.7592586046277549,0.7226356409681958,0.6877018205765959,0.7026254657679348,0.7115327773280297,0.7156247311262317,0.6333684113489846,0.6361856576167594,0.683300013898089,0.7620833925363323,0.6586204866732893,0.7716253981326426,0.4881570228492691,0.6092886449109324,0.5068920077832817,0.5418953100308592,0.18874370068689642,0.49863120421753415,0.7232477719207935,0.7143124086656659,0.7099171578062122,0.6641910167826224,0.7043358420704393,0.6349481733499961,0.4523631095005682,0.4620674904702161,0.46411050994907405,0.5796509112770254,0.5992181483459369,0.6969663032436157,0.7204516400227011,0.7241916101510149,0.7462536282865864,0.7424914972785126,0.6580953746883459,0.7641784801173964,0.7516613484320357,0.7335460651871853,0.7450101399875592,0.7315400989697104,0.7065810283917418,0.727647865074403,0.7133538853187378,0.712735646022288,0.7274664105871246
Adaptivity_Proactive,0.6465300066609821,0.7047185201673418,0.17056281818970415,0.5492230432032065,0.7535305129311477,0.5846589654427538,0.5844126778505052,0.7390425813732767,0.6705049925019165,0.6956323650027181,0.7800307341352196,0.8010531912270422,0.7632769340859504,0.1895765314434469,0.7841915432635358,0.41661724770875375,0.7218515766731107,0.765810462396373,0.7954257053137523,0.8110513652328939,0.7725586307843372,0.7051368689446778,0.7398601925852999,1.0,0.7999263679101187,0.7599980068483277,0.7342046572496485,0.8179728309204185,0.7770199575551875,0.42981346959695027,0.7607887884344636,0.799276523420522,0.7516475929898044,0.750780669153379,0.7928984665215852,0.7725492662758834,0.7860867030006635,0.7394117587383443,0.7629972148929611,0.7619691498879719,0.3029285720798642,0.7628582334473409,0.780090705419254,0.730884253621127,0.7198412703127242,0.22047037596232777,0.6562056777076096,0.7651569472501621,0.7504481091040553,0.5643553472274065,0.6933132380873547,0.6007903408121807,0.6310282616701741,0.6024825841615947,0.7029590472976659,0.7406182996114047,0.5690521362299125,0.538922666618951,0.34725797953043164,0.7618092751880798,0.7395008187470186,0.8029699943449934,0.7761569087023616,0.3807662771263278,0.7346495261804956,0.7797587763938226,0.7358474761265446,0.5353153561243885,0.4571080296584425,0.7867491147810826,0.8131226470691459,0.7061094951952215,0.7762630168944392,0.7185653542998501,0.744625192568937,0.6636018731951894,0.7712226530324107,0.7559316467658893,0.6767374734945251,0.778553526064093,0.7261075542961178,0.70493671118747,0.7211791099231855,0.6658962350672106,0.6294099736186651,0.5630080801046762,0.7555520612699719,0.7497596860138875,0.7074225489989067,0.5201596628941791,0.6146954606751325,0.45944187098671857,0.5792162009367829,0.60653756591812,0.6860979172191917,0.7837697532027132,0.6686108869128672,0.7859443793671785,0.7753468089888935,0.7996545765535917,0.8181838998306561,0.5738933146615178,0.6361159059379569,0.8174688963725423,0.4330141646018328,0.8101333160413593,0.7846339761075201,0.7910634331607338,0.809593246231764,0.7993542621444901,0.7788125538531653,0.7879532859411661,0.02180897435739153,0.6938329045413092,0.7780031469222211,0.7115415837018355,0.5136823217112724,0.5789808924473062,0.6010368065078016,0.769415781430633,0.5690409800701202,0.7296175704239838,0.7996310421272621,0.806646555945133,0.7447337166671885,0.7893588077787271,0.7137950198202018,0.6898453876492874,0.5908259097005509,0.5833223792639061,0.6153169245098518,0.7393948346006066,0.656891561295241,0.7923101077507115,0.42057997462300895,0.5463127489087916,0.4215829407289784,0.49874622273250063,0.16678714420021326,0.4555852292248909,0.6869440104238236,0.6783078796713553,0.7368614791949635,0.7203306615450603,0.7037091823500812,0.6185095281852447,0.46708118440920154,0.43595592162930635,0.44267286289984137,0.5559012018256578,0.5533588692721347,0.7000768842068398,0.7867633313745004,0.7878528947577866,0.8065112588364735,0.7869354722775584,0.7326594736161931,0.7976663307396494,0.8140266704114287,0.8207247678786425,0.7777102555464397,0.7864398902430746,0.6966124745002951,0.7965889152071636,0.7877672718887337,0.7457176141308025,0.7699982563082717
Adaptivity_Scenario_Element_Integration,0.6584857534309314,0.7226196429927446,0.19686218573046854,0.5819070595216423,0.7704338086217799,0.5817828385518997,0.6052320876322738,0.7500498842893409,0.6844322525146572,0.7163695728883436,0.7943756972015351,0.7985497176184749,0.7300200512355759,0.2268486796618262,0.797876120055062,0.37304648931398954,0.7291660539487684,0.8040192102582713,0.7979956021918616,0.8172101771541046,0.7742346803343683,0.744304788449594,0.7848433340523331,0.7999263679101187,1.0,0.769750432475232,0.7306935331867525,0.8063742489614584,0.7618901055238209,0.46053612255650567,0.7736977823239423,0.7993677025087284,0.761851167700296,0.7456717450451429,0.7943030540529512,0.7351215305017071,0.791499137510463,0.7246601670688935,0.7471264745762968,0.743645428229332,0.27659468109872104,0.7661972461132401,0.7578932273242563,0.7471266517828754,0.7252338958760586,0.2249278670210776,0.661641726072602,0.7744269758270439,0.750642740928417,0.568348806979671,0.6816618666540049,0.5682687603123028,0.6253363994300275,0.6188003494611969,0.7074248995374626,0.7446850897220719,0.5227862648734274,0.5029953666440878,0.3699163456811439,0.788592108306256,0.7457498971603794,0.7743007553094845,0.8071248083446437,0.4162214715904401,0.7621740784096485,0.7659203937051053,0.7401708588527981,0.546134739676442,0.47892708266346296,0.7833842963582681,0.8004572546584316,0.71119788437468,0.7572194996098393,0.7208958538478071,0.7357448719251207,0.676576179778978,0.7759580942028496,0.7575312651456542,0.6757851093507037,0.801037221519541,0.7287035732262848,0.7018504204793862,0.7452922933507415,0.7083725751762049,0.6478335941243928,0.5827566403378139,0.7545155173041452,0.7550228176391741,0.7124771000556663,0.5338776017031004,0.626841564720354,0.502122147649307,0.5743387470545074,0.5966490932998698,0.7109758136562243,0.7950582306728912,0.6617871584756868,0.7935174701669194,0.7839397687286055,0.7836299074778272,0.7997629138746495,0.5982074290714263,0.6360571848363433,0.8169038078624385,0.4826479143296392,0.8250272192061048,0.7749810361049027,0.8062623519363074,0.8016613887689148,0.8028513804539463,0.7828328845974541,0.766394733838566,0.08943541772146518,0.6931574960996432,0.7744094332477047,0.7205051494422493,0.5355822006825379,0.5898261724102102,0.6025886095209965,0.7732485111825765,0.6052689701808,0.7419073326830306,0.8120332273114685,0.7833801194042112,0.7525673432445453,0.7748872856073864,0.7428009164062179,0.7169826827049042,0.6036575911145187,0.6251206455095059,0.6537600573961484,0.7555435227309993,0.6740660007225396,0.78904620041958,0.45200739882133373,0.5772030283334605,0.48425911785237635,0.5187997227042118,0.20446071401012766,0.49574501391896497,0.6975917860287025,0.7118631868782902,0.7491526994258695,0.7214098868326363,0.7154069779458633,0.6056552187619737,0.48031980834829074,0.45782696343764206,0.45281577246023547,0.5956141698454421,0.5927539932935927,0.7081507431400024,0.7825432963734641,0.7825785454000506,0.809797848937244,0.7940981941028443,0.717831965250752,0.8095943152679564,0.8092171003163273,0.7999954872666014,0.784696041892948,0.7790332672353452,0.7126561405231424,0.7889039387387983,0.7720668069631118,0.7588113977073561,0.7732792693535191
Adaptivity_Student_level_calibration,0.6967853630335903,0.7345619423589342,0.17862420511344215,0.5806006518712488,0.7223649717061416,0.6501912989251579,0.6440659575138682,0.767563266880484,0.7199716043976517,0.6567644288435883,0.7539162844547669,0.7919219238264043,0.7270399826521022,0.1905163194862147,0.7385709555877266,0.4352571002395304,0.7533206460856549,0.7617038826123127,0.7935553866382088,0.8058129046529655,0.7937469541197202,0.6589367671054095,0.7313754054060984,0.7599980068483277,0.769750432475232,1.0,0.7190114728243963,0.7880326446952484,0.7049623364825867,0.459182992974602,0.7296042046198102,0.7826608505704471,0.7328614403275382,0.69257860703746,0.7870158627974326,0.722015775613971,0.7671705051835165,0.7004483223539482,0.6917929941433945,0.7437956653210908,0.3079580359277252,0.7760104661649375,0.7923724927529703,0.7631841776276238,0.6773155006287491,0.23911402096107284,0.655585466864178,0.7694942724895923,0.7428812222034464,0.6421208438306947,0.7298370982015119,0.5402200269076513,0.6307073030740855,0.5778480382447354,0.7070217276500844,0.7438401048436453,0.517090280280194,0.5002733136564137,0.34896827470731606,0.7372112919409098,0.7275970184695689,0.7488268738744605,0.7601745108224169,0.3446776261697048,0.6974170741417803,0.7125375665137387,0.6542549249774213,0.45371362031741275,0.3842500009685861,0.7480585741308157,0.7528522286395448,0.6530174460024145,0.7124578000186311,0.6723843326873445,0.7136975337307779,0.6156917846673988,0.7102226181249696,0.7217608834367105,0.644881375680197,0.7493097452752587,0.6519750106696666,0.6184771069418041,0.6802238717158261,0.6426207113516547,0.5555600522767521,0.47025370653515475,0.6982293718031832,0.7014484845512562,0.636895091429534,0.523956660345485,0.6105029179807475,0.42589205854147477,0.5009862600384405,0.5422750590746688,0.6211281218784188,0.788870281265271,0.6409943693769061,0.7643196095403159,0.783879202999576,0.7400222914928032,0.794980125932226,0.5176858492350114,0.6400255888285539,0.7883509380327884,0.4190261621064249,0.8041092963638118,0.7779775000610858,0.8032880468641682,0.7782983610813312,0.7740354415581275,0.7231189224280171,0.7476605354365335,0.06957764616387759,0.7251004134465202,0.7602324320972135,0.6760902553092084,0.45217705183018064,0.5318962600846269,0.5380889780850303,0.7723979461061238,0.5119373960982206,0.7048833417131326,0.7786693799468393,0.7517318916436571,0.7631904915557608,0.7778901980654055,0.7387439326457778,0.672354127833059,0.5578723828610151,0.5472080468823182,0.5561426457315636,0.7189204520893789,0.6485531047837192,0.7476250634382573,0.3728598884051861,0.4672982115847134,0.39472036741325967,0.4628543047702104,0.13935736364844886,0.4075431546152156,0.5998930222645225,0.6546421848901328,0.705356414810581,0.7480935536557256,0.6840670505625195,0.5622650580156916,0.42690843523114086,0.42174085281536305,0.42345225118799534,0.5593777804279991,0.5656938575784723,0.6831469475715106,0.7938107177309294,0.7867594271962528,0.797875339928613,0.7978200002074826,0.7105158651974272,0.7895150761533654,0.8113550925245553,0.8005786634174599,0.7183239450729686,0.7680069418193558,0.7193779951475858,0.7663432131338962,0.7736718895759646,0.6948248598987481,0.768879539974948
Adaptivity_Unstuck,0.651867823488075,0.6993293093872871,0.10660870867990076,0.49503580224341753,0.6917959591028192,0.5959290361150597,0.5737921929187445,0.7255848580951312,0.679596007766799,0.6015619659806241,0.6950773725209309,0.781174392363303,0.7677913978237723,0.1484035426230457,0.7317794137703993,0.48515445849242617,0.7017431948706806,0.6953472710714727,0.7792737499163935,0.7494514135572127,0.7553431092784286,0.6160079871988866,0.6546367995963377,0.7342046572496485,0.7306935331867525,0.7190114728243963,1.0,0.7615119027575763,0.7282523768629143,0.4855049221962438,0.6902334506376058,0.7452043445092066,0.6780271505202425,0.6828772571998833,0.7279047381897291,0.7404715936224175,0.7238059077606998,0.7368224409442291,0.7151797527726992,0.7453715678006939,0.3608700615774148,0.7273086691503405,0.7398386106443723,0.7220499343787128,0.7574335157731996,0.1569166248323542,0.6301567747370439,0.7214441413995204,0.6725282912146122,0.5681239234277845,0.6625559701872994,0.6002076627220165,0.5776922530308178,0.5705928314248265,0.7211290396766392,0.6962647375439407,0.5947946945352882,0.5415209350079516,0.3200565046992185,0.673653938591852,0.7063046299072047,0.7599183488830628,0.7284224700769192,0.3573324490975311,0.6756114256469696,0.7120450526670317,0.6597675726046529,0.44147232764703187,0.3684461535961656,0.724436515178166,0.7452719700561677,0.6562130677258223,0.7445634482545382,0.7173165183316838,0.7418040989643213,0.5876490934276577,0.7331445789009544,0.760313426779916,0.6230684596640023,0.7297306197814054,0.6662518079644071,0.6675850887780522,0.647807477882812,0.596272879020088,0.527444210633775,0.48828249165920773,0.6910831471335721,0.7107617107755527,0.638066914528762,0.5394123711434902,0.6112092504297164,0.36885248211623195,0.4783673530960652,0.49936030318640123,0.6246723080537544,0.7625212424931561,0.6369547925869251,0.7224277985626761,0.7676449338213509,0.7716060776136058,0.770951881915706,0.48555405080398323,0.6025472577182478,0.7721557442441318,0.4042040931645555,0.7397425633834173,0.7803401866299998,0.7460654627240952,0.7363424176264557,0.7389337918414601,0.7479857131417257,0.7828827260685224,0.11289718264952835,0.6534810425854181,0.7473134007323827,0.6476293584885643,0.42625613675993573,0.5365904835205809,0.5419261202068338,0.7446211127083759,0.44963200790938235,0.7147990966287036,0.7425532089842778,0.7559725136909156,0.7339546289346955,0.7730397892982358,0.6812691753757253,0.6395768712080342,0.5250150507308498,0.5104690249840492,0.5314346547626072,0.6903348082512429,0.6090022505900392,0.7205782308983003,0.33688407066370174,0.46583127040488903,0.3870317194314842,0.46879822804813803,0.13497026076820334,0.38923194714179077,0.5983621456564382,0.5981013527336824,0.6733278887860301,0.7067670639935639,0.6581311521819193,0.562782800079299,0.41259208145607007,0.4345172139797361,0.37337311853734645,0.48878013922081126,0.52557129268417,0.6406173121599634,0.7657935403282627,0.7702788294466948,0.7453735771867005,0.7135115079459194,0.8038874798192636,0.7623560517325393,0.7675735775760314,0.7645675954102353,0.7000189823720363,0.7676607378341497,0.6181881221375971,0.7409819461642576,0.7210636738243115,0.6719642338215601,0.7124376728840165
Adaptivity_Unstuck_effectively_adapts_its,0.6683282017435033,0.7272464080333542,0.17014631085659332,0.5707637656887163,0.7416132805927477,0.6183291150942563,0.6064172420043381,0.757341276284622,0.6958175077338247,0.6951339802053235,0.7926341177768679,0.82760779913767,0.7491692460519238,0.2007281344328424,0.7874016954819408,0.4276011542417233,0.7555320535700931,0.7931481761812499,0.8329466445316923,0.8349634578844379,0.8097918649295649,0.7074499352690334,0.7491914723720452,0.8179728309204185,0.8063742489614584,0.7880326446952484,0.7615119027575763,1.0,0.7769174922548172,0.47966053357485056,0.7841339329622372,0.8118120729869617,0.7502252903485765,0.7566485362556538,0.7936695502989028,0.7511589820743444,0.7810061040010052,0.7326791442296882,0.7565365325234946,0.7741059915906242,0.3016015755127646,0.7719484352653284,0.7708890107381986,0.7370782991290001,0.6972566123642151,0.22530644328591845,0.6833061286864067,0.7702857978755294,0.740565806991597,0.5944914352978949,0.7218375481160274,0.5819508095632225,0.6103571951783543,0.60239765363129,0.722589242742027,0.7399083431163007,0.5422177591276861,0.5161829910252315,0.33277832985752737,0.7597284188519776,0.7441160049802263,0.7801992363531719,0.7914717820504944,0.3672391182170711,0.7360624424353059,0.784802918037253,0.7392813029571307,0.5253933885610617,0.4447647198188806,0.7942993653426195,0.8100823157831981,0.6877145947507187,0.772245660112179,0.7290468945400485,0.7540222054872334,0.6651936780713326,0.7823091324503099,0.7742296281428535,0.6955681590232778,0.7825957622944825,0.7295672095618764,0.7003190493335244,0.741383734861545,0.6775432184540732,0.6029682626307971,0.5453210920304736,0.7676618685834647,0.7628279740548184,0.6894609574414637,0.5571719173629112,0.6409421373772282,0.45240568911702894,0.5430284212172314,0.5931455246041223,0.6699543060604461,0.8056605620093882,0.645078140016353,0.7994033361828515,0.7873854483216352,0.7922081685013888,0.8153788219204552,0.5675396726759233,0.6518583953740273,0.8181701554458336,0.4607116613781942,0.8272792139378113,0.8026356738801271,0.8264151062256627,0.8037267712422578,0.8019565643836152,0.7904956218541942,0.7904647763489843,0.07816952028543141,0.6931317050931161,0.7764539289599193,0.7219121284468487,0.5028769211606331,0.5683421235234304,0.5885523940291316,0.7895156108385801,0.5578569122101461,0.7208508336507192,0.8127378632293928,0.805112375192874,0.769949129260508,0.7967251849198924,0.7392260906416307,0.6972973493496084,0.5797380439713077,0.5892314970593443,0.6059888934335145,0.7433139658563815,0.6515257082065042,0.7793634739794374,0.4130317790960981,0.5384745916084348,0.4453330039153476,0.5035974767926459,0.19638159746348047,0.4521424969640289,0.6715966798446482,0.6782233269708637,0.7513079126778198,0.7280411673508742,0.7151866138155193,0.6004051880121839,0.445949762378649,0.4338065681728218,0.42520429518406677,0.5450156104676352,0.5691630623511481,0.6979990564442728,0.798178590586661,0.7926536520087603,0.8153872063045569,0.8005004470028139,0.734910643116491,0.8150212199199611,0.8145171886999001,0.8288360382922869,0.7709352592075395,0.7922996147347782,0.711190310074455,0.7927380184471289,0.7721704854379219,0.7396016657548709,0.7809736335809285
Affect_and_Relational_Support_Communicate_with_positive_tone,0.576871813178367,0.6513016056075923,0.15856517570832884,0.5282788135172667,0.6965929139621367,0.530870626945788,0.5202641678875681,0.6748399356857776,0.623719134059059,0.659261023468121,0.7637043321398583,0.7472588499825729,0.7521450470481089,0.25413299266277595,0.7272360737935659,0.3859567074078794,0.6856094059584654,0.737383532688045,0.7460331557822237,0.7607635727122878,0.7183588688380972,0.64868099115643,0.6894142373516632,0.7770199575551875,0.7618901055238209,0.7049623364825867,0.7282523768629143,0.7769174922548172,1.0,0.45607189557004185,0.7841898730754601,0.7768550738827099,0.7554642006163206,0.8093167049957989,0.7586189447430478,0.8254653298962203,0.7488100355604486,0.7684094142848301,0.8626811797758559,0.7520835067237347,0.29778429347566615,0.6931330505677682,0.7127534649552937,0.6656935062499437,0.6458377697888182,0.17084999026787467,0.6096658269034021,0.6904375535618864,0.6735597049591947,0.5129584401505541,0.6493150977651831,0.5808597726772472,0.5871925964693575,0.5905949730583929,0.657594840787715,0.6975452909342096,0.5045454235350064,0.49601422473560014,0.34659659213025035,0.715613545828822,0.6600937468389922,0.7262823481476636,0.7387750223226273,0.38638138886519335,0.6948829519457935,0.7987693181256873,0.7540920693094448,0.528893543376592,0.4656413148281425,0.8186332566948185,0.8029163026625946,0.645269084847251,0.8558699818351666,0.8622221846263018,0.823326515058583,0.756928452524332,0.8049864869565025,0.7869866985564423,0.7324854501035458,0.8272130793990271,0.7741714653342652,0.7327328926540959,0.7004591715423909,0.6599894273248309,0.6613807553077221,0.5729541073703551,0.8038291029931907,0.7989377345587689,0.680148297646657,0.5616857925589629,0.6216566634124054,0.5079465023001255,0.5713232947525152,0.550852531909295,0.6482323137473632,0.7577701355893249,0.5795448250538396,0.7374529120397764,0.7214318249166582,0.769675255445398,0.7814046516883262,0.5685939223421348,0.5863509442928011,0.7465649755885267,0.4988468600190876,0.745548101502514,0.751487832729488,0.7403061233313551,0.7670422983279241,0.7596998805455409,0.7951754488706487,0.7745474207037666,0.11023564430621921,0.6368770433968968,0.7409572232973015,0.667502363190467,0.5014294128294712,0.5260144922419999,0.5711242136896882,0.7167035515366521,0.5529056581605813,0.6832312604401238,0.7365546976932226,0.7369088933844508,0.7313600025773158,0.7546633536810029,0.6835911545064679,0.6414364957722648,0.5483210352341361,0.5763263398823393,0.6175028038034636,0.6619996750420235,0.610336277499011,0.7139506064372294,0.4179665068200518,0.5595356372066366,0.4678181880059529,0.5607556208862915,0.20034882097563786,0.4581130851888479,0.6578834110571323,0.6619153615293046,0.7874485570855501,0.6499322516522668,0.6593731960467079,0.5464900953892289,0.44980829001495565,0.38700326014718395,0.4023003920588517,0.5147187472603216,0.5144680345206365,0.6442593179250198,0.7179222964860188,0.7470684573404109,0.7550079110654051,0.7153445219839395,0.7041445118624376,0.749301998029488,0.7452589731362044,0.7669153524183019,0.713174189297478,0.7221924899258618,0.6437470069439896,0.7346090983045764,0.7098029321349891,0.693370596639171,0.6916967797524066
Affect_and_Relational_Support_Cultural_analogies,0.3850817734394925,0.4267531662088592,0.04932872039867956,0.2886012617725757,0.437941051763249,0.31414263589769875,0.31387915701870384,0.4663442604328453,0.40942447345995736,0.2989920148473794,0.46801134311270925,0.4802422987798291,0.458980718279644,0.08673236751355859,0.4074038468385611,0.37686063693779787,0.4797003984181278,0.4795308376474599,0.5782264968061139,0.4861987249180043,0.4855556980413529,0.3429479636991943,0.43801987742304765,0.42981346959695027,0.46053612255650567,0.459182992974602,0.4855049221962438,0.47966053357485056,0.45607189557004185,1.0,0.4711607973893228,0.4496778046435627,0.4081334177403277,0.4765737098095415,0.44855860299349104,0.41671682973188445,0.41105510654620747,0.41179069008569974,0.43710420335174266,0.45561838903579904,0.2129391041608326,0.41532075876406216,0.4378097995364189,0.4270514214919151,0.44935352425303515,0.03453951080847906,0.39347021258399034,0.43544043841772806,0.38519980771451534,0.321221865699775,0.37235504346272635,0.32568759878445097,0.3218512486869524,0.3204572756612433,0.4502032907350446,0.4318227267745312,0.3876587726416707,0.2461915382618374,0.19598679145140904,0.39772245915685145,0.39886112478207064,0.4060197345292661,0.46776862581965034,0.11453086755799612,0.4436721833517755,0.4321716696211251,0.383585841769373,0.17928254866009136,0.11561079195888813,0.4483731371130385,0.46991450903922666,0.38006082141468084,0.4472108326116097,0.42834594774671436,0.4346261043118302,0.39249758691315917,0.5113750672981223,0.49452798123974795,0.4240572325682644,0.45179084171260464,0.36461766017552616,0.36880048320201736,0.39332292384508033,0.34845295356084055,0.25441876266156077,0.2098054767003899,0.49016858903864113,0.48955375339637264,0.3627422449133331,0.7181047736144764,0.7008930291817407,0.23788894510694075,0.22666120192029698,0.24140420831014966,0.3723265182460458,0.489472409267502,0.3238968864770682,0.4684627656858736,0.5004889975098532,0.4186436112435183,0.4535226217784647,0.23359628293235188,0.34115278187774606,0.4409141756997523,0.2757176126789204,0.4325762747554317,0.489193838785783,0.500873570999436,0.4503580926985701,0.4493175225845483,0.4179974273338699,0.4897253703647911,0.11807607114497248,0.36539319693109695,0.4905208264693221,0.46003483112793764,0.16867231065382435,0.2910914775473638,0.27230118932710545,0.47188927751620385,0.22860894266251516,0.4543808027075342,0.42924548803791746,0.4512458740470821,0.4229140293029836,0.442458792489709,0.4172730714905801,0.3711619224868017,0.2829420831710862,0.23246668135817602,0.27682906435471244,0.40006067588894184,0.3547165164230679,0.44906702266154186,0.12358329097205967,0.20569003943997352,0.19044135282903873,0.29302616908076046,0.09887945517715029,0.17273147537021208,0.2984770994495227,0.3523511063707767,0.4186526832536851,0.3982823763531889,0.3570895692772204,0.2401957035554227,0.23258191419234203,0.2651074447315458,0.18412945423333593,0.28807697706212876,0.2889061460512776,0.4177289460555497,0.4731688799142549,0.44858031492573436,0.45344458247221187,0.4745672785190927,0.462060608457425,0.4861817635266789,0.4735174212360225,0.45271324577513006,0.39468765734868994,0.49785508679593277,0.3948083977893697,0.42339162467780994,0.42739956616782554,0.41229594134374214,0.43786018744038896
Affect_and_Relational_Support_Emotional_component_calibration,0.5989334511367751,0.6761628743589009,0.20649203914732928,0.5319144957050417,0.7085593267806518,0.5284579422935679,0.5266434982770489,0.6923545293503972,0.6234114281558792,0.6479738706114295,0.7869671543634637,0.767851003758752,0.7116941576153522,0.21017697961214746,0.7535609109931576,0.4036594761238118,0.6961703533748563,0.768669447694626,0.7660706020003738,0.7627347690229079,0.7356442522347061,0.6677829184558352,0.7117760560501789,0.7607887884344636,0.7736977823239423,0.7296042046198102,0.6902334506376058,0.7841339329622372,0.7841898730754601,0.4711607973893228,1.0,0.7552430793086589,0.7199203088400812,0.8036342655524494,0.7540241101023772,0.7515239828996887,0.734826712719834,0.7205175692225048,0.7904435754939102,0.7244909305660033,0.2894495889284495,0.6990272944184792,0.709914443582687,0.67736758570247,0.6522464811216688,0.17922580600650884,0.6197121176275026,0.7088982300535945,0.6783809088773335,0.5206139411789064,0.6338086627770271,0.5511809158211042,0.56208023644759,0.5644358631307514,0.646174274552904,0.7074567753005174,0.5058165204794302,0.5008704072769069,0.36348723076127937,0.7278607034842733,0.6776658081582164,0.7036707373928519,0.7552550588388892,0.3379598432972361,0.723503951346982,0.7521632445454114,0.7159334758330268,0.4732791794842935,0.4026910708418414,0.7899278033190477,0.7901027484221181,0.6300454679091487,0.7744358137654965,0.7472972171277703,0.7350231543805615,0.7248664877656222,0.7578968789663604,0.75944589750255,0.7608992961310321,0.7856691103744293,0.7176428084891644,0.6734213166309985,0.7067737447265654,0.6832482462250496,0.6071707352471046,0.5110281830456239,0.7544258830273707,0.7596598241751756,0.6622300377466968,0.5775537832503812,0.6413434704523783,0.48266200059774844,0.5438999683699314,0.5170880738670609,0.6381876793669977,0.7517440502282882,0.5861883405528301,0.7592859204661411,0.7338464896389344,0.7585524569806582,0.7783740137791922,0.5420366912728561,0.5704992726038495,0.752480516002408,0.48886021210748126,0.7690141168019915,0.7320554852992335,0.7675809631665724,0.7612296725380955,0.7545965703185072,0.751172140331482,0.7308520476374316,0.11307964486683092,0.6311895897626836,0.7635186917844123,0.6733629201878226,0.45684454989362216,0.5473059520420508,0.5308757969566598,0.736096448592794,0.534599523798949,0.6890806208040825,0.7635219808319306,0.7357495353125592,0.7009506584348419,0.7448145306263051,0.6824128655806844,0.6590506523587755,0.5701376796922635,0.5349707696798868,0.5886244479575712,0.6766992912447125,0.5996843984475186,0.7344188763026676,0.38421377332433576,0.5045976963470982,0.45451692111055125,0.5176670847887719,0.20410644195213493,0.43109378441922275,0.6257831227150031,0.6645238171379756,0.7422543861625704,0.6545608060485115,0.6420854426928007,0.5286151831430904,0.4880531664875673,0.4335825952626223,0.4472874924014265,0.571501105360862,0.5413985991635332,0.665064147527831,0.733978880757947,0.7550478511704155,0.770022059152454,0.7519441765174649,0.6831161843638273,0.7636570430700833,0.7565644000137954,0.7746332681392128,0.709713056890642,0.7300332919559874,0.6577876676925213,0.7492564641460357,0.7300980495765861,0.7071910300293466,0.7317330802265044
Affect_and_Relational_Support_Fluency,0.7046045164791734,0.7407193887285733,0.18265963125031906,0.5821557788791667,0.7382768744421693,0.6575771651005834,0.6520609339234942,0.7647825029419374,0.7317995560893001,0.6822387040078388,0.7677782004063791,0.8150401790415668,0.7899504619671393,0.22798610742572467,0.7694879915202656,0.4426249946925388,0.7279259367392874,0.7680618476777119,0.8124186841785507,0.8288768928150061,0.8081582421542526,0.6947472318473427,0.7443695003636467,0.799276523420522,0.7993677025087284,0.7826608505704471,0.7452043445092066,0.8118120729869617,0.7768550738827099,0.4496778046435627,0.7552430793086589,1.0,0.7915058751255989,0.7472088899470323,0.8466515260326911,0.7779110834184018,0.837548091825291,0.7466841860685738,0.7800828731403051,0.7704380748140874,0.3079188550083206,0.7884864294718757,0.7840282851563904,0.7755687834079616,0.7248445527090961,0.2090196918444186,0.6488665857534971,0.7805747456307468,0.7760261235204519,0.6254719355751933,0.7288993135322785,0.5681124278357986,0.6566911894603478,0.6434870732688428,0.7304446382550152,0.7587492635763204,0.5253110888218451,0.5299451964277544,0.3452259022215886,0.7536758720827935,0.7304230889528828,0.78802862812445,0.7929744386230891,0.39875746140204815,0.7269941799726718,0.7620991025153916,0.7142548312112824,0.5033151946924201,0.4362180749568503,0.7957909984129171,0.789992217702528,0.6641226065604122,0.7792917502393599,0.7512846266221225,0.7697541622513087,0.6621976815617071,0.7546596535699334,0.75912813277823,0.6924441327247958,0.7761728276032387,0.6950781178381028,0.6859260769247796,0.7074820162924883,0.6475126703950338,0.6057237362373761,0.5239194217269418,0.7388747591250417,0.7475757317463514,0.6592066156084432,0.5158554917421809,0.6060764670720402,0.4450622550376156,0.5391347777056477,0.5781834736440202,0.6475599463792995,0.8458851642240951,0.6584422254617013,0.7897704481837563,0.8149029859960268,0.785001076560311,0.8069765539311904,0.5448751441083736,0.6417235978551574,0.8104092150135115,0.4498798896831073,0.8165139304898328,0.8276249040052913,0.8096247365856538,0.8288476712812186,0.8304773615525972,0.7913801536478351,0.7898388753846008,0.07852158735770837,0.7250089321894099,0.7842980960442909,0.6895091675860501,0.47826454790320794,0.5767130650431914,0.574392128880117,0.8031295601585237,0.5545473251841231,0.7355333785099569,0.8012199623108572,0.7953444936862861,0.8529914055668647,0.8580728089266214,0.719347386502528,0.6893721622452048,0.5830277014015156,0.584540010393668,0.6060719823880111,0.7162815672077822,0.6450725025687515,0.7556225594729619,0.4086864570570174,0.5245198212426129,0.4373635413241177,0.5206263297298493,0.18563451177917914,0.4469497101439173,0.6611108759155134,0.6554557579314457,0.742135658965354,0.7466129514688842,0.7002913241936496,0.5836635614517309,0.4648688874070151,0.43616778343019114,0.44329185518126846,0.5656915907702914,0.5817037938459021,0.6793391865600048,0.81648147016372,0.8096845645460384,0.8294402139228849,0.8070098749131922,0.7540494225746296,0.8153163679417266,0.829356862993513,0.8276985828016137,0.7546918862043339,0.8007111308830627,0.7078327694055814,0.7767476775392238,0.782389724744335,0.7242451777097304,0.7742407891754693
Affect_and_Relational_Support_Human_likeness,0.6423335833153614,0.6869669821562812,0.20980680297379245,0.5785556349700679,0.6820042149190856,0.5889696429824948,0.5978057943299079,0.7148249317463098,0.690353158845612,0.6494083376185994,0.7222553558468124,0.7572209712610842,0.7421575275780748,0.20521389160975148,0.7292074318383367,0.39879687772289024,0.6939445037548295,0.7332097768692014,0.7397775602777662,0.7592076251969743,0.7454470511218113,0.6460660831006594,0.7072572381261368,0.7516475929898044,0.761851167700296,0.7328614403275382,0.6780271505202425,0.7502252903485765,0.7554642006163206,0.4081334177403277,0.7199203088400812,0.7915058751255989,1.0,0.7291859133381595,0.7871812290642456,0.7424651728452164,0.8184841774116924,0.7422089504647461,0.7628308008256911,0.7331617110231953,0.279607942316513,0.7346744656371413,0.7474314876528214,0.7175806385516503,0.65955620533635,0.22275566143269968,0.6235302028045809,0.7435147758827243,0.7640939232932386,0.5840385840367617,0.7025725590464195,0.5387186958253191,0.6461854471906546,0.642335776191797,0.6746924269727477,0.7245353950716681,0.5010790586969391,0.5027893787316036,0.3447065808939603,0.7092475724918946,0.6902545891989182,0.7184796251644339,0.7312742932550578,0.36371690185711125,0.6682938228372718,0.7163040863337945,0.6728283652856466,0.4741944269377072,0.39587778934838924,0.7390790848100197,0.7348866354581297,0.6177110732250859,0.7439183053507142,0.7107524831136856,0.7387227774434562,0.6300000285938308,0.7246485414030026,0.7222694097734527,0.650477894646147,0.7505326609791788,0.6897970500738663,0.6595347099630243,0.6589061299091915,0.6084812271473867,0.5631708277426877,0.516964733291768,0.7026679980723407,0.7090847160113397,0.636001782728332,0.4865151030729447,0.5729406474430302,0.4051563072511557,0.5094628672995877,0.5426990618323159,0.6087340833522484,0.7579790397648578,0.6028499496137086,0.7532082059443261,0.7310050026775539,0.7261892894083829,0.7606134667102168,0.506212750616598,0.6086166720755886,0.7508588600826889,0.420416258264807,0.7667254325417242,0.74899943362293,0.7395576006801321,0.7969190475224172,0.8087987191724698,0.7507361923780154,0.7220836037873898,0.04090358547011917,0.704168229068115,0.7196885687625354,0.6246381535868973,0.45566464548098295,0.5295379856157205,0.5326360771704116,0.7389267355656146,0.5228457622763295,0.6652663766203091,0.7496095579895299,0.7473250143580938,0.7700896714030967,0.7793589936940716,0.6789742218405379,0.6326055117916003,0.5363541845950106,0.5428662218645669,0.5684586530546004,0.6685213510574891,0.6107220368302789,0.7166129131996843,0.3889009990699924,0.4866835001038423,0.39308883590562244,0.46615859712204794,0.16072141592031663,0.43130096389009326,0.603706405149022,0.6287916337979861,0.705888598098773,0.7145881820887648,0.6601481428317016,0.5344197813451871,0.4474245775803515,0.36644742591210816,0.39426685651554083,0.5414861898852382,0.5502455130226618,0.6375645197007428,0.7692198506362985,0.7736001691827149,0.7811010729308785,0.7369402498959856,0.6781107334365638,0.7566422385863206,0.7847840984824879,0.792522431395342,0.7072147400797166,0.7081179477785123,0.6639450364110764,0.7606470988229126,0.7496314128353359,0.6821875706778874,0.7304080206638811
Affect_and_Relational_Support_Learning_Exploration,0.5723076218325832,0.6424951463837012,0.1841832802260372,0.5485477661237822,0.6999372331480068,0.5062196558122448,0.5240701946760953,0.6689789266456878,0.5951288197850826,0.644242856353462,0.7587776501649002,0.7454719715912228,0.6987986459692054,0.22427113185719555,0.7292451146348446,0.38591798006149575,0.6651538489740731,0.7388154058046242,0.7489458436885794,0.7373205561874943,0.7005634867365806,0.662219770670008,0.7161824262700296,0.750780669153379,0.7456717450451429,0.69257860703746,0.6828772571998833,0.7566485362556538,0.8093167049957989,0.4765737098095415,0.8036342655524494,0.7472088899470323,0.7291859133381595,1.0,0.7372962583401421,0.7720194954473355,0.7301170513432235,0.7216734672857776,0.8192723498818723,0.7138370744140861,0.31086607073597156,0.6705606312422314,0.6787618123753656,0.6481653096353355,0.6383024024624567,0.20272375886701624,0.6188088822803912,0.6813140310748488,0.6740025038813925,0.5014942604966527,0.6223050879757189,0.5281275681984692,0.5793884752561757,0.5940171167114687,0.6282475960794888,0.7059583472075914,0.4901198039028961,0.47811690605167795,0.37165208985107445,0.6998180481914839,0.667690683115983,0.6999965224602973,0.7437348244373605,0.3576576498855867,0.721071712134763,0.7784426971682757,0.7267917102636591,0.48644644965316736,0.41735240098587234,0.7804414598216859,0.7862277251314915,0.652147489875374,0.8097122318761806,0.787230351971232,0.7671396777200289,0.7497737192239782,0.7966916340170097,0.7877078853316404,0.7614703688250979,0.7992342800098303,0.7315198455860644,0.6960763615667187,0.7181099848814798,0.6446705498441582,0.6331173490678424,0.5238240326284378,0.7916977336071792,0.7837051080382341,0.6477730243934547,0.5672141423564451,0.6361720656971738,0.4769831585433088,0.5486594542926514,0.5262098357307143,0.6464835821231398,0.7246173224336586,0.6016890204838116,0.7247273031633755,0.7172801335464127,0.7347757720781621,0.7762006861099714,0.5641987096390777,0.5680122086472877,0.7327953556417477,0.5091147346801961,0.741641856465484,0.7178680564160437,0.7221067186016472,0.7519068117451594,0.7360448418316513,0.7507632408688255,0.714369822297211,0.09415164308830272,0.635392577083401,0.7216315977045713,0.6633679871616486,0.49343801158836836,0.5651285595503255,0.5662355183807749,0.7035172178486517,0.528971920188624,0.6763622724868221,0.7392837252039629,0.7168329770326407,0.6981274668983912,0.7176338187800361,0.6800406778341938,0.6664737133884537,0.5691336283803807,0.5498538187869202,0.6111728637544257,0.6891047593975069,0.6179331296946688,0.7308501934640615,0.41353490704821505,0.5091145332250905,0.4744988839403644,0.5684716563488587,0.20871874445409244,0.4465583791584071,0.6430797398900199,0.6639268432501879,0.7328578070066539,0.6245196557878836,0.6334623362603653,0.5231961539617768,0.4440464587829682,0.3777067588492277,0.4233693113314127,0.5240832427351798,0.5518447443880579,0.6413271012177026,0.7172578071324216,0.7444517218721182,0.7509782043208324,0.719839342894528,0.678161148707274,0.7540400279824939,0.7387153084059869,0.7488385245269953,0.6958862504513947,0.722617903201607,0.6584914051467613,0.7276235198408156,0.6874340739684314,0.6787133241396414,0.7089971987142649
Affect_and_Relational_Support_Role__Tone_Consistency,0.7001082006240203,0.7544951707015699,0.17431413311573418,0.6007588703395944,0.7311491747820585,0.6554969628678812,0.6434991551292377,0.7674872346394686,0.7306973837552547,0.6716542523199606,0.7628776345917764,0.7969159854532913,0.7552489468919853,0.20025277594034743,0.7656661746719364,0.4212672684075347,0.7389521622694706,0.761400070957696,0.8042567999436142,0.8296831564573656,0.8037062175807241,0.6872962832605415,0.7451080302451346,0.7928984665215852,0.7943030540529512,0.7870158627974326,0.7279047381897291,0.7936695502989028,0.7586189447430478,0.44855860299349104,0.7540241101023772,0.8466515260326911,0.7871812290642456,0.7372962583401421,1.0,0.7764689271443461,0.8180148633785927,0.7493400848700179,0.7571690317201419,0.7793622617301843,0.3079371854131297,0.7920937508351553,0.7855469650365985,0.7788133655811615,0.706383731074806,0.19827125382839522,0.6635914265114105,0.7746783320175055,0.7964283018999768,0.6319478103321348,0.7330128650534974,0.5486584965945702,0.6503904763968181,0.642417005180051,0.7233874816702781,0.779955938937122,0.52903841218218,0.5010361120169932,0.34313654998870075,0.7408733396061032,0.7518542798360933,0.772559761182308,0.7746515050933311,0.3857114907117756,0.7273843663917761,0.7507224249587803,0.6934850294061149,0.4929326723909426,0.41796720181930686,0.7872307765483523,0.7820912741181125,0.6518527437066131,0.7647766784417117,0.7203391608133122,0.7562184061603684,0.6526536780450191,0.7395869111665527,0.751150067375396,0.6735641205340255,0.7737528500830968,0.6827667541475768,0.682036095644713,0.6969572297470478,0.6533986408634526,0.5898850987418347,0.5218675963093115,0.7148949828773383,0.7183906035970331,0.655205364079543,0.5261141396029524,0.6249350478148749,0.43509481617584533,0.5310773045406277,0.5714431787859273,0.6425522671677503,0.8167833152416576,0.6595347614460786,0.7790194945345189,0.794552684018314,0.7580594297504896,0.802910136210698,0.5436024061776993,0.6435869598166333,0.8022523744308729,0.43845960451829535,0.8177768634981172,0.8040152891609282,0.8016001809767485,0.827089072897607,0.828355473518059,0.7663330961563083,0.7708347838140354,0.07906752701905174,0.7381521296848849,0.7714237393889188,0.6842922668335457,0.4787414398174942,0.5679970027494136,0.5774992062194976,0.8005604721762375,0.552672222423078,0.7084444483192202,0.7942394819863694,0.7884408777125358,0.7997892298185273,0.8084200496399419,0.7354645370609812,0.6828949428754324,0.5825339791069887,0.5687526123066287,0.5966870372021308,0.7182922131188217,0.6455738787300876,0.7558426949530967,0.3993673240737649,0.5169251346820136,0.40594857133704726,0.4987083972410123,0.1602384533170278,0.42866890464066154,0.6298189496021982,0.6612500089927585,0.7355308317031122,0.7620897173643558,0.7037354752717312,0.5793523004803992,0.4638843818942417,0.4373971606827038,0.41780799157242715,0.5725095433891872,0.5847482051866819,0.6960142708310604,0.8120089903787191,0.8130150884027695,0.8215819020719433,0.7948871251401591,0.7348202806285997,0.8191768516351897,0.825031161236899,0.816029980480135,0.7334241736488087,0.7781097306556485,0.7177947030009644,0.7954634925450232,0.7929922522854624,0.7042371159880179,0.7663539713981777
Affect_and_Relational_Support_Speaks_encouragingly,0.5989959884902302,0.6733745313466136,0.14676592684617193,0.5365779439134588,0.6754281893147867,0.5765836726976912,0.5668794974027112,0.698373221012292,0.6516629201862906,0.6425666144530257,0.7463381986837512,0.7673230461632834,0.781614639406755,0.19402901213049314,0.7396364999056223,0.41783799093079294,0.6818188507207026,0.7225341697229848,0.7456091836157077,0.7451013682582737,0.7500916540436786,0.6370645896562471,0.6927083559005148,0.7725492662758834,0.7351215305017071,0.722015775613971,0.7404715936224175,0.7511589820743444,0.8254653298962203,0.41671682973188445,0.7515239828996887,0.7779110834184018,0.7424651728452164,0.7720194954473355,0.7764689271443461,1.0,0.7758501293219572,0.8043078465405811,0.8292854467071074,0.7946755405068575,0.33851934102195147,0.7368278316466738,0.7386449470279012,0.7065899212060013,0.691777503550405,0.20036024916650527,0.6269608148508982,0.7108118146394755,0.7245458197113609,0.5661936931157924,0.6777646139532358,0.6163751597795595,0.5993593980712507,0.602677525447956,0.6989405929227231,0.7400523275622353,0.556316364185248,0.5511677206722413,0.3228337172110535,0.6984853805105439,0.6900506700314905,0.7371558425177775,0.7294059376464854,0.37734462916655936,0.6852101344632348,0.7731852688351464,0.731864441599373,0.5115388743653272,0.43507235986147913,0.7955925876703844,0.77787061895486,0.6480417419461282,0.83211672289698,0.8343055915071326,0.8464911983077167,0.6846989915503762,0.7740559128366585,0.7719693990569824,0.6938149746082862,0.8004825282928573,0.7448845478816608,0.718235265794207,0.696785882950685,0.6405938525123156,0.6018930509283258,0.5529889375064789,0.75329360946016,0.7507698800584218,0.6707606558164658,0.520416140393519,0.5987942824452467,0.44970590233856755,0.5428775289862876,0.5648798916776734,0.6355225042137344,0.7524626862151902,0.6117351352952715,0.7119757045310773,0.7311562153999543,0.8034455312390099,0.7840256264472975,0.5354174675806774,0.6241950415414527,0.7523961311173049,0.4372703261357696,0.7608683038494475,0.7530903612865149,0.7321691652634215,0.7734402424693546,0.7594904513491958,0.7908782685625201,0.7837150977534426,0.044081078242244685,0.6821169957004108,0.7227243661493605,0.6526772982646165,0.48248251628848937,0.5500711263475704,0.5652369072792617,0.7298943101752101,0.5188161112146614,0.6888077191410841,0.7518172985920577,0.7638601663649234,0.7333492677139827,0.7756592702955515,0.6983546107008174,0.6517749413228636,0.5479276531992168,0.5563728557355833,0.5904752175477428,0.6767614546182221,0.62313326602981,0.72649590499447,0.3886763242342121,0.5385913634628335,0.41302577933071916,0.5134618813236579,0.1565329456597564,0.42314528731222323,0.6395846778880466,0.6365205619733233,0.7517579874042827,0.6847629347406844,0.6810224251505717,0.5893995297052186,0.45180308607051783,0.41701539288005757,0.3976273296800827,0.5365362403007188,0.5546163523688911,0.6272912758991709,0.7495553714610627,0.7706910905074295,0.7783624212040845,0.7181330551836611,0.7410815570073315,0.7685391465716404,0.7666484485852535,0.7862193818406595,0.6998773512447072,0.7348312814624038,0.6596692040765743,0.7591250794757598,0.7366614800277771,0.6931079052971459,0.7152136467005027
Affect_and_Relational_Support_Style_and_Tone,0.6781172790286152,0.7185281087632207,0.18699340606225517,0.5910310179253696,0.7224996058923123,0.6482184223079333,0.6664168404417571,0.7565752155924074,0.728095713411568,0.6596487673356111,0.7335502468953382,0.792167902085407,0.7764410387914884,0.18865549586442576,0.7548536534699096,0.43189394034548667,0.7171453138689641,0.7571892972180627,0.7819956244284821,0.8049865869824538,0.7912383411453559,0.6520102045827768,0.7114293791681946,0.7860867030006635,0.791499137510463,0.7671705051835165,0.7238059077606998,0.7810061040010052,0.7488100355604486,0.41105510654620747,0.734826712719834,0.837548091825291,0.8184841774116924,0.7301170513432235,0.8180148633785927,0.7758501293219572,1.0,0.7447983141016036,0.7602191755759594,0.7681395298714758,0.29897338358384623,0.7916183146658715,0.7780357729845879,0.7771169053064135,0.7056005447803412,0.21649453942810742,0.6472010844777595,0.7811774271150762,0.7845800324215543,0.6462185705313095,0.7355858398715848,0.5484282171943631,0.669778385195167,0.6477830094578955,0.7094214002476409,0.759882511722088,0.5395481512234542,0.5085998653339677,0.3747153830431894,0.7261851991196915,0.7367227368997611,0.7617900570943353,0.7702985445409057,0.38224657680395,0.705720946122733,0.7410571408086679,0.6882868071728655,0.4794244504701622,0.4028198412953287,0.7784967453122928,0.7662861487889486,0.6517488081536936,0.7533569598725945,0.7268459240339803,0.7614618676499912,0.6513757596217377,0.7211293020252596,0.7411350421708391,0.6621922661213189,0.7659831852927796,0.6754419829270888,0.6745155615044751,0.6833223700836527,0.6272128747631056,0.5801205835394665,0.520667016022605,0.7016456723742677,0.7125808693642625,0.6742669270256493,0.47511132165248576,0.5750582990572102,0.41783889080637504,0.5274596805981383,0.548880584699897,0.64334965160632,0.8092367805719298,0.6416259413331288,0.788661891659018,0.7813789920933311,0.7663479654590494,0.7981609846563767,0.53545123748193,0.6404619927640894,0.7935130209567649,0.4299502559720203,0.7993942682167963,0.7915124910864282,0.7790585724811857,0.8271756045086682,0.8262750493940335,0.7763162153512929,0.7546510598024383,0.08748298961163836,0.7362177507176935,0.7581898592207966,0.6515040788142223,0.458121331656266,0.5626111121348008,0.5539871260294844,0.7780337487978557,0.5042916567095844,0.7248476902633467,0.795328137754174,0.7804627603407465,0.8192290945062217,0.8511590477999427,0.7093470579530874,0.6556737399731105,0.5689441179509731,0.5525808488471518,0.5668966832972283,0.7139348834676305,0.6565390482781007,0.7419968381381721,0.39332524353910137,0.4977978018379538,0.4284227039721725,0.4977204447894526,0.17952405624270865,0.4395666967940279,0.6255503203475934,0.6297206741199277,0.7211090720522338,0.7564689319000962,0.6903108335811753,0.5692268716035352,0.43831342661524264,0.4192675778424921,0.4166677859256807,0.5427006284423799,0.6020590800694519,0.6600713394561213,0.7977698185748887,0.8102358054230316,0.8157105480516168,0.7776130006051064,0.7401565292110067,0.7886518627039064,0.8184917919897107,0.824557351405338,0.7240012696764369,0.7696161408930704,0.7073536894145196,0.7916175507905668,0.7892705181261982,0.7054974034281755,0.7508947497133904
Affect_and_Relational_Support_Tutor_tone,0.6184941918194787,0.6658129627925379,0.15624776910571306,0.4991139765486816,0.6758413863495418,0.5915589138935694,0.5568199186684186,0.688719881459208,0.6443021508418946,0.6190377926750432,0.7006052855203023,0.7506640535569009,0.7464218409476754,0.18604044049481255,0.7158665381576366,0.4288983045007715,0.6847985849318747,0.7056968804308242,0.7098738572815747,0.7265482765298378,0.7343716199459425,0.6260539789468615,0.6672915051288099,0.7394117587383443,0.7246601670688935,0.7004483223539482,0.7368224409442291,0.7326791442296882,0.7684094142848301,0.41179069008569974,0.7205175692225048,0.7466841860685738,0.7422089504647461,0.7216734672857776,0.7493400848700179,0.8043078465405811,0.7447983141016036,1.0,0.7617496723534363,0.7945448049822011,0.3450928080180878,0.7302813254081594,0.7157897099646227,0.698163768405807,0.6856223998188238,0.2005923627423733,0.6127594780804198,0.7096169186177992,0.7096139943215803,0.5593049702725501,0.6733614143842122,0.6292723737751341,0.5935997137153506,0.5793538961100765,0.7245676131316515,0.7360860166272678,0.5613479037644229,0.5592876512090048,0.312859697685884,0.6823484703310003,0.6845129501552053,0.7007634162799528,0.7180219378749094,0.3533523164050904,0.6620480402178158,0.7202976506046079,0.6857703445584634,0.4920130892883578,0.4275018933315428,0.7202006520812714,0.7432401381157228,0.6402765897127808,0.7790404858576028,0.7624312234246885,0.8006534570666297,0.6279234096257728,0.7150756346453851,0.7282026079368501,0.6677604587781613,0.744695524665747,0.7003857874202348,0.6882068683467628,0.6512461562034519,0.6068689503327915,0.5564423760123555,0.5259132419831808,0.6924291259784732,0.6973569800677163,0.6529192206300434,0.474254246164783,0.5470920189039088,0.39639016171232544,0.505697969189968,0.5235034673753032,0.614447513013518,0.7140248806592346,0.6031465706941133,0.7091574504590892,0.7046856731002429,0.7412174561533231,0.7634346434352467,0.5256493237034108,0.6008753179203216,0.7370750636971235,0.41535669307452855,0.7317773558616709,0.7108444488102685,0.7121891202378888,0.7571556610165177,0.7459209242198307,0.754769110573108,0.7435080216652248,0.07823480429844096,0.6755196502746593,0.6971953458299897,0.6121758444828935,0.4507642466982941,0.5322548172336917,0.5349655846931755,0.6968263909963642,0.497274784040153,0.6670863574104778,0.7323555937490003,0.743111010879788,0.7124127347349843,0.7374884892883126,0.668248227172671,0.6264483215023797,0.5431157146716286,0.5337058567011701,0.5508909550068513,0.6614521232403451,0.6100537684479924,0.7041480288582331,0.3729920992331804,0.4966966663955357,0.41656527924466613,0.5087493444199777,0.16887226925069754,0.41474320151301997,0.6150453313275905,0.6150018570660348,0.6773786977025732,0.6729426697413958,0.6498039546615338,0.5613866526007601,0.42210063672154685,0.38082601439409075,0.36596571392327165,0.5230206174899581,0.5312795738984305,0.6162845467900373,0.7456785178098881,0.7510843123665227,0.7558292009665144,0.7151914779508918,0.7574929352051994,0.7462055483519809,0.7519782464590481,0.753339750419559,0.6810402744589451,0.6866398779217865,0.640363303275647,0.746798674241398,0.724512586004422,0.6654186269075323,0.7006848342319655
Affect_and_Relational_Support_Warm,0.5549659436925586,0.6412666214175342,0.17343505306757234,0.5160566928584873,0.6728070030136701,0.5279080738871963,0.5266819677471534,0.6608946783034947,0.6053500589355055,0.6379335807425323,0.7557371063565458,0.756563854560536,0.7333051769606528,0.2239535887699132,0.7197980209236899,0.41865317606467034,0.6805563467341236,0.7331559078814854,0.7475826746525992,0.7445008217189494,0.7170255181436376,0.6356007130111299,0.6973128339998642,0.7629972148929611,0.7471264745762968,0.6917929941433945,0.7151797527726992,0.7565365325234946,0.8626811797758559,0.43710420335174266,0.7904435754939102,0.7800828731403051,0.7628308008256911,0.8192723498818723,0.7571690317201419,0.8292854467071074,0.7602191755759594,0.7617496723534363,1.0,0.7507120746410993,0.31414829115018233,0.6926957657645696,0.7063069095042237,0.6637572938412091,0.6429869580968933,0.1722597209428913,0.6003212077970418,0.6914726198498993,0.6929162116397659,0.5068772262990885,0.657430131794956,0.580083312546974,0.5904548292250384,0.5852931521986096,0.6539263614247739,0.711151383421289,0.5104857528183103,0.5211221070973235,0.3487480836016433,0.7020030855788141,0.6412834278653337,0.7122066001726988,0.725085852303643,0.3559493448034145,0.6804088808187011,0.7853768945571972,0.7304518784232323,0.4855586829227041,0.4118827865602425,0.8085150566309468,0.788835134721115,0.6229011840870625,0.8549377150807713,0.8393112655560264,0.8164143290338015,0.7349138887766999,0.7829899757713691,0.7726350237015333,0.724816072098268,0.7985676384907536,0.7489890696450361,0.7175658141402248,0.6868121053949144,0.6343014273925601,0.6076202149605117,0.5385558298228899,0.7812926635282621,0.7756210415525188,0.6466213482511217,0.5451839802823822,0.6098101034298338,0.4749336350835957,0.5305155362500787,0.521352443262152,0.6189918608576972,0.7424700810624801,0.5600510452345687,0.7303787832000831,0.7245071660514409,0.7662990521987249,0.7785002089558836,0.5219362879711215,0.5675753964989643,0.7376682274412216,0.47095776602699757,0.7402039410800986,0.7339109915071786,0.7218260129570577,0.7719576412066699,0.7615838841280166,0.7704713617676612,0.752272151405648,0.07807349960358309,0.6483869303804389,0.7197861642355258,0.6527066003364322,0.4549215104984331,0.5144049313391709,0.5460222101756911,0.7002688672349433,0.5084006585224023,0.6641857530872258,0.7370849008219015,0.7302588344086468,0.727779873407437,0.7586939565081381,0.6614584228422122,0.6232224602363907,0.5225873215220342,0.5532026244012824,0.5773766443989927,0.6399978013466116,0.5805138526705973,0.712308862816116,0.40488201273966196,0.5130428574604005,0.43211050840111576,0.5407633687247614,0.1858999852829975,0.4082655447518627,0.6250984297403982,0.6367846609295755,0.7624517019985337,0.6472735237332585,0.64199893082235,0.5220769599963715,0.4419598119943947,0.3687571669488878,0.37289910580536406,0.5035126812951918,0.5263634165701963,0.6332871738180258,0.7244888742033447,0.7519829991760995,0.7668169327214438,0.7224950349896243,0.6941921238822112,0.750100734135213,0.7525202538047217,0.7650527889373134,0.6836894487773881,0.7029880449955044,0.6284755338811596,0.7421837246860683,0.7052403423385797,0.6776317193202607,0.6883855312487333
Affect_and_Relational_Support_Well_intentioned,0.6711912972350875,0.7241569260814482,0.14366567414162895,0.5383091334176838,0.6972611757753479,0.6365964443035328,0.6234059663991802,0.7491572608514508,0.6998011013553384,0.6236478915942102,0.725097540541221,0.7746966602206107,0.7645156726587399,0.17481446387122795,0.7151205677372009,0.45843839750604676,0.7461302754538902,0.7223072025849289,0.7797324478375696,0.7815399315098651,0.7924072651860041,0.6372538834317784,0.6909062391783151,0.7619691498879719,0.743645428229332,0.7437956653210908,0.7453715678006939,0.7741059915906242,0.7520835067237347,0.45561838903579904,0.7244909305660033,0.7704380748140874,0.7331617110231953,0.7138370744140861,0.7793622617301843,0.7946755405068575,0.7681395298714758,0.7945448049822011,0.7507120746410993,1.0,0.35340513412117175,0.7731857987445172,0.7511164623136228,0.7492525186461373,0.7001726852140862,0.20373506695649235,0.6643763874607218,0.7548659852107347,0.7304589357293131,0.6161503044560744,0.7229738844586988,0.6237010320458897,0.600275484062221,0.5916558106713843,0.7397932610862948,0.7660319310309085,0.5803365972655099,0.5764686191679858,0.31242549914340684,0.695130006776253,0.7123559701283327,0.7396409975213161,0.7518386561145637,0.34431472424003634,0.6670527469594509,0.7166868212535752,0.6826477872667206,0.46153324385293654,0.3860846659019412,0.7408916940382416,0.7576194375681947,0.6625855262062239,0.7658020895576727,0.7350152622612505,0.7757645756113394,0.6374304600645101,0.7258899395165014,0.7220399582703343,0.6580419733220835,0.7528672594415221,0.6686749410941593,0.6650154202602881,0.6689911274711645,0.6152467540932196,0.556138958814842,0.48447158197921536,0.6990011548107099,0.7090953995822501,0.637654938435938,0.5338276088076764,0.6094450584590455,0.399868183446849,0.48690112348398135,0.5290164759379332,0.6066735968914161,0.7670199706985097,0.6104020404236595,0.7352188674785558,0.7562761145427919,0.7651611607958072,0.7857762943173103,0.5104967370119272,0.6135364032514949,0.7667857250395976,0.4120884320731517,0.7660984424005838,0.763307303436528,0.7713290487385985,0.7702450022669131,0.7751541808709392,0.7539163869616808,0.7717277581590786,0.08559357406183202,0.7311143799481568,0.73372623925193,0.6485241200488242,0.41822085253799246,0.5310009979148969,0.5239729362044941,0.7657230358357584,0.49311963157939925,0.6955422874673115,0.7576794324634498,0.7667793952133695,0.7484514192383652,0.7736090830816841,0.720549336140743,0.6415084231357987,0.5347617513164792,0.5396430784915844,0.5422104109135067,0.6770841776313087,0.6083929996874188,0.7154965809664051,0.3614779669951075,0.4759640410457113,0.417804785087237,0.49436837454498317,0.19112677511691106,0.4147835962436062,0.6098824217817064,0.6208163385265946,0.7135109693644156,0.7419173277430469,0.6604174091130505,0.5472724599086002,0.41160362620059077,0.41256278825128395,0.35121392215211367,0.5229421732660724,0.5642972651865188,0.6416221064668342,0.7919748614883994,0.7770803147477574,0.7836912063915386,0.7603267020539678,0.7679865758457638,0.7744426676529881,0.7946155071754565,0.8005469580942769,0.6896140240668017,0.7509117840939028,0.6750868769698551,0.7606916882431675,0.7659578109965186,0.7020301333649468,0.7404239583723528
Alignment_to_Constraints_Academic_Integrity__Honesty,0.2788939249611679,0.2887402420551263,0.032094576438223735,0.19191858352064234,0.28440296231520035,0.25227392476224797,0.24167244243305247,0.2978890714607898,0.2869815867275273,0.2397919996334355,0.2917099735743144,0.32157574253418425,0.30444564331014157,0.03369647305284724,0.28241199156201574,0.2876155318387198,0.28949567090428374,0.2755371549288859,0.3083870575680822,0.28148632629001646,0.30643345628512236,0.21921915746999326,0.2603849457470948,0.3029285720798642,0.27659468109872104,0.3079580359277252,0.3608700615774148,0.3016015755127646,0.29778429347566615,0.2129391041608326,0.2894495889284495,0.3079188550083206,0.279607942316513,0.31086607073597156,0.3079371854131297,0.33851934102195147,0.29897338358384623,0.3450928080180878,0.31414829115018233,0.35340513412117175,1.0,0.29648289997102106,0.3002703052355639,0.29963545719653,0.34060206381989333,0.061560769556577674,0.2765374537606245,0.2924103422144498,0.2936498108143929,0.22238158553433968,0.29396045956228667,0.38825577691196766,0.23001270872361554,0.24512663996826492,0.3392662578099792,0.3201023803079885,0.30124691412818844,0.33671720784416476,0.13503563585975062,0.2592352857308111,0.28056144375564623,0.319829343632822,0.2967360952809544,0.0980693051954662,0.2762161743741683,0.28499844004534525,0.24474822667595153,0.1519764542646304,0.12628897791700622,0.2814639576800786,0.3011608317596711,0.28780586578767464,0.29842605818934004,0.28192979456026107,0.34898455436776255,0.21473050331927668,0.32280794590640893,0.3158208077488287,0.2672351662758327,0.31187857425219256,0.26184586424093265,0.25870896051055536,0.24217581556050174,0.21026189494823988,0.16960951739253072,0.1765871017967626,0.2791655905794239,0.29306145339617823,0.2597185582344689,0.2251058831275917,0.24526565437303346,0.11224312647798564,0.1609314073992323,0.19136245254192627,0.22281142755782957,0.31229048720268876,0.2406013239053476,0.2712463769535493,0.3129689732911116,0.3075915886035505,0.3070493858427911,0.18809537790814704,0.25719054576663736,0.3156347604141542,0.1547655568151361,0.2947798767305834,0.3100059654148944,0.29251815602418346,0.29470919408060137,0.2789405992801348,0.3050703234032654,0.30452334397659553,0.0077332882097559666,0.28821617308016917,0.2927063243051991,0.23738623223612035,0.12968338335011076,0.20950416246440223,0.1955677933936567,0.2984137797364272,0.14715409077971187,0.28327739463972906,0.2970983984808745,0.3135050209937547,0.27973897686270777,0.2983566290593126,0.298790316879338,0.2594520495211513,0.20925984091946476,0.17352950017204474,0.1852107050046607,0.262615573121876,0.2321555445638748,0.3057550500029729,0.1104051971561267,0.14866576494096356,0.12016880560686356,0.16822285991730385,0.057668814902300344,0.12192656879329412,0.2313952218990232,0.21320343740495387,0.27626859862286085,0.30229015436947876,0.2517013934444459,0.22465950460138695,0.14882844218550126,0.18196994323419977,0.14196798642602543,0.21520922949832463,0.2331269829833176,0.2692254879381366,0.31633676893708906,0.31261298810917093,0.32361329308372794,0.2863427508407108,0.3647829707376902,0.31747763405063034,0.3063513970716415,0.31213084655619816,0.2654723220487683,0.3171092429303812,0.265244441074339,0.3205676401027432,0.3160959988037817,0.2665763861131872,0.29593813504095645
Alignment_to_Constraints_Coherence,0.7400906987384627,0.7839301930093351,0.1518573692818559,0.5784444525041731,0.7078533694121609,0.7361050094081286,0.7041677645493543,0.8030047326979639,0.7747664021690098,0.634976666350436,0.7054224787100798,0.7849300800664316,0.7531378837298456,0.21854507528440614,0.733463217595859,0.4395410323390934,0.7487028552996307,0.7130068080735591,0.7809561074386239,0.807565990427542,0.8201528744423692,0.6500012753591223,0.6748140540010378,0.7628582334473409,0.7661972461132401,0.7760104661649375,0.7273086691503405,0.7719484352653284,0.6931330505677682,0.41532075876406216,0.6990272944184792,0.7884864294718757,0.7346744656371413,0.6705606312422314,0.7920937508351553,0.7368278316466738,0.7916183146658715,0.7302813254081594,0.6926957657645696,0.7731857987445172,0.29648289997102106,1.0,0.7824880311437027,0.8190385422830256,0.7068341306050396,0.22319405913921306,0.6578226243376354,0.8113979879656193,0.7716002441774489,0.7302018225238686,0.7452872214808026,0.5486011852793536,0.6359886479299314,0.5996849293797714,0.7372083856685994,0.7532496829256263,0.5142332149575504,0.4855877710645594,0.33709499397311005,0.7111576524757932,0.7391837323888465,0.736003456296153,0.7357420470682648,0.37380123232241885,0.6816322347500666,0.6758772763431814,0.6383837351409832,0.45377296475327406,0.39320709321676656,0.7192731797223996,0.7345067173446287,0.6603258055152109,0.7000404642117181,0.669762650029717,0.7127142811711052,0.615576726011603,0.6815106464760841,0.7038562602274315,0.6126056178617598,0.7346893846519016,0.6327098646229619,0.6344131768460896,0.6622874095886762,0.6290842057187988,0.5332495433203026,0.4703879312787388,0.6622219848565027,0.6647645732135323,0.6449162890652275,0.49678271580543865,0.5922119056594967,0.4013407775665561,0.511089763429954,0.5356840350331427,0.6189386117206312,0.785810177942774,0.6467474896628863,0.7869599004833558,0.778465391613774,0.7362578931348849,0.7803317824114904,0.5179135117864911,0.6484699283576228,0.7926650141949452,0.42854698693680626,0.7998477364724498,0.7811993932109876,0.7941493426150238,0.7869785932036888,0.7884841490173664,0.7217826854076753,0.7394961605256256,0.06247808290204326,0.7469547150450471,0.7430932588074673,0.6275857011446069,0.430139648137874,0.5329838271273248,0.5323907552128042,0.802301615235687,0.49414337540600034,0.7172860672237965,0.7720708025317906,0.7725689176039113,0.7791829529061379,0.7934792859097679,0.7292303020219035,0.6656035713557749,0.5480457225521623,0.5488876360843481,0.5392979584805774,0.693661589404311,0.6562106121457497,0.7440749373308748,0.38218843015225873,0.46124175465008355,0.40648368769486387,0.454793300023885,0.21809653465228415,0.4197450328519887,0.5913077411049223,0.6138773022796116,0.6899100797029804,0.7934378086167208,0.6877657254452225,0.5593818820391249,0.4387653526389175,0.43562655686677293,0.39923654591484115,0.5497670126469582,0.5893095769121071,0.659373313251516,0.8121091229662396,0.7883398992980676,0.7948855928612869,0.7856837391038725,0.739599191489709,0.7700731021123809,0.8137442243348499,0.8160080002934693,0.70200285797912,0.7812081877858952,0.7004294233729014,0.7822157576987264,0.8141360988485503,0.6866833394677692,0.7649757328945321
Alignment_to_Constraints_Conciseness_and_Relevance,0.6818013220010354,0.7291817331568539,0.16392504556284784,0.56676601192818,0.694881989549032,0.6393560467180113,0.6034150153354166,0.7565066672159378,0.6937367359925233,0.6089215326960821,0.7029067504928909,0.7893055188822639,0.7639352168476435,0.13728376308329737,0.6990221988188712,0.5248801625156981,0.7650727187386439,0.7368496440510022,0.7833632147578161,0.7935228189788315,0.809160351636428,0.6208535507483941,0.6735526602117747,0.780090705419254,0.7578932273242563,0.7923724927529703,0.7398386106443723,0.7708890107381986,0.7127534649552937,0.4378097995364189,0.709914443582687,0.7840282851563904,0.7474314876528214,0.6787618123753656,0.7855469650365985,0.7386449470279012,0.7780357729845879,0.7157897099646227,0.7063069095042237,0.7511164623136228,0.3002703052355639,0.7824880311437027,1.0,0.7869948400092935,0.7066990772369235,0.1618933301349761,0.6138555570731884,0.7826774947469115,0.7652595809811413,0.6179063128214435,0.7683941468233211,0.5757776497860047,0.6290569840748094,0.6214748133573891,0.7264260136347319,0.7485760722600966,0.5617934194919972,0.5214085444094112,0.334393969758381,0.7156225113436196,0.7264029775213878,0.7434306254293445,0.7253298818926989,0.2928641779719607,0.6769206571123133,0.6969714101446334,0.6212730245899198,0.39566251404075864,0.3088932517999937,0.732390072845023,0.7548076014307619,0.6557743948834798,0.7315160386298265,0.6725152044976789,0.712566525816831,0.5857060567953072,0.7092471216743389,0.7342864279953225,0.6213050176101256,0.7163766256188789,0.6124284876191436,0.613396167196492,0.6376836533605708,0.6220364881687526,0.4839906856852202,0.41016846925175093,0.6619673548245735,0.6691564646970256,0.6576662466419094,0.49886069395988925,0.5952842399666357,0.3729354664101588,0.4945273090041486,0.47355705940996684,0.5809675347737027,0.7781794897403217,0.6272274238758794,0.7690152102064621,0.7926185091032658,0.7247074225430378,0.7810266321906478,0.41087936024830135,0.5916017237491105,0.7835739614621849,0.36657160553731905,0.7908394436087931,0.7901868128308018,0.8027660046680776,0.8114916106360125,0.8096046966657968,0.707252113491791,0.7630483186761186,0.09584373634883019,0.765098069750669,0.7674935045023323,0.6444409800094132,0.3828673571942481,0.51471169011054,0.48462366893249653,0.7803512740817157,0.4417664187198245,0.6924602000675252,0.7602734968657735,0.7802283038624523,0.772361849318381,0.784918448980353,0.6954675169132993,0.6419528283871757,0.5084258386066659,0.4788969547647179,0.4831642050172471,0.6780243558643138,0.6302646667413556,0.7107324125228929,0.29704190826584437,0.4139846223415516,0.31608460403962696,0.42025920324547406,0.08241890643809656,0.3579386268277527,0.5518687099143583,0.5910634298697875,0.6869711161319715,0.7353172116908893,0.6514001411745005,0.5201025748494092,0.43093484378823194,0.4282355111546547,0.40558831647769766,0.5502203160489796,0.5441655562741398,0.6326091860796761,0.8119166701035786,0.8029922496854976,0.7996580465220987,0.7883802855124142,0.7368424295321869,0.7678738649709799,0.8059107579519351,0.7924399067438266,0.6864354190219594,0.7738248817627943,0.6711552155933114,0.76121344550338,0.7903582772891065,0.7038466768119812,0.7472898362515745
Alignment_to_Constraints_Content_Relevance__Scope_Control,0.750395585561373,0.7836327689793835,0.13363674802631487,0.5777270829463268,0.7142127089148206,0.693116211031748,0.6900297373265104,0.7974404361898759,0.7521669872935023,0.6145427262426212,0.6687773331849248,0.7668718819384608,0.7460868228139279,0.15915826690899346,0.7045041133883938,0.4512827124253679,0.7374351301461239,0.7095845571373353,0.7780167095920469,0.7844474229721033,0.8052548955425748,0.627755392794613,0.6746500496010533,0.730884253621127,0.7471266517828754,0.7631841776276238,0.7220499343787128,0.7370782991290001,0.6656935062499437,0.4270514214919151,0.67736758570247,0.7755687834079616,0.7175806385516503,0.6481653096353355,0.7788133655811615,0.7065899212060013,0.7771169053064135,0.698163768405807,0.6637572938412091,0.7492525186461373,0.29963545719653,0.8190385422830256,0.7869948400092935,1.0,0.7245804746725327,0.19642323110262905,0.6309726847990864,0.8056038641095763,0.7643450517117204,0.6831738692024222,0.7311756878440847,0.5417909157304462,0.6117414809554662,0.5854351831742323,0.7542870074360333,0.7486962778748157,0.5361972808357648,0.506755798584701,0.3072667985714041,0.6979880461203142,0.744885169833887,0.7409349436915225,0.7340173718337735,0.36193114002792387,0.6958069643796818,0.6718808271446841,0.6256799031946025,0.4320951361489432,0.366104035581258,0.7176273830023336,0.7075714607247596,0.6645645016906849,0.6802164632664606,0.6297041185799964,0.6829047805748756,0.5769256079605098,0.6711859335122727,0.7108497144595363,0.6009050983497228,0.6997776843375549,0.6033504409875058,0.6098411391750828,0.6530875608447659,0.6171653894774997,0.5096084821142413,0.44698459662858664,0.6411356195228131,0.6541291121355335,0.6166971925225796,0.4967326932359971,0.5982952570104381,0.36132583262226453,0.493712523036296,0.5108023349486139,0.6044803663886544,0.7682171587374562,0.6584349935466643,0.7689550148578561,0.7795008809797981,0.7156990095967883,0.7635485220416072,0.4857313425703666,0.6291322125261399,0.7787010450479207,0.3774902372034332,0.7729315584827683,0.7683897374138329,0.7766930048242218,0.7710600243931793,0.7851512433604925,0.6959100641333544,0.7325607550461803,0.06312571239196037,0.7328390918474884,0.725497722320713,0.6534039579193903,0.4181434612854949,0.5411071277722981,0.5327639990380385,0.791133373456846,0.48912614140119803,0.6927056693789224,0.7451515443576218,0.7558718011468911,0.7542169964468778,0.7718026413558826,0.7173889709016559,0.6558616753627903,0.5408605867832316,0.5201725950515008,0.5294285845987932,0.6978264997250959,0.6563523677898416,0.7250322717566524,0.3528575601556124,0.4546024241205976,0.3798353713935025,0.4510620290611162,0.15023046329398518,0.4178374737949464,0.5747893822679796,0.6105416919193305,0.6829140800504953,0.7748359777192335,0.6508469758587945,0.5431227811928077,0.42882459666580625,0.465585024353795,0.3910360861796521,0.539983736343697,0.5846672875246482,0.6547529904831353,0.8135089752846356,0.772552404774771,0.7842558649520652,0.7868424637004098,0.7394412712277426,0.7749146879939454,0.8024500245940254,0.7860568788231402,0.6878005263758712,0.7748520561559281,0.712693705431467,0.749978790388158,0.7840145074662611,0.6894286047732661,0.7655669660549335
Alignment_to_Constraints_Coverage,0.6635041113728198,0.7128763812897999,0.10930197091127958,0.4874216753380099,0.680057386459177,0.5867665342676983,0.5646422740170043,0.7151282419394214,0.6900198319369475,0.5683473990500004,0.659222878170668,0.7490094063265533,0.7117466833200443,0.1355341453837307,0.6942227673468688,0.4578498365977271,0.6625465125864911,0.6779814460817175,0.7244816312466004,0.7157959665730081,0.7313597558382416,0.6016168946260761,0.6422237430472145,0.7198412703127242,0.7252338958760586,0.6773155006287491,0.7574335157731996,0.6972566123642151,0.6458377697888182,0.44935352425303515,0.6522464811216688,0.7248445527090961,0.65955620533635,0.6383024024624567,0.706383731074806,0.691777503550405,0.7056005447803412,0.6856223998188238,0.6429869580968933,0.7001726852140862,0.34060206381989333,0.7068341306050396,0.7066990772369235,0.7245804746725327,1.0,0.15517161982974972,0.5712611765088782,0.7281245390578949,0.6721348908003786,0.5697667172909144,0.6300222041038759,0.5770936186927704,0.5582667141394659,0.5417103320956715,0.7764713349615806,0.6844403209457506,0.6106430538559903,0.513233506521277,0.31786385968472824,0.6599314976826318,0.685210333100283,0.7481980869998449,0.7194541851743594,0.3244408612492232,0.6817198465394827,0.6557588917047867,0.6121751059905202,0.4039386042018481,0.33614179548263873,0.6828154718381725,0.6961305975255101,0.651288726199913,0.6791857295422988,0.6474365799973961,0.666541092364128,0.5371543540427974,0.6787530878546888,0.7029876203927345,0.5883599867066605,0.6766485266091774,0.596632185325945,0.5867613988088969,0.6238354342034166,0.5898265753334961,0.48331532067104777,0.43458709174827687,0.6399754524801677,0.6483832480059742,0.6217948063483089,0.5061258595153638,0.5790819107750533,0.33426790766874886,0.44518941232318776,0.4520936403064612,0.5947983769308764,0.7064783118648258,0.6214162770510929,0.7005758867355941,0.7391082382350592,0.7281543731638156,0.7270376711626366,0.4444035851315993,0.5751860538572547,0.7451783076703061,0.36603548919815804,0.7105417808985959,0.7348619828511889,0.7054410641142969,0.7069298126231189,0.7125009945295312,0.6969191290076124,0.7127155978814143,0.12035248698785239,0.649920961913743,0.7239908919142837,0.6297051272797088,0.3857481494987373,0.5324106017742947,0.4840717844377183,0.7348020193503555,0.4450527428755277,0.6910259493658236,0.7089466595082806,0.7406032444381578,0.6825203457991031,0.7251687790685141,0.6467868455052324,0.6227864737834988,0.5068025470663805,0.4608586066963848,0.5007233311030282,0.665926789548134,0.6023587640296129,0.705692310873162,0.31613649181347014,0.4246870289372633,0.34074338784916064,0.43228807325965424,0.1080849863677813,0.35446114833643816,0.5633049465204558,0.5605784267953271,0.6509413308914227,0.7110806354735905,0.603575847838254,0.5303545613825766,0.43263820383678064,0.4431474963827885,0.39402529585104085,0.4999558958508053,0.5256865270167429,0.627737120617669,0.7427106906373141,0.7318212203794837,0.7258695595667662,0.7014850740053539,0.768174925404867,0.7470582998354666,0.7221377113857583,0.7358816958843334,0.6566097792923565,0.7424611513896393,0.6247840953583705,0.706552363341837,0.7157153869597427,0.6635915951018388,0.7020397976787524
Alignment_to_Constraints_Dont_reveal_the_answer,0.20342875517258668,0.20247361510070405,0.21483333989353698,0.2550969280887933,0.24733075324145193,0.2150732087988618,0.25461114966392184,0.2115879321680769,0.21202205083161477,0.36020676147670355,0.23724304266898702,0.20825688330105147,0.19361205024000336,0.22305709434301496,0.29860954251168265,-0.10111296949542486,0.1331326524997432,0.23995103950375668,0.15828664185326038,0.21673631684680916,0.2171166365378168,0.3472966474363337,0.2902230985907643,0.22047037596232777,0.2249278670210776,0.23911402096107284,0.1569166248323542,0.22530644328591845,0.17084999026787467,0.03453951080847906,0.17922580600650884,0.2090196918444186,0.22275566143269968,0.20272375886701624,0.19827125382839522,0.20036024916650527,0.21649453942810742,0.2005923627423733,0.1722597209428913,0.20373506695649235,0.061560769556577674,0.22319405913921306,0.1618933301349761,0.19642323110262905,0.15517161982974972,1.0,0.33205348608987506,0.2345478832524236,0.22824764345091114,0.19991249889103443,0.163751671060813,0.12721670095404983,0.2639211920302082,0.2933610211898253,0.20307326777000725,0.21927836253841534,-0.023767550494749816,0.1612608731829737,0.191313120863715,0.28313662740145196,0.2350840470900433,0.23843792315442514,0.2548002078096109,0.3310537440958957,0.25024060829199024,0.2695503763490588,0.3251421617456604,0.3934629484581259,0.38470316254839837,0.17443001475290687,0.18712822931197903,0.31001541597069304,0.17555575296930873,0.1867942823167558,0.1950262503236326,0.1496239079034252,0.20871359594564923,0.1420122701830443,0.16170559133152335,0.26234310167599184,0.29152893702478316,0.2848737842196862,0.3359747463837714,0.20358079057707032,0.3538892673386495,0.36576850313126713,0.2127206895296693,0.2253485871414352,0.23339030568657113,0.019186885141215027,0.07921885650914479,0.21655788610579055,0.30403560122040163,0.4028334198664039,0.3418265442165662,0.1417081788805117,0.29377132599759875,0.20243341016049365,0.12988471284964168,0.21114105507974062,0.20161369338045906,0.34871528543476327,0.30009246823280006,0.24084219254448985,0.24540237644494264,0.23979822863790395,0.18738197537719928,0.1784345193501105,0.17708539237774576,0.19393805601116998,0.26022973592638865,0.20618933045003876,-0.013825230418640755,0.16241579730789535,0.09174127168760601,0.21912357600243484,0.40973101050045424,0.3340074858512279,0.40782158788389994,0.17895402514035516,0.3742333541823606,0.1672305227036322,0.23576916222270414,0.1931857006977193,0.20022332272872254,0.19956223634765308,0.292638839228074,0.3134885410894769,0.3376093741185242,0.36635297817759876,0.35386183496284235,0.3174783579576665,0.30191628085083944,0.3064050776617247,0.3990808913565661,0.3718347643720321,0.31678560314036663,0.23437869733944855,0.15111382823459224,0.3571091304836726,0.3823501635677253,0.335105608767872,0.20496803065824754,0.2172315178964602,0.33360594520292525,0.392693753803612,0.1657427970364792,0.1554319388002162,0.20079870432058675,0.1676551544905959,0.3077319106370633,0.2651899952806097,0.20064926514633258,0.19915935122780326,0.19484341511959388,0.19150604077912056,0.11572780380435925,0.25063297440889104,0.22781609594776134,0.22896613334508895,0.3067865755455366,0.21338561772468148,0.279258609540358,0.2594494940544659,0.20747021698153637,0.2195597498554507,0.25495783428760443
Alignment_to_Constraints_Guides_to_Answer,0.5955032424103722,0.6224821123626849,0.21644659351268788,0.5464024841813658,0.6466644045635331,0.5545216327154049,0.5660184661424713,0.6622590895750649,0.5981591677163828,0.6705850746715802,0.6558852058014754,0.6785584400045198,0.6300660548718893,0.21248074835415198,0.6852760544327053,0.30198838800596556,0.5977596559773402,0.6581175347163672,0.6657780796296575,0.6977022751489215,0.659445552872535,0.6383872040874796,0.6524433412572638,0.6562056777076096,0.661641726072602,0.655585466864178,0.6301567747370439,0.6833061286864067,0.6096658269034021,0.39347021258399034,0.6197121176275026,0.6488665857534971,0.6235302028045809,0.6188088822803912,0.6635914265114105,0.6269608148508982,0.6472010844777595,0.6127594780804198,0.6003212077970418,0.6643763874607218,0.2765374537606245,0.6578226243376354,0.6138555570731884,0.6309726847990864,0.5712611765088782,0.33205348608987506,1.0,0.6438348439599386,0.6529630413972383,0.5493258958418438,0.5943663706346296,0.4442034899039504,0.5654467710001991,0.5953698947407489,0.6081092714468009,0.6309494224667432,0.4104833540755089,0.3933355278345497,0.3476778540980348,0.6681572506483842,0.6487492467413081,0.6632425537231708,0.6740348249732677,0.40605851570847845,0.6559303845398246,0.6615692376577025,0.6603154618707435,0.5383972755778068,0.4783716670475799,0.6343578602551665,0.6549486022247719,0.5998755935847018,0.6122320382488635,0.5966549852944256,0.6144938483263186,0.5695159734020901,0.609648683002111,0.5906270531098531,0.5647979846091616,0.6788111855830888,0.621035802953972,0.6164181587814551,0.7052170941083405,0.565273021051982,0.5737686571511307,0.5369181945679397,0.6198157783778121,0.6071722234812111,0.5839663251566402,0.42381873513872387,0.514841133586769,0.4112277876458373,0.5214248361549202,0.6084095075215419,0.6287686085553514,0.6522931226301586,0.5984622491628525,0.630312252134299,0.6424295999424455,0.6490944977801711,0.670784339127569,0.57739511967583,0.579143790166195,0.7005781555218028,0.4388208197906014,0.6997176359050868,0.6570572275567412,0.6627150517285794,0.66452782967476,0.6635708332747462,0.6598106915553239,0.6491084866142697,0.043999278254044,0.58402049326503,0.6114353413996154,0.6120038474156283,0.5127528709924768,0.5239314171233393,0.6126765871626492,0.6375517808554934,0.5578604678003991,0.6071509539392459,0.6792325945115991,0.6723269117398025,0.6214814323909171,0.6564985841032508,0.7076262395378308,0.6561924158771125,0.5732470220332512,0.6175220882141467,0.5956163123634556,0.6530864625031096,0.5709323803758849,0.6841717452776727,0.4775061651216847,0.5396352215488233,0.4972932555716289,0.5079698439927623,0.24195247853680427,0.5019323446791495,0.650440504863086,0.6310256396436069,0.6086558032522682,0.627307584906963,0.6850830493403943,0.6152505607249277,0.39352290788168753,0.3736309543216726,0.3771447095909064,0.4790669960617219,0.5270577636908333,0.6037049205132686,0.6715763965352275,0.6589860769125347,0.6633997536705923,0.6454004744179148,0.6061808528717028,0.686293498365901,0.7003877639401896,0.6879134827339853,0.6778422982108051,0.6759649902407253,0.6395026801451853,0.6831548714061431,0.6592004386391699,0.6089244155785583,0.6411652282023588
Alignment_to_Constraints_Instruction_Following__Task_Completion,0.7332555458941078,0.7849632502996378,0.14765284252603272,0.5788591909145967,0.7260973190862231,0.6709548839937325,0.6759403688783059,0.7997852600562384,0.7548744016297183,0.6509816064901089,0.7102164419946893,0.775108032615711,0.7495070164216451,0.20522931338389114,0.7406583440363462,0.43297307163859877,0.7385266721873102,0.727041524600488,0.7673046046142679,0.790700988525617,0.8000652345130774,0.6505908819343288,0.6998394432900915,0.7651569472501621,0.7744269758270439,0.7694942724895923,0.7214441413995204,0.7702857978755294,0.6904375535618864,0.43544043841772806,0.7088982300535945,0.7805747456307468,0.7435147758827243,0.6813140310748488,0.7746783320175055,0.7108118146394755,0.7811774271150762,0.7096169186177992,0.6914726198498993,0.7548659852107347,0.2924103422144498,0.8113979879656193,0.7826774947469115,0.8056038641095763,0.7281245390578949,0.2345478832524236,0.6438348439599386,1.0,0.7878327004527608,0.6741999911130426,0.7130801020390803,0.5707659576542194,0.6092323042927354,0.5940854875887451,0.7362337149628426,0.735297857465019,0.5402563152781271,0.501798112772357,0.32951168103749623,0.7345777366631353,0.7320955005331072,0.7494964191441422,0.740697029822602,0.3814481444052246,0.6917469692110718,0.689948373793369,0.6427758305494373,0.4560045082207058,0.39225762107502193,0.73521972926964,0.7436980962546328,0.681463859415817,0.6844598061622262,0.6665599825397716,0.7043128069351967,0.6091939460136979,0.6894782269534875,0.7167670381002923,0.6279262849764583,0.7384293845526294,0.6263787639829006,0.6338583636470122,0.6670220979222591,0.6295077584558861,0.540140620976834,0.47658516180496063,0.6667006446834098,0.6671233273005267,0.6642374839616491,0.5005005102560033,0.5916467776670267,0.3865167118246021,0.5024507340919171,0.5372141397246393,0.6187711502231747,0.7712164498137326,0.6592409641415395,0.7815307879405158,0.7800862680491186,0.7478864178475606,0.7850906982206858,0.5055366901605051,0.6540136132164892,0.787962922237913,0.406114586942583,0.7892945569251628,0.7669026684404288,0.7792349397836319,0.7872425885737673,0.7867057562909352,0.7169610811957278,0.7398964280035591,0.06802303320064296,0.709066025553629,0.74884367100781,0.650057280190865,0.45258906797832527,0.5467270570131582,0.546253468998604,0.8111132316537041,0.511346750558574,0.7167602248354853,0.7778057757737098,0.7507455758251785,0.7589981339545779,0.7741198582060747,0.7280793447714602,0.6732435683473287,0.5720001210156508,0.5431929057584297,0.5311554687984065,0.7139884721416055,0.6716376580901119,0.7396674842577716,0.38225107398470554,0.4827719217572538,0.4073354657941002,0.4538055042957893,0.1543675641933073,0.45004154260679563,0.6135211566589436,0.6367572995092087,0.7022901174833589,0.7851550640982623,0.6887200576044938,0.5823269340264176,0.4598475856694727,0.4585055641934163,0.4313115772614491,0.5639605953821054,0.588741728225083,0.6581355952380933,0.800757719466075,0.7947478656384459,0.7939647261058502,0.7890038803075072,0.7401862617253433,0.7882422387321553,0.8117857974102639,0.8063518111806663,0.7145461065792394,0.773352643488548,0.704832360657834,0.7650587346029359,0.792465010102754,0.6885225787104549,0.7665423868565702
Alignment_to_Constraints_Instruction_following,0.6983894796708879,0.7333183249631263,0.15429149031941108,0.5841415800099804,0.6941899301088222,0.6441369614661533,0.6420716828095353,0.7602989147051057,0.7169821798281236,0.6399649067182803,0.6850284501094708,0.7563290067520602,0.7259238446061782,0.19299223201672033,0.7190829374018385,0.42159205501004854,0.7156003867621052,0.7094559482484953,0.7313980942618058,0.7593694527950912,0.7538092571782222,0.6410946759121918,0.6910588553506799,0.7504481091040553,0.750642740928417,0.7428812222034464,0.6725282912146122,0.740565806991597,0.6735597049591947,0.38519980771451534,0.6783809088773335,0.7760261235204519,0.7640939232932386,0.6740025038813925,0.7964283018999768,0.7245458197113609,0.7845800324215543,0.7096139943215803,0.6929162116397659,0.7304589357293131,0.2936498108143929,0.7716002441774489,0.7652595809811413,0.7643450517117204,0.6721348908003786,0.22824764345091114,0.6529630413972383,0.7878327004527608,1.0,0.6528625493795605,0.7176446047186724,0.5302470441784555,0.6475875203490024,0.6237276370481163,0.6895118397417408,0.7383875804458419,0.4882816521454229,0.49992361402317503,0.3259240989110649,0.7073564148713073,0.7346549598495978,0.734720548527358,0.7191453269255783,0.38480787202283656,0.6754687624810395,0.689407793331118,0.6399169995898271,0.44878873392543356,0.3801026321442203,0.7063592316697007,0.7161181531271169,0.6517757096499518,0.6921864348428828,0.6558872883903115,0.7001910041131054,0.5906513727111187,0.6663118355892519,0.6808609468027269,0.6127770777336274,0.7122762670480671,0.623690335486307,0.6256268420924767,0.6581096061131426,0.5956235856422842,0.5304451566425133,0.47519057981628954,0.6389243769716441,0.640375015323071,0.6475422967605013,0.4332793333950914,0.5281668660494638,0.3749787046022941,0.5203717999010159,0.5341511606194692,0.6184565666116056,0.7495048691109129,0.6296256350335175,0.743757159494071,0.7266180859762178,0.7024707978026089,0.7520707253308231,0.5084583355672437,0.6555002699788366,0.7488783519214169,0.3988391441628506,0.7726598284791774,0.7335366466875152,0.7390818387677618,0.7885503493791737,0.777749361779173,0.7298929312297987,0.7065552788507932,0.04743987133738466,0.7373235874314933,0.6992495870432648,0.6263737851376951,0.4572031718432874,0.5181511853131829,0.5428270664086248,0.7627335423760903,0.5057706977538294,0.6573387222969981,0.7462094888975817,0.7558048991910642,0.7357936921501108,0.7534668529313494,0.7067727490697499,0.6488029607700726,0.577938338241422,0.5427012932196679,0.5363509632382495,0.6811746884481619,0.6337885549930014,0.7185244413488611,0.36014660377623336,0.4715039798676303,0.37753423708377554,0.48018732076526743,0.16178223547620496,0.43284175417011783,0.5928876048026808,0.6229531354544708,0.6791201598199116,0.7561888569687228,0.6817519187053375,0.568527101373155,0.45469309790051177,0.44138711184551366,0.4266981835495548,0.5401456304815082,0.5828292421325914,0.6531079397882374,0.7918705238971181,0.7759991839491139,0.7905762262638238,0.7681171914892461,0.6914022566288885,0.7636905868040496,0.8009807803922334,0.7866849048563506,0.6968617445214192,0.7191712253095899,0.6894818559755566,0.7704837261616937,0.7746915217815354,0.68960675603487,0.7254709791417643
Alignment_to_Constraints_No_Contradiction,0.737468997313151,0.6872353113972612,0.09461950906138598,0.5113115440564467,0.5409228145766372,0.8110438287094134,0.7532608459169648,0.691218602481784,0.7425872737767543,0.49044732004238445,0.5036103682604892,0.6055260876853364,0.5855322416122226,0.1728892279966006,0.541362369182008,0.346009034653204,0.6201426313986393,0.5287089390365991,0.6264836752294157,0.6486360793201134,0.6889653214134025,0.4824714141609139,0.518199494250761,0.5643553472274065,0.568348806979671,0.6421208438306947,0.5681239234277845,0.5944914352978949,0.5129584401505541,0.321221865699775,0.5206139411789064,0.6254719355751933,0.5840385840367617,0.5014942604966527,0.6319478103321348,0.5661936931157924,0.6462185705313095,0.5593049702725501,0.5068772262990885,0.6161503044560744,0.22238158553433968,0.7302018225238686,0.6179063128214435,0.6831738692024222,0.5697667172909144,0.19991249889103443,0.5493258958418438,0.6741999911130426,0.6528625493795605,1.0,0.6499872132801207,0.4133275580310342,0.5477269991474941,0.5151969060416741,0.6044000478773907,0.587230018873426,0.39681172019292194,0.347927913092971,0.20326880708064485,0.550097745444564,0.5967404454644645,0.5656090770075928,0.5674699355683829,0.2999292749035718,0.5296115658299146,0.49349292957570234,0.462738293047894,0.34431408411691566,0.29521004641110127,0.5577518905144941,0.5625195171597739,0.4968863757695294,0.5244737537629127,0.5030548529856054,0.5563184424049384,0.4612014717969033,0.4848390552239027,0.5368063033443986,0.46336247304286216,0.543079879726796,0.4410572551504375,0.47403983743163874,0.48783051955768275,0.4491804129221853,0.39816024460033306,0.3351410748592884,0.4657027665677711,0.477593167778652,0.46613248894732556,0.35472818889746804,0.46244366629988504,0.26662979266197856,0.3984923455686044,0.4094656299591457,0.4827418722543427,0.6343784230448465,0.5318031916379504,0.5907394159798716,0.6469646695018242,0.5582799460472483,0.6036142681378663,0.369504262892684,0.5314832084035898,0.6128893457585297,0.28241369532976374,0.6291607204886155,0.6497912258493257,0.6408772246455837,0.6319102102265777,0.6093856269994696,0.5475861740429185,0.5821287159229045,0.06521095561993193,0.6313609850825793,0.5708702359294835,0.483736906408925,0.32291051436307966,0.40429557984500836,0.4279514685602592,0.6832945261654108,0.3739132244543735,0.5690403215664452,0.5959234300213313,0.6137655892129703,0.6496697166338354,0.6492795938029413,0.5935162895687172,0.5051159585531517,0.3962076207584086,0.4222890278613545,0.38633043472055417,0.5347882350996147,0.5525152210351707,0.5668578369921835,0.30608136540072967,0.34904773363520497,0.3187502235964263,0.3299714551392595,0.16875488487403856,0.3392027312509734,0.4583316564164708,0.469892689099515,0.5637093626077858,0.6959373212545574,0.5640119112388223,0.4378768861966128,0.32410265927653176,0.2972948625347985,0.2808236087143375,0.41370925628388705,0.5502464404867492,0.4874652623058584,0.6866116639419754,0.6283215862280718,0.6446228410724048,0.6467316043046252,0.6012963458032514,0.6184380544532214,0.6645026196978692,0.6499062864450444,0.5364705479431487,0.6144906938313557,0.6133480859775937,0.5976205665762209,0.6459290830951735,0.5062183020265867,0.5983382957766645
Alignment_to_Constraints_No_Irrelevant_Info,0.66365973497012,0.6887768645510052,0.10965654652243133,0.5208900863590601,0.6161143671257808,0.6484609063502492,0.6263837503340209,0.7080055442276242,0.6707951792492107,0.5559988086180244,0.6415763104206993,0.7281820625564468,0.6983437850983992,0.14359242719115548,0.6343516576230008,0.5021885022469577,0.7097401415109768,0.6703924717746896,0.7119423027825109,0.7360869991809813,0.7687088054296826,0.5384973710368559,0.6171705016441561,0.6933132380873547,0.6816618666540049,0.7298370982015119,0.6625559701872994,0.7218375481160274,0.6493150977651831,0.37235504346272635,0.6338086627770271,0.7288993135322785,0.7025725590464195,0.6223050879757189,0.7330128650534974,0.6777646139532358,0.7355858398715848,0.6733614143842122,0.657430131794956,0.7229738844586988,0.29396045956228667,0.7452872214808026,0.7683941468233211,0.7311756878440847,0.6300222041038759,0.163751671060813,0.5943663706346296,0.7130801020390803,0.7176446047186724,0.6499872132801207,1.0,0.5271682597583708,0.6187264317078983,0.5581837275117397,0.6913164981842131,0.6982623046220043,0.4733906462250576,0.514347452164723,0.25829557033943296,0.6428215061513971,0.6427352393786898,0.6685008515706484,0.685809753386682,0.2758411967181976,0.5999943153724507,0.6113285608883816,0.5561296657535051,0.3623970200800696,0.28089436053465067,0.6568476085944422,0.6688961498745676,0.5631450502372435,0.6784535759967172,0.6202915162886581,0.6727592934237572,0.547958756494109,0.6271210750704781,0.6688592824343118,0.562347101652703,0.6446327760188049,0.5485447865518965,0.5342407632464796,0.5836961174512101,0.5244024159209744,0.444062796490108,0.3758984538906575,0.5933228994315239,0.5843414128453872,0.5450553563301902,0.41448950301215354,0.5102497537249975,0.290919053504689,0.40741563966934025,0.44744136524695455,0.5066849065799549,0.712208002614057,0.5407234967737303,0.6784106358000673,0.7268311890126903,0.6681367069309294,0.7282644461454425,0.3940439286580595,0.5366315451834651,0.702117859156021,0.30976623356373084,0.7321412534795313,0.737652496197903,0.7323825365990773,0.7401630885628778,0.7399574363207833,0.6534123626224788,0.6832375619662201,0.06199685933715861,0.8447196262486314,0.6839268524365459,0.5549301696561452,0.33975596916670164,0.44276318692064076,0.4486427777508631,0.7007457003544929,0.40455925393960596,0.623945062674837,0.7052933414997214,0.7158808724403676,0.7317751434744975,0.72100447334204,0.6510988169103136,0.544353752968829,0.4341461246826265,0.47100072888480254,0.4330949672169589,0.5955152990959526,0.5431563947507339,0.6300722680698109,0.2729309288455951,0.3695193989161764,0.3139538591406839,0.38685895440466217,0.11861506521237081,0.32360463881307217,0.4958230933002587,0.5065988348221324,0.6150565968585608,0.6746130633198524,0.5825427357872313,0.45793305030965237,0.34397991352590374,0.34812758001565686,0.33020251105652404,0.45612469421644375,0.4907033806143736,0.590413190138692,0.7453328622659822,0.712883581807141,0.7397373292549718,0.7288175817807065,0.6840567937192378,0.708865310863239,0.749804747570254,0.742112932327436,0.619039653340105,0.6810590087622014,0.6334060521152932,0.7041671615100544,0.7293054308073347,0.6315232071546858,0.6757724540612751
Alignment_to_Constraints_No_Refusals,0.4611028165596191,0.5047769694256428,0.07642424744293952,0.33942257529030617,0.5293738902968048,0.45500360997515094,0.3941744434283608,0.5206673149578247,0.4793655100033512,0.4602881161355709,0.565603265217837,0.593685264645371,0.607224257242851,0.08020754841644406,0.5490654703235972,0.42679428144360193,0.5672347669247821,0.5562147879890358,0.5628302997928015,0.5636395259672156,0.5649578597316001,0.4648220153206482,0.5100118165723833,0.6007903408121807,0.5682687603123028,0.5402200269076513,0.6002076627220165,0.5819508095632225,0.5808597726772472,0.32568759878445097,0.5511809158211042,0.5681124278357986,0.5387186958253191,0.5281275681984692,0.5486584965945702,0.6163751597795595,0.5484282171943631,0.6292723737751341,0.580083312546974,0.6237010320458897,0.38825577691196766,0.5486011852793536,0.5757776497860047,0.5417909157304462,0.5770936186927704,0.12721670095404983,0.4442034899039504,0.5707659576542194,0.5302470441784555,0.4133275580310342,0.5271682597583708,1.0,0.42443515163592466,0.41009521342282007,0.5940739329937521,0.5550979465650208,0.4935973426300418,0.5268118622234321,0.19162659198780388,0.5383565165730704,0.5226232796260747,0.5531239017913964,0.5657097977188326,0.2232496724784866,0.5038585810570279,0.5586684848662008,0.5163028917800201,0.35404576155962814,0.29075335978523265,0.5750421268210755,0.5837217488049191,0.5160396044347754,0.6109177215344953,0.5681813651912841,0.6206478888686578,0.4276061342926372,0.5576100373436967,0.5576823375865532,0.4710818340797153,0.5575845422256575,0.5453098137530514,0.5344170869252055,0.5019160264099458,0.4720926195635223,0.3944806592021553,0.4017615381892983,0.5120689141470274,0.5370863238719381,0.5192390686490722,0.4200347160584422,0.4791140277955003,0.25981105102272123,0.347833087212397,0.3909648193659356,0.4665371381648376,0.5411377551767624,0.42314291879070204,0.5303519726585947,0.5664255175914104,0.6159274064650565,0.5888229859164492,0.362296207503047,0.48523713587001466,0.5677006986989227,0.26987925543315433,0.5658936469404147,0.5754517408408388,0.5562246229170223,0.5579110994945314,0.5562494381608,0.5709452222367084,0.6067740487283463,0.050890676650125796,0.5169492152679309,0.5422620670570597,0.47007547756227364,0.30016825170124267,0.40395380020210836,0.38617075173239607,0.5398830495594287,0.33837567873297497,0.5217761397553726,0.5618268124129133,0.5799638062481818,0.536282006187684,0.5627286127151649,0.5322549536289831,0.46450603345198094,0.3812922953609977,0.3848963742514372,0.3902474824557326,0.5032957817748653,0.44119986451713494,0.5483997650719854,0.2580154298293773,0.3671312778477574,0.2525793563093244,0.29967905152186103,0.11338058327389357,0.2726922807636124,0.47191267349244725,0.44622705300551285,0.5310495785179171,0.5128811334741488,0.494773150972505,0.4391068723157224,0.3087429106592914,0.3095552070999106,0.28577853677696224,0.36578680396065116,0.37578401409845746,0.4834167209477244,0.5633134426467321,0.5808553194475553,0.5677329494305542,0.5409579689809857,0.6369686439990796,0.5747633448613626,0.5643134303098128,0.5942488527046544,0.5195732392840401,0.5446983487482586,0.46285690370251215,0.5795302511266882,0.5487462572487097,0.5247766565786938,0.5433742352140238
Alignment_to_Constraints_No_Repetition,0.5386069974642824,0.579740561953437,0.20935876208195706,0.5410296204884316,0.6136059197181193,0.5469239479968216,0.5532947857378488,0.6195770642038902,0.5571711343738799,0.580975455668026,0.6144256340689644,0.6377632118291774,0.6264892303810783,0.22523556024229097,0.623258426556883,0.35208850865534047,0.5972805544374541,0.6231118238810562,0.6193775944579243,0.6586620060574611,0.6315036642543979,0.5876885801340087,0.5976694902618677,0.6310282616701741,0.6253363994300275,0.6307073030740855,0.5776922530308178,0.6103571951783543,0.5871925964693575,0.3218512486869524,0.56208023644759,0.6566911894603478,0.6461854471906546,0.5793884752561757,0.6503904763968181,0.5993593980712507,0.669778385195167,0.5935997137153506,0.5904548292250384,0.600275484062221,0.23001270872361554,0.6359886479299314,0.6290569840748094,0.6117414809554662,0.5582667141394659,0.2639211920302082,0.5654467710001991,0.6092323042927354,0.6475875203490024,0.5477269991474941,0.6187264317078983,0.42443515163592466,1.0,0.7189351369548755,0.5458455739907775,0.5982175621110708,0.39261931472318606,0.4173035760611695,0.3195847724114928,0.6386758160630468,0.6186690250285382,0.6170864105649561,0.6321782698100851,0.345483281695662,0.5985113580085111,0.6072735730348138,0.575876682215455,0.4618163454565816,0.3907608687309742,0.5982169274971139,0.6063639799297248,0.5730724900110048,0.5934610192537957,0.5796405961354484,0.6076463904928131,0.5268802279601464,0.5894509147568001,0.5962590838713895,0.5475123593822517,0.6110301836368716,0.5668660291074933,0.5758938562026851,0.57947720856348,0.5108669841828121,0.5263094517721494,0.4668384534840777,0.5674105200417966,0.5766230490014563,0.580764446338003,0.34111283905847034,0.4489563054642892,0.4019487159536991,0.4852151484653124,0.5314181405343258,0.5403878367441862,0.620590516898385,0.5487826309349272,0.6306706228702904,0.6195497648130399,0.5989685183296232,0.6635173214408371,0.46956592375663503,0.5499968049701044,0.6182883723117021,0.4105394683052693,0.666921428231384,0.6314740945318222,0.6274429168276068,0.6717068302089817,0.6661560701792884,0.6340536392286462,0.6243026426045337,0.059844726589448546,0.6251918239228377,0.5968893175454201,0.5419898078576945,0.4509747166081964,0.47952403336506605,0.523546290486249,0.6100130689442687,0.5205672179560321,0.5876493838200176,0.6430884008526166,0.6514662404780067,0.642595334631813,0.6583797310675785,0.6061438151772677,0.575309326660456,0.5237258754854233,0.5338113284462215,0.525926068438424,0.5867870345521057,0.5567058415353469,0.6113442042772559,0.40167502344644435,0.47794375095199293,0.3945169557596133,0.4365541366310834,0.15719349606561728,0.42096747901685905,0.5454264108977106,0.5589068955310174,0.5846889282540719,0.598536270630687,0.596902071257036,0.5152421112113751,0.38378187449466655,0.33520703430925775,0.3776039873063893,0.47033836560260656,0.5315205950702175,0.5695316631572005,0.649782961212894,0.6512398839995465,0.6479439001144579,0.6301818681389707,0.5811170190392572,0.6509142781082495,0.6722032563645175,0.6715487673111334,0.6138258312583244,0.5907665101115692,0.6030985572674342,0.6364766927176059,0.6235279476777711,0.6055120845368719,0.6052929654574403
Alignment_to_Constraints_No_Repetition_avoids_repeating_information,0.5289935629913171,0.5671301630451031,0.23348930420886968,0.579341859304387,0.6115164792641676,0.5009395054674807,0.542995374643081,0.6116474978211672,0.5476280597198955,0.6070090376342464,0.6104402792641928,0.6185833356467861,0.5931011880325098,0.21421057702060428,0.619740100681055,0.3148397110834891,0.5560013563949419,0.6422669570240147,0.6093319362326206,0.6409834092263995,0.5956214249969293,0.5991374090273023,0.5962398731341043,0.6024825841615947,0.6188003494611969,0.5778480382447354,0.5705928314248265,0.60239765363129,0.5905949730583929,0.3204572756612433,0.5644358631307514,0.6434870732688428,0.642335776191797,0.5940171167114687,0.642417005180051,0.602677525447956,0.6477830094578955,0.5793538961100765,0.5852931521986096,0.5916558106713843,0.24512663996826492,0.5996849293797714,0.6214748133573891,0.5854351831742323,0.5417103320956715,0.2933610211898253,0.5953698947407489,0.5940854875887451,0.6237276370481163,0.5151969060416741,0.5581837275117397,0.41009521342282007,0.7189351369548755,1.0,0.5484136852483693,0.5783432144202285,0.4188815256923498,0.3939139057310676,0.3222771998445728,0.6296184127975104,0.6152715217572042,0.6025042038382677,0.6175819586873628,0.3400288711314895,0.6032811608501567,0.6198177163770243,0.602520306194931,0.5079583680979549,0.43614685854625435,0.6107103088491013,0.6262189227698085,0.5581101994046093,0.5796236599416439,0.5758652716984772,0.6099296475727469,0.5252591976070983,0.6060489546947613,0.5935008366835016,0.5722960488837414,0.6146758224759472,0.5834533152890518,0.6038306909286018,0.5996616372015471,0.5505431631286732,0.5560613219885796,0.5191257916625058,0.6020281305105091,0.6031200282010429,0.5892085230936682,0.3823457857103012,0.4612050587658706,0.418712749668292,0.5428253554593548,0.5588692101723557,0.5816227900872167,0.6033558883050305,0.5504458366337762,0.6100964350659711,0.6116004876466687,0.6016269292941555,0.6482308785923739,0.487567892993503,0.5255454377328248,0.6268546899187001,0.42145428192248535,0.6583005300181994,0.6035537508644813,0.6076950337464025,0.6493364148222719,0.6432018642316598,0.6324239109559394,0.6082001146274485,0.06496529847595003,0.5667238185625599,0.5992370833151459,0.5762947997788889,0.47308526237667725,0.5117342214760147,0.5535563048517451,0.6086167304264216,0.5325848859938073,0.5776722616020254,0.6418574954289512,0.6275585815651051,0.6304925125249015,0.6359843424367495,0.6427622557669922,0.6046546637189212,0.538516927880606,0.5351881993859655,0.5514779207645966,0.5979905392761204,0.5792513875402262,0.6178096657236088,0.42166582996903507,0.5175633552870629,0.4085422224771788,0.4513839301115969,0.16658216232299974,0.44731243753379923,0.586643041666723,0.6047061771344892,0.5756626252701083,0.5807703896690702,0.6038572284304587,0.5459989974722953,0.4136021067646273,0.36663974199307614,0.40610201795976747,0.5159309091771345,0.5481533015039984,0.5757538471394672,0.6225975263799539,0.6250829174733468,0.6368103606125919,0.6209553506627746,0.5720056719033281,0.6408343925657877,0.661718612639867,0.6516907906050698,0.6264437292611803,0.592346524063461,0.6184396365321472,0.626179487396183,0.6101795006766813,0.5821455218497071,0.5990705096093781
Alignment_to_Constraints_Relevance,0.6757184178804454,0.7166464165234281,0.11274956893008027,0.4923028381418838,0.6645453136152871,0.6271701685401903,0.606341011312047,0.7146418887377012,0.6988030045956161,0.6032126498456284,0.652966983504397,0.7437131073111639,0.7196203740107241,0.14173316074945622,0.6855707445228806,0.46653148511667314,0.6794720376023672,0.6781719838100687,0.7408025563943799,0.7407499417155042,0.7492824580387488,0.6004399975792595,0.6500436090616835,0.7029590472976659,0.7074248995374626,0.7070217276500844,0.7211290396766392,0.722589242742027,0.657594840787715,0.4502032907350446,0.646174274552904,0.7304446382550152,0.6746924269727477,0.6282475960794888,0.7233874816702781,0.6989405929227231,0.7094214002476409,0.7245676131316515,0.6539263614247739,0.7397932610862948,0.3392662578099792,0.7372083856685994,0.7264260136347319,0.7542870074360333,0.7764713349615806,0.20307326777000725,0.6081092714468009,0.7362337149628426,0.6895118397417408,0.6044000478773907,0.6913164981842131,0.5940739329937521,0.5458455739907775,0.5484136852483693,1.0,0.7102553927868508,0.5714505149373335,0.5744979523702586,0.29206764951194825,0.6558525429078171,0.6762272310074834,0.7320007296470008,0.7276742939421335,0.3526791558735937,0.6574021520524305,0.6577180174841535,0.6140269772085216,0.43633963799737685,0.3658619718892407,0.670438097507285,0.6821859615396031,0.6447254826882106,0.6801113176871078,0.651817090150159,0.6811313157275023,0.5468134933947735,0.677616710695519,0.693125047498086,0.5771334786159414,0.6922151116829666,0.610686565799608,0.6041678448972557,0.6144661932945881,0.5728615514291155,0.4845402105622228,0.45996680089675435,0.6314091081035104,0.6427299725142306,0.6128367164000074,0.5073979841844126,0.5821444495063389,0.3358701846785195,0.4483309009052385,0.5078692890067074,0.6099554375988919,0.7252861071406745,0.616007442412507,0.6983609984968476,0.7380138398782718,0.7341593962225623,0.7414541561442741,0.46282987856628227,0.60017495068938,0.7593441502938701,0.35922651862721006,0.7248280207630162,0.7567729203903408,0.7304156627817576,0.7266000506866876,0.7179989455422658,0.7096027782623582,0.7364652575852741,0.10774507052727966,0.6999723699908492,0.7056920825884859,0.6094817140328921,0.4127170136070696,0.520046296580688,0.49885441354991317,0.737386585551662,0.4664616946990419,0.6855471913362462,0.71703690623231,0.7352393679080296,0.7004797070312109,0.7181979253369903,0.6727907575359632,0.6217549711012709,0.5023947425006975,0.4908504139618026,0.5025407040092237,0.663298453857524,0.6041465190094475,0.692712789338381,0.3397018791343867,0.4533843932231483,0.360590753196211,0.434200073918294,0.12393090981874236,0.3669617123649919,0.5699740707839671,0.5773054162228496,0.6505589080307703,0.7190248589824572,0.6345282115090031,0.5592070167832929,0.3788793936008841,0.42864738462045066,0.3641102316437397,0.4971903183771971,0.5297877452176781,0.6030238141844761,0.7584485401266199,0.7284079582340397,0.7337527878606239,0.712544076750233,0.7592504642708725,0.7638347288067513,0.7537246592369973,0.7431061062610925,0.6742398984992487,0.7441082243465276,0.6497508494182122,0.7221912662020958,0.7225025346511553,0.6721273141346172,0.7255511620247849
Alignment_to_Constraints_Responsibility_and_Ethics,0.6636323179479763,0.7050149711215088,0.2001589761869948,0.5671400284226459,0.7042490514610952,0.6063595347108656,0.5999003362307698,0.734644947079828,0.6844109249973,0.6168505170945964,0.7197073924918467,0.7730134317625176,0.734463927107676,0.15407194574984065,0.7004416426350133,0.4515506684395081,0.6980013877479011,0.7130153773295317,0.7684571722884552,0.7622927611917071,0.7592673112389984,0.6572503655226314,0.696886281506816,0.7406182996114047,0.7446850897220719,0.7438401048436453,0.6962647375439407,0.7399083431163007,0.6975452909342096,0.4318227267745312,0.7074567753005174,0.7587492635763204,0.7245353950716681,0.7059583472075914,0.779955938937122,0.7400523275622353,0.759882511722088,0.7360860166272678,0.711151383421289,0.7660319310309085,0.3201023803079885,0.7532496829256263,0.7485760722600966,0.7486962778748157,0.6844403209457506,0.21927836253841534,0.6309494224667432,0.735297857465019,0.7383875804458419,0.587230018873426,0.6982623046220043,0.5550979465650208,0.5982175621110708,0.5783432144202285,0.7102553927868508,1.0,0.4971922411371495,0.5245283048754832,0.36358978651301394,0.6966611016277012,0.7111682765336079,0.7206163515986013,0.730567660137922,0.3605489276449394,0.6843968978617075,0.6862147039578725,0.6255764395740551,0.43527955098251697,0.3656025937417197,0.7038793905029119,0.72601058252364,0.6449345755983878,0.7163128077997414,0.6688669514106677,0.7221207329921662,0.588759066943722,0.7035078670313489,0.7169101555276939,0.6294443518508757,0.7171390052711589,0.6330312845699144,0.6296706124470024,0.6620190381135694,0.6178782821032865,0.5322702160731361,0.4633093831749578,0.6677045420173029,0.6756572914745763,0.6204956601016939,0.47736802157390856,0.5691817737662771,0.3805090939227821,0.4822917215941077,0.5244958887581389,0.6153625558422009,0.7549618436312298,0.6327398936053006,0.7473737984248245,0.7521262872509232,0.7001789866332541,0.7766249514561796,0.5007358296229912,0.5951912219938835,0.757391104927257,0.4289540064855701,0.7733156709808937,0.735536445968993,0.744387795589413,0.7657889932086022,0.778449455022749,0.7122702549885578,0.729535644847767,0.09023985885842624,0.6952828159250333,0.7257013376078788,0.6647349822565412,0.4268229088093609,0.5365511328232628,0.5191950207303776,0.7559060484973154,0.49054895017945094,0.6605600529622294,0.7410748848757179,0.7491320105961189,0.7323907103921349,0.7507026948734346,0.7157561898808951,0.6489926697453621,0.55645712887636,0.4976607356500183,0.5279224517575108,0.7036133117935461,0.6282687212130469,0.742373942125969,0.35139362093328386,0.45731785806135766,0.3802877862466368,0.47187871697671036,0.14203656236795745,0.4030431095331511,0.5923667521627166,0.6179914642784465,0.6666427831074916,0.7146225584014857,0.6651118722492764,0.5506025538243376,0.425956997197293,0.45061722079935673,0.40016078432525126,0.5379094900267305,0.5690023305396278,0.6642199755652808,0.7745500671908984,0.7713210608155215,0.7723744187733903,0.7551867846689353,0.7060213655821389,0.7625718494867084,0.7886343135021763,0.7727817917167255,0.7000920224296105,0.7492943587022103,0.6887209481453073,0.7572321127031612,0.7574141803810529,0.7164577483451235,0.742022321400861
Alignment_to_Constraints_Revealing_of_the_answer,0.48249575372937137,0.5435811746770697,0.042981753833894576,0.3446404739832077,0.47371366692044325,0.4177206827586369,0.38869317398979736,0.5422360665810048,0.5060988789228136,0.38463413707663757,0.4968927697975099,0.5588397876737824,0.5671250405238415,0.04874872006914656,0.5115013179048824,0.42977251852269954,0.5365515090841485,0.5199759746572035,0.5534113781644026,0.5442196948403588,0.5500247628644159,0.4152604906952292,0.47201766106988147,0.5690521362299125,0.5227862648734274,0.517090280280194,0.5947946945352882,0.5422177591276861,0.5045454235350064,0.3876587726416707,0.5058165204794302,0.5253110888218451,0.5010790586969391,0.4901198039028961,0.52903841218218,0.556316364185248,0.5395481512234542,0.5613479037644229,0.5104857528183103,0.5803365972655099,0.30124691412818844,0.5142332149575504,0.5617934194919972,0.5361972808357648,0.6106430538559903,-0.023767550494749816,0.4104833540755089,0.5402563152781271,0.4882816521454229,0.39681172019292194,0.4733906462250576,0.4935973426300418,0.39261931472318606,0.4188815256923498,0.5714505149373335,0.4971922411371495,1.0,0.3870258094913744,0.20162836085271615,0.4828035597533688,0.5298855796900326,0.5556893978839353,0.5118869409173157,0.1834800876882533,0.48428946487210217,0.48769812993701595,0.45093598858054157,0.29711284813119965,0.20996566795572033,0.5428609103278736,0.5701145566087216,0.4723712594569152,0.5312612249671902,0.5069427235740298,0.5326542587650825,0.4091224622816996,0.5121322032295355,0.5508522182286869,0.4481389504777843,0.5184439866784447,0.44248729785331703,0.4526580006202989,0.419519598133049,0.4445608382174552,0.3098869836525235,0.3039025787284091,0.49046164036445505,0.506196411468892,0.49083036281852827,0.44601536397161207,0.48326437910942427,0.2613609240573327,0.3164740703805772,0.30126442904726114,0.4384959448905158,0.5517250531869822,0.4234702222952881,0.5368857605853011,0.5785042117158106,0.582984749941255,0.5526643563300819,0.2937534503414412,0.418708653766142,0.5923700983876964,0.21023570310031928,0.5350910054469336,0.5452353567375492,0.5311948431865181,0.5449903645087683,0.55191914686064,0.5301255877468815,0.5836211913623132,0.0565382870704762,0.4932787193518846,0.6037615297590594,0.4739393400260648,0.23919568356449628,0.3588047159661807,0.30757596726565156,0.5598264156656969,0.28708760690020874,0.5615595980443605,0.528914328973318,0.5374929548236823,0.5064282335475311,0.556035647491267,0.4756349618227731,0.43844909285635,0.3548197437609714,0.30331466721044775,0.3198749795616921,0.4643734660809937,0.47292865707760107,0.5074910628156684,0.18401590107921043,0.2972968124634901,0.2160338671731679,0.29694379844569196,0.035760376693792825,0.19060918935972967,0.39302285060860204,0.4020094230757478,0.5067949619297751,0.5109504310500356,0.4416025655154111,0.3881723244613016,0.29347284916705585,0.3524928618327765,0.25855506537411405,0.3893993410356451,0.36253697945109337,0.42640535988292155,0.5617144279186084,0.5377934287414897,0.5371557970425794,0.5340211281853834,0.603588074411642,0.5536011296748236,0.5496823318292622,0.5731264330213266,0.47401121528797246,0.5592300616752269,0.43902163186687015,0.5382614861575448,0.5416124494638064,0.47739355815628776,0.5235984815435627
Alignment_to_Constraints_Stay_on_topic,0.41013197697992637,0.45025366017513274,0.07726378997478149,0.2985842483676397,0.47308378464373985,0.39780899211857296,0.3522635488336385,0.4688203331621249,0.4449059049022925,0.4422647400597978,0.49790110502220186,0.5411532849559482,0.5243271072835431,0.03683752177345088,0.4966007161572636,0.3844243714749041,0.4706073519462573,0.4985148089374823,0.5019523678306145,0.5073714736183933,0.5119426935102852,0.4330121836618049,0.4599974492448366,0.538922666618951,0.5029953666440878,0.5002733136564137,0.5415209350079516,0.5161829910252315,0.49601422473560014,0.2461915382618374,0.5008704072769069,0.5299451964277544,0.5027893787316036,0.47811690605167795,0.5010361120169932,0.5511677206722413,0.5085998653339677,0.5592876512090048,0.5211221070973235,0.5764686191679858,0.33671720784416476,0.4855877710645594,0.5214085444094112,0.506755798584701,0.513233506521277,0.1612608731829737,0.3933355278345497,0.501798112772357,0.49992361402317503,0.347927913092971,0.514347452164723,0.5268118622234321,0.4173035760611695,0.3939139057310676,0.5744979523702586,0.5245283048754832,0.3870258094913744,1.0,0.21747028949436695,0.47673767978700027,0.4549562970264614,0.5249225059231105,0.5039035458021477,0.24216288055564905,0.45070746637372494,0.4986502568577395,0.4631992242952856,0.30880107573698823,0.25672676504563946,0.4887271673382001,0.4982266802202874,0.47390961622245736,0.529183089868458,0.4946548611168896,0.5313614120026677,0.3892909304255965,0.5006869681897509,0.5170692594330282,0.42021350880537295,0.48626177736685733,0.47725656389656484,0.45836459816369424,0.455400619971911,0.3996852935831591,0.33511515482173865,0.3537800399058836,0.4503801208899262,0.4715245950303921,0.4379674783318546,0.3154122749579056,0.3597477171695622,0.23830751903390424,0.2994087736528307,0.35917172354113247,0.42783392954248795,0.49016474770739216,0.41548304605444836,0.4752474452661229,0.5049914355071765,0.5552277325167456,0.5438096622883164,0.3166135478640598,0.4181893868340394,0.5226452536821831,0.23177216276979273,0.5070970348525621,0.5207303882934672,0.511830591171231,0.5291546076224466,0.5091596998316856,0.5440466397130688,0.5432614415594514,0.040675812922385694,0.5300582754879174,0.49164583878982515,0.42454275216200765,0.3020571090818569,0.3639597071336414,0.3649607281319731,0.48874004089898104,0.3081024008304936,0.4750660759098793,0.5140221035711765,0.5497532127198226,0.48978944196121643,0.5052362622542337,0.4751723004607297,0.438824901844085,0.34345005775660187,0.3548177115482481,0.3722309999837917,0.4587960227698768,0.39629862829559576,0.48141732111470137,0.20347334179575058,0.33539447960902047,0.21191045713350667,0.28843605381834475,0.02073447772922552,0.23182891240376105,0.43418027472117543,0.38754605104250817,0.4465888933764957,0.46515643539465007,0.45705952946578,0.4155616008617738,0.28419499208565263,0.27868981843511137,0.24521024051402524,0.35491898259125304,0.3640699067510114,0.4290749160031521,0.5273604779598183,0.516222174165859,0.5260191383259841,0.47647192230334945,0.5633873148718646,0.5353784864449302,0.5167387315047407,0.5405600017778326,0.48271980091645394,0.4841682035174616,0.41658561717716497,0.5436482093289154,0.5036599521226036,0.49663630070968656,0.5119101672002753
Alignment_to_Constraints_Transparency__Accountability,0.297206814361955,0.30451841883915115,0.2535197000803212,0.3447946593477928,0.38752435327300244,0.22488065151102254,0.21385663268504992,0.33663712368111076,0.32324437074412526,0.37423323992189944,0.37007930436174913,0.3440361147894396,0.32616248020566474,0.24191502441590257,0.38558034162172133,0.10142982617815623,0.3061463099188594,0.386342869834492,0.34190057176527583,0.3403190920451571,0.31436581062732977,0.40722520530661793,0.39790193236286264,0.34725797953043164,0.3699163456811439,0.34896827470731606,0.3200565046992185,0.33277832985752737,0.34659659213025035,0.19598679145140904,0.36348723076127937,0.3452259022215886,0.3447065808939603,0.37165208985107445,0.34313654998870075,0.3228337172110535,0.3747153830431894,0.312859697685884,0.3487480836016433,0.31242549914340684,0.13503563585975062,0.33709499397311005,0.334393969758381,0.3072667985714041,0.31786385968472824,0.191313120863715,0.3476778540980348,0.32951168103749623,0.3259240989110649,0.20326880708064485,0.25829557033943296,0.19162659198780388,0.3195847724114928,0.3222771998445728,0.29206764951194825,0.36358978651301394,0.20162836085271615,0.21747028949436695,1.0,0.3680658163286608,0.35696560851613063,0.34396674918617265,0.3775221936645206,0.3181376761546052,0.36314078264008737,0.37753024414676256,0.35686808494145084,0.2858184418892393,0.25806399288384985,0.34989870624778757,0.3740898735227359,0.38247206478945883,0.3295291878715103,0.3272919503785608,0.31173724953574844,0.3241987998668211,0.34406271242651065,0.33623746710753766,0.3904681745710515,0.3826936766659607,0.3583065424042805,0.35109707710765337,0.381558651004737,0.40432923292123857,0.39647856190670233,0.3057813345704916,0.35102625152407435,0.35921423871633185,0.3718150005510845,0.22063038179672084,0.2566509019553401,0.3980749320618472,0.38581911430269217,0.3243990623519424,0.36807983731453264,0.345428435198178,0.3575788341216632,0.38048832485879175,0.33066828904039297,0.34519939262135163,0.3708084709808128,0.34596034253760116,0.3202737110160446,0.36355264053765923,0.4283132971955727,0.35543232054266377,0.33797978842460663,0.33509331959479743,0.34859589196217994,0.3527026924054865,0.36508320126805166,0.3143406110617071,0.07732626656980934,0.2386031450605323,0.3608706498796196,0.3584805995874145,0.31493914455790245,0.40877558253200685,0.36232941931423535,0.36255862919180426,0.31819307511291167,0.3090169825308902,0.3687669852677042,0.35674968140237484,0.30028386134387136,0.34379088575278677,0.3598207891886292,0.4120228373597411,0.4097159706982003,0.29304670806385724,0.3641802866655168,0.4076932000413781,0.38347688960632903,0.4358291564768923,0.3192082721593086,0.3114737928970143,0.29395992259273857,0.35727042124185054,0.1366439356565362,0.31227409992587846,0.3581996164643533,0.3695949740519967,0.348853526192774,0.3165161563688853,0.326895936160754,0.3161775816746329,0.3467524861499438,0.3189528367393412,0.33539227763069196,0.3954215594839857,0.3571752794254684,0.3744113004171165,0.3663066938240408,0.34372410816546084,0.3447554232289221,0.37815705213739137,0.30388605575631444,0.3572079117899338,0.34373098717359674,0.36921093024065343,0.38025500562702375,0.34281763206578514,0.33774739420742667,0.3702793771879416,0.36386135835177724,0.3638808366355959,0.3671882178688671
Assessment_Assessment_Effectiveness,0.6204282517997565,0.6703957592559601,0.22514938834587025,0.5640998693335992,0.7433209719195187,0.5902037626594752,0.5764397591195322,0.7225521065932481,0.656943604364169,0.7560284328476014,0.7833075098833482,0.7551910315712244,0.6877201162452236,0.24224752401788055,0.7875544700064948,0.2775219673066922,0.6513737297353283,0.7909408011520344,0.7361777181708085,0.7644723824572953,0.7297366456603042,0.7718535647957362,0.7591449985973819,0.7618092751880798,0.788592108306256,0.7372112919409098,0.673653938591852,0.7597284188519776,0.715613545828822,0.39772245915685145,0.7278607034842733,0.7536758720827935,0.7092475724918946,0.6998180481914839,0.7408733396061032,0.6984853805105439,0.7261851991196915,0.6823484703310003,0.7020030855788141,0.695130006776253,0.2592352857308111,0.7111576524757932,0.7156225113436196,0.6979880461203142,0.6599314976826318,0.28313662740145196,0.6681572506483842,0.7345777366631353,0.7073564148713073,0.550097745444564,0.6428215061513971,0.5383565165730704,0.6386758160630468,0.6296184127975104,0.6558525429078171,0.6966611016277012,0.4828035597533688,0.47673767978700027,0.3680658163286608,1.0,0.7344746576239835,0.7493396330489153,0.7924580203358836,0.4445741873757993,0.7443152000605363,0.7599120877094029,0.7511743706521791,0.6297671737082263,0.5776884723780614,0.7436672615528939,0.7531725004994548,0.7113467947140433,0.7094245285018643,0.6895010837964684,0.6912334443443179,0.6653788637708811,0.7237387247843785,0.7040257813471625,0.677009181944725,0.769801739597522,0.721412792819049,0.7124829273274094,0.7636311237590039,0.710693639076273,0.670718295094726,0.6511842147958079,0.7334875881324066,0.7242856755917448,0.7161525344638618,0.4421596502928545,0.5419102150892309,0.5418947560124134,0.6229739455012702,0.6771485165312824,0.7248700158244105,0.7305660761645283,0.6593281136220739,0.7534035165761775,0.7269382301243362,0.7465296148895183,0.7666570810889349,0.6537496685473311,0.6178381110268837,0.7829644934907739,0.48961980617509876,0.7919790219234915,0.7307126394860723,0.7416812221096037,0.7587680235489896,0.7603672456068779,0.7562164416700394,0.7267414026560244,0.05307260185606765,0.6484573284266594,0.7128305057835096,0.7095794580814351,0.602121697584824,0.5819178825288043,0.6726126525580498,0.7234631106333685,0.6912178270236676,0.7058750720033262,0.7727206412541603,0.7422403848411778,0.7123102153362155,0.7436908099995285,0.7340358164393719,0.7260639385203008,0.6533231301441533,0.7000612932120884,0.6992924022458653,0.7631583578663058,0.6578479117458835,0.7774836186324706,0.5230240143958469,0.6463852464684945,0.537975191442983,0.5471561154170784,0.21056893412875546,0.5398662934751028,0.7423743573375713,0.746549571612846,0.7224147864088774,0.6959032628822143,0.7526766198976073,0.6788105626805128,0.4945338674623984,0.46568950246237195,0.495489126798787,0.585747000328137,0.5616282925420547,0.7003843659978323,0.7553940174216041,0.7492658894744747,0.766857274061262,0.7536753529008178,0.6659151974609702,0.7646312891404693,0.7702500291721484,0.7768814078084786,0.8075543793643609,0.7379195373274288,0.7108550528912483,0.7462992125250599,0.7347525561558436,0.7623395589240975,0.7507678580482314
Assessment_Comprehension_Summary,0.6494524914577978,0.7246407526919083,0.178318688823973,0.5764565392639392,0.7288624757667013,0.6221717154705113,0.5927596900598836,0.7439528626335354,0.684412142503269,0.6596133491428413,0.7072885937427041,0.7554043039414854,0.7116373899853924,0.16983333497236217,0.7508055264292351,0.367667203258598,0.7000054579191245,0.7280873718168367,0.7408136628480086,0.7552183589865599,0.7427657006752394,0.6804416808795604,0.7164924989998235,0.7395008187470186,0.7457498971603794,0.7275970184695689,0.7063046299072047,0.7441160049802263,0.6600937468389922,0.39886112478207064,0.6776658081582164,0.7304230889528828,0.6902545891989182,0.667690683115983,0.7518542798360933,0.6900506700314905,0.7367227368997611,0.6845129501552053,0.6412834278653337,0.7123559701283327,0.28056144375564623,0.7391837323888465,0.7264029775213878,0.744885169833887,0.685210333100283,0.2350840470900433,0.6487492467413081,0.7320955005331072,0.7346549598495978,0.5967404454644645,0.6427352393786898,0.5226232796260747,0.6186690250285382,0.6152715217572042,0.6762272310074834,0.7111682765336079,0.5298855796900326,0.4549562970264614,0.35696560851613063,0.7344746576239835,1.0,0.7393599196883972,0.7296636042456447,0.3830670635078341,0.7227308105756355,0.7102566423967872,0.6710427570289286,0.5048734659326085,0.4332039154688619,0.7045036702394608,0.7225117629305536,0.6752858074342897,0.6724436561154643,0.6412191193119855,0.6614163046106754,0.5869723312295868,0.7014806959083267,0.6972360756223447,0.6442016249764364,0.7222534209219789,0.6572770177180774,0.6533611905567986,0.6759264964112897,0.6451624759609282,0.5743439326407669,0.540176525276805,0.6577080259938262,0.6805900902972739,0.6719180739722407,0.4448517285351439,0.5392833859076835,0.4231020535152497,0.5278885061665086,0.5820438840178387,0.6607272555714403,0.736412164190094,0.673945318709406,0.7357911584598937,0.7339618803378288,0.7127967704025201,0.7512712754741186,0.5459617912240543,0.6339965530974131,0.7758466272743698,0.41880788991334933,0.7696836473710194,0.7112518289880893,0.7305446514707501,0.7370805285868702,0.7382844657024332,0.7086526895930537,0.7030149728754879,0.021311123404648566,0.6608971592754084,0.709002174236246,0.6765671622329692,0.5136293250869117,0.5810610139553658,0.5732994888238011,0.7488298556122692,0.544541345603264,0.6788878801978001,0.7601601817970769,0.7472748434581226,0.715544775415913,0.7257376929992445,0.708705853454008,0.7056085085121224,0.6033122210404289,0.5558255513095077,0.5909078506331218,0.7259062306594228,0.6723502586368507,0.7685475774553774,0.39296630094363505,0.5121056291362556,0.40687862037518335,0.4884413212427723,0.1393233689163844,0.44551472929362007,0.6315612668997098,0.653894857023395,0.6799908001896013,0.7323870932460904,0.7157449083308637,0.6152649684369841,0.47697507390121835,0.4795528143123967,0.4399711406865439,0.5786132574665005,0.5698532845323581,0.6653978258488094,0.767504891095917,0.7569054966364852,0.757670257390285,0.7540405064526096,0.703786819476494,0.7669843076831623,0.7822020773583218,0.7656858486033327,0.7254949685208889,0.7632720781617651,0.6918009496428784,0.750221012368929,0.7485506012733351,0.7026230296166439,0.7508223388475348
Assessment_Goal,0.6648344911066502,0.7212152728328377,0.13773301199442178,0.543438301770236,0.7478866341379707,0.5972989633523861,0.5914047458039842,0.7461800857391796,0.6889979457477662,0.7059934146927218,0.7554235154371443,0.7783944957255176,0.7325010166705164,0.17430908498580158,0.7837671606092482,0.3912566391495289,0.695203354868635,0.7534204020408112,0.768710765061267,0.7861354345433393,0.7747728802842042,0.7047155806533267,0.7291832462329363,0.8029699943449934,0.7743007553094845,0.7488268738744605,0.7599183488830628,0.7801992363531719,0.7262823481476636,0.4060197345292661,0.7036707373928519,0.78802862812445,0.7184796251644339,0.6999965224602973,0.772559761182308,0.7371558425177775,0.7617900570943353,0.7007634162799528,0.7122066001726988,0.7396409975213161,0.319829343632822,0.736003456296153,0.7434306254293445,0.7409349436915225,0.7481980869998449,0.23843792315442514,0.6632425537231708,0.7494964191441422,0.734720548527358,0.5656090770075928,0.6685008515706484,0.5531239017913964,0.6170864105649561,0.6025042038382677,0.7320007296470008,0.7206163515986013,0.5556893978839353,0.5249225059231105,0.34396674918617265,0.7493396330489153,0.7393599196883972,1.0,0.7831659505093327,0.4172104257662115,0.7496720380166236,0.7410472190934145,0.7171656652643241,0.536482463108344,0.4635916538339219,0.7703559066195221,0.7967584496333958,0.727230104296593,0.7478029427239056,0.7102768640256406,0.7249757636789937,0.6532282626646887,0.7211977775321146,0.7328387732496348,0.63931023125209,0.776322945344026,0.7024942491545544,0.6685637505450769,0.7113148794049879,0.6875493802501439,0.617404458673717,0.5675021031452191,0.7084521940585163,0.7108152183567262,0.6985531314902079,0.48598245664210227,0.5755216806268322,0.45153919369265655,0.5468977288852647,0.5915831285244346,0.6960805454908945,0.7583594166095887,0.6910838292314118,0.7596251367574407,0.7641683021926079,0.7952486018145425,0.7895253351509078,0.5711828194458015,0.6546532214578838,0.8060423804938475,0.4295307977692011,0.7831645210623255,0.7615862487060623,0.7556531710705529,0.7794867848287415,0.7730573911616122,0.767727153605628,0.7615032837943906,0.09674911047401931,0.6861899290360544,0.7441242086431321,0.6969174523723141,0.5330184440411749,0.5903554836507096,0.6045328520220082,0.769392580984974,0.5715703660516075,0.7636373824210372,0.7940400335152428,0.7815486050557797,0.738779667650106,0.7752038067791925,0.7233337279763797,0.7151337651399374,0.5991090916783113,0.6043027534244289,0.6153469618340239,0.7306380789406138,0.6593177431400278,0.772461596305721,0.4238922889880337,0.5546565521186382,0.4429965864499269,0.49162616711367846,0.15261180817676445,0.47323135846661124,0.6838150304849064,0.6834934632508707,0.7269985616364241,0.7415818821044898,0.727288360608013,0.6332253102941119,0.4844950700882457,0.4416302770528903,0.45515470644001216,0.5608087912583968,0.5639495690922556,0.6923809827968224,0.7709023256691394,0.7700667752328324,0.7757505694349918,0.7505278210190115,0.7560879565594464,0.7981061654109017,0.7873617751975978,0.8013091921553208,0.7798520162458481,0.7760345299876196,0.69062455472762,0.7578593266476378,0.7708412223816035,0.7232551689841649,0.772159788837796
Assessment_Insight,0.656380353000253,0.7095522741285838,0.21206660166815622,0.5799396173884742,0.7614645286569343,0.5925711531552773,0.6001478507897107,0.7337756469850388,0.6757682573795675,0.723563663016249,0.7940803770340599,0.7870801128248464,0.7273444627288208,0.2282646427248058,0.7853295500603761,0.3738800066545995,0.6978239756364778,0.8112421634091364,0.7974593590093395,0.8070663995475386,0.7776083756720809,0.7242424346346804,0.7588123409390714,0.7761569087023616,0.8071248083446437,0.7601745108224169,0.7284224700769192,0.7914717820504944,0.7387750223226273,0.46776862581965034,0.7552550588388892,0.7929744386230891,0.7312742932550578,0.7437348244373605,0.7746515050933311,0.7294059376464854,0.7702985445409057,0.7180219378749094,0.725085852303643,0.7518386561145637,0.2967360952809544,0.7357420470682648,0.7253298818926989,0.7340173718337735,0.7194541851743594,0.2548002078096109,0.6740348249732677,0.740697029822602,0.7191453269255783,0.5674699355683829,0.685809753386682,0.5657097977188326,0.6321782698100851,0.6175819586873628,0.7276742939421335,0.730567660137922,0.5118869409173157,0.5039035458021477,0.3775221936645206,0.7924580203358836,0.7296636042456447,0.7831659505093327,1.0,0.42379087491409717,0.7610800786476045,0.7634266794043388,0.7317663450356088,0.5686972959376136,0.4937887885579094,0.7715852530782037,0.7889452376533792,0.7038060022260816,0.7536195268887401,0.7028419882593571,0.7276781771625643,0.6620676546101352,0.7471165854617405,0.7330455862175932,0.6986302903419941,0.7810772134498524,0.7118083551268491,0.6979632342264654,0.7505700358437843,0.6855346603235526,0.628602461432312,0.5830178527665149,0.7373426047880688,0.7380636510359415,0.6978118810080435,0.5224497858953748,0.6111482969895349,0.4951607755219501,0.573395302726408,0.6251201522343723,0.7084482497464956,0.7757507924594369,0.6715957032716008,0.7687592316816299,0.7625355485220668,0.7672243786633383,0.8046508700808864,0.6032726215678557,0.6294057703957049,0.8094304267256288,0.48340938958417695,0.8047252913470577,0.7860901441336098,0.7919262293118139,0.7866263417276197,0.7838322234547025,0.7803380030135977,0.7616739221220321,0.1199237120256599,0.6922218062744226,0.7569816266664642,0.7177533824306552,0.553498474193208,0.6088429906729375,0.6279771263461698,0.7687446611142753,0.6102039138343468,0.7501739760115876,0.8224186764020659,0.7843137924748249,0.7529161563701748,0.7706135345665811,0.7394740315292336,0.7228445050106034,0.6217746110582193,0.6352645100292721,0.6513415529172786,0.7549710921567961,0.6567237110969883,0.7837395171715048,0.4642845001536852,0.5764467065591107,0.4954475193864031,0.5498325722417257,0.191094450840314,0.5225121899021331,0.7052070352552448,0.6988182046870212,0.737331074708818,0.7186793405208712,0.720669100505268,0.6305163964059181,0.4761916231381684,0.44011028365261284,0.4442455378972132,0.562090081215783,0.5745170678624406,0.703768921795627,0.7942693363559923,0.7738529265026348,0.7856379262663851,0.7802781775716384,0.7340085568712031,0.8063685694326181,0.8121454812992984,0.8029993694676095,0.7812339883577125,0.7792277422262682,0.7140389786182423,0.7700686336484472,0.7559851832045383,0.7588999210814111,0.7796643501405762
Assessment_Self_assessment,0.3509327001021387,0.36247526188746915,0.1447566626044986,0.36115089854136095,0.42222072893053764,0.31163719256172234,0.346844656568499,0.3750986164204074,0.37168711885105515,0.5194463908948764,0.41039293313881836,0.35914273836054245,0.35314121095829154,0.25934693687914634,0.47037466679606205,-0.016751501804196402,0.25874330311921306,0.40569554575421113,0.3166396454261025,0.3628101252828966,0.34049150865924876,0.49353922285863044,0.44426965030322446,0.3807662771263278,0.4162214715904401,0.3446776261697048,0.3573324490975311,0.3672391182170711,0.38638138886519335,0.11453086755799612,0.3379598432972361,0.39875746140204815,0.36371690185711125,0.3576576498855867,0.3857114907117756,0.37734462916655936,0.38224657680395,0.3533523164050904,0.3559493448034145,0.34431472424003634,0.0980693051954662,0.37380123232241885,0.2928641779719607,0.36193114002792387,0.3244408612492232,0.3310537440958957,0.40605851570847845,0.3814481444052246,0.38480787202283656,0.2999292749035718,0.2758411967181976,0.2232496724784866,0.345483281695662,0.3400288711314895,0.3526791558735937,0.3605489276449394,0.1834800876882533,0.24216288055564905,0.3181376761546052,0.4445741873757993,0.3830670635078341,0.4172104257662115,0.42379087491409717,1.0,0.42823636371838664,0.4429012557257858,0.47703804900836094,0.49089078922701246,0.49758282984596147,0.37404986664954687,0.3691872560765302,0.44849921947699584,0.3679218959814723,0.3746253303083984,0.3595730336105908,0.3823321195361941,0.3480794258159872,0.33198562306734963,0.3862467192113198,0.43613978169693224,0.4634249485519981,0.45812714346764566,0.47573118639809847,0.4352406026388193,0.5465076415126847,0.5145027666605089,0.3783575371087557,0.3817149816245871,0.4223153804186404,0.13813639469646813,0.19769589272643306,0.4425039655213672,0.5193563117861009,0.5100797580497436,0.47872581848518364,0.3410627316468011,0.49333245277350946,0.3880376567901848,0.32809908683728417,0.3845798032132574,0.4028956438848338,0.5774509998026253,0.3897867932222007,0.402482162680498,0.41908946860364044,0.39184303585894087,0.3479543474357002,0.33482611614963903,0.35458678769427787,0.36823513145579,0.4530521230105819,0.3487046555186562,0.03818833211693876,0.27800133492008827,0.2929944596975141,0.3790542661462758,0.5278455066535356,0.45422238519873964,0.5243534722119036,0.3429722237528611,0.5224977485815485,0.37206013203243954,0.40588682095412276,0.3570291031481296,0.35915536169977985,0.3805152891470165,0.4043667503216139,0.48946522139789245,0.5051934353724699,0.5126233787621666,0.5260698810050832,0.4939524435517014,0.4397066554974878,0.4456262961827528,0.5817555387626004,0.500505971664287,0.5807652570894085,0.5124696768057916,0.31245680099790246,0.5990055035348689,0.5491279849578495,0.48480286786870236,0.38177951400763666,0.3784002951355769,0.45006304890348614,0.4685427758773371,0.3320091360016137,0.2892512802303773,0.33180051400182325,0.3120460930023407,0.4070210115015329,0.38162313272374365,0.37223389502442217,0.3627246696174612,0.3618659130605857,0.349835190126884,0.3418799298290401,0.40056527205985404,0.4023980814423877,0.39681148426582286,0.47882779428794503,0.3687611274785816,0.40945250241056314,0.40018217479277696,0.353679427466608,0.4023535870411427,0.38251599984862567
Assessment_Synthesizing,0.6014156158321539,0.6820011742247022,0.19803860066794843,0.5670423020626201,0.7699659158258337,0.55526867668942,0.5537140476200477,0.7074093093935149,0.6295558254370195,0.7127106326152912,0.763807361998161,0.7156355951715575,0.6686810649255089,0.21335560394765907,0.7648072483559697,0.2924021666443835,0.6414652221001,0.7421462474834114,0.7174991302214105,0.7271088326126627,0.6962381048398658,0.7260757853102993,0.7303806320719239,0.7346495261804956,0.7621740784096485,0.6974170741417803,0.6756114256469696,0.7360624424353059,0.6948829519457935,0.4436721833517755,0.723503951346982,0.7269941799726718,0.6682938228372718,0.721071712134763,0.7273843663917761,0.6852101344632348,0.705720946122733,0.6620480402178158,0.6804088808187011,0.6670527469594509,0.2762161743741683,0.6816322347500666,0.6769206571123133,0.6958069643796818,0.6817198465394827,0.25024060829199024,0.6559303845398246,0.6917469692110718,0.6754687624810395,0.5296115658299146,0.5999943153724507,0.5038585810570279,0.5985113580085111,0.6032811608501567,0.6574021520524305,0.6843968978617075,0.48428946487210217,0.45070746637372494,0.36314078264008737,0.7443152000605363,0.7227308105756355,0.7496720380166236,0.7610800786476045,0.42823636371838664,1.0,0.730504040396191,0.7183021177634054,0.5555105673255643,0.508165144821434,0.7460843829273102,0.7215659432066742,0.6995463943309749,0.7009376440240096,0.6842227734776898,0.6766854152368538,0.6652259658314206,0.7240751362456322,0.6987197860798048,0.6608925384221505,0.7616368413935867,0.6863846392081092,0.6654436581308287,0.7515023336611593,0.6872022627882698,0.6532059184498944,0.5802541317754608,0.7134204882635714,0.7131593236565954,0.677772318709144,0.5076265446626077,0.5919603126092419,0.49858147123762886,0.5637028118156185,0.624331160369059,0.7260347296199909,0.7155031447733338,0.6869206575912693,0.7245710220182577,0.7031730284229442,0.7379362508141597,0.7574383238869857,0.6346550465436649,0.6008819272525806,0.7525253620713055,0.501421546698737,0.7592190801547877,0.7086028039213796,0.7100417369187783,0.716533118595654,0.7175773270506004,0.7173589595748228,0.6980337027341121,0.12350187485457415,0.5965571460335923,0.6978494002251814,0.7152138550234536,0.577452550972286,0.6469177356410859,0.6441224641255885,0.7024382681077349,0.6214098122304409,0.6996753156739917,0.7612592363597103,0.7217843766738631,0.6813800523402486,0.7093287957452414,0.7106210844782759,0.7542278733708171,0.6403310254456726,0.6175342358819838,0.6719443313544997,0.7643342309128229,0.6698995972994077,0.7872960484303543,0.46212221155180694,0.5909517012835465,0.5387923717697687,0.5459790728870519,0.20153886529656304,0.5064162758973798,0.7091451519019091,0.7190345695415126,0.7115159833300849,0.6633333531036745,0.715215479448317,0.6191325932648429,0.5019076400994423,0.45236332135831064,0.4473061012635656,0.5653469323328612,0.5597798093406039,0.6983128938457875,0.7208065253942162,0.719402690888327,0.7268065885009346,0.7271607649138321,0.6787686850210904,0.758630096616924,0.7312523319378333,0.7423966228472936,0.7609659699137047,0.7623549260192339,0.6878366967481125,0.7129184717717988,0.7152323395909532,0.6962926571658216,0.7254323816253045
Engagement_and_Motivation_Active_Engagement,0.5747869563945089,0.6437373124978429,0.1976978258919354,0.5550876612567543,0.7315003528276647,0.5149266510002967,0.528415765123446,0.6805305670259,0.5957360770315148,0.7302172861897648,0.7778151164566136,0.7734168192974544,0.7301310837943997,0.22994581168284245,0.7848927479449445,0.29757929567704083,0.6535400182026659,0.7744274950194856,0.7538966743168647,0.754253335852229,0.7170795875545101,0.7416109564342658,0.7417663849193099,0.7797587763938226,0.7659203937051053,0.7125375665137387,0.7120450526670317,0.784802918037253,0.7987693181256873,0.4321716696211251,0.7521632445454114,0.7620991025153916,0.7163040863337945,0.7784426971682757,0.7507224249587803,0.7731852688351464,0.7410571408086679,0.7202976506046079,0.7853768945571972,0.7166868212535752,0.28499844004534525,0.6758772763431814,0.6969714101446334,0.6718808271446841,0.6557588917047867,0.2695503763490588,0.6615692376577025,0.689948373793369,0.689407793331118,0.49349292957570234,0.6113285608883816,0.5586684848662008,0.6072735730348138,0.6198177163770243,0.6577180174841535,0.6862147039578725,0.48769812993701595,0.4986502568577395,0.37753024414676256,0.7599120877094029,0.7102566423967872,0.7410472190934145,0.7634266794043388,0.4429012557257858,0.730504040396191,1.0,0.8350444482836428,0.6588276916091876,0.5856759911495752,0.7885687935275316,0.781285465155142,0.6783442393678193,0.790860441357895,0.7640654546135022,0.7623977094681537,0.7010158113931574,0.8070960383276156,0.7722001727070076,0.7214983506489193,0.8165514095422212,0.8186564035252379,0.8134327550443562,0.7645281518823985,0.6823900988914492,0.7259007696067614,0.6826335411122991,0.8302866406833144,0.8281246762578914,0.7108854579878437,0.5275329092812809,0.5983547680629016,0.5415757297285653,0.6364209340503486,0.6729700808932898,0.7360014371065845,0.7313554953051687,0.638861289086539,0.7456767142372926,0.7180710387550767,0.7812520547407688,0.78431242010028,0.6506719169267892,0.6206534645810621,0.7826449618690166,0.5327260789741999,0.7752500183391625,0.742814156345443,0.7382378739848984,0.7587658034928589,0.7577570169126547,0.8236880928132793,0.7700517431890621,0.061109126215470815,0.6190833454848744,0.7056786294986084,0.7116318435406918,0.6182288176444203,0.6024182703554377,0.6653292679538415,0.698176685757022,0.6536715308439778,0.6723773788322875,0.7688163969858129,0.7533653180304007,0.7124100355754321,0.7411482220216082,0.7139399258761594,0.7114998366741494,0.6118924865039005,0.6655622918882227,0.7268748840313185,0.7537382826222159,0.6486212041994444,0.777388408484461,0.5065670097760416,0.6700192282727155,0.5221337660463398,0.5671883967769451,0.1996877206523948,0.5207525487674352,0.7616872732551165,0.728148122967501,0.7456052960678247,0.665945406825633,0.7296493774073542,0.6631067585957957,0.4738805770379162,0.4283491668371205,0.474881253526703,0.5570639222814389,0.5582852446037657,0.6958751119596278,0.7353271304827598,0.7426297108331122,0.750308400604422,0.7348947781376731,0.6867788415287736,0.7651298112389789,0.7464036832184703,0.7652855822863962,0.7883692830044745,0.7397006823614068,0.6793090285703337,0.7448833417106172,0.7201868697179571,0.7149927232522585,0.7389610809470661
Engagement_and_Motivation_Active_Engagement_promotes_active_engagement,0.5429167175218289,0.6061707299618272,0.19485199316412402,0.5306125933420823,0.6933735308048048,0.48217664960639006,0.5017311970292869,0.6383997576208578,0.5587322667522134,0.7611597759275488,0.7484189681586793,0.6892803462012446,0.6774655382127172,0.23894005416897837,0.7762653438457439,0.16290302874185877,0.5802937606247576,0.7340295747083884,0.6757431743158054,0.6971364414620759,0.6561380163117037,0.7501558832662661,0.7321429382561419,0.7358474761265446,0.7401708588527981,0.6542549249774213,0.6597675726046529,0.7392813029571307,0.7540920693094448,0.383585841769373,0.7159334758330268,0.7142548312112824,0.6728283652856466,0.7267917102636591,0.6934850294061149,0.731864441599373,0.6882868071728655,0.6857703445584634,0.7304518784232323,0.6826477872667206,0.24474822667595153,0.6383837351409832,0.6212730245899198,0.6256799031946025,0.6121751059905202,0.3251421617456604,0.6603154618707435,0.6427758305494373,0.6399169995898271,0.462738293047894,0.5561296657535051,0.5163028917800201,0.575876682215455,0.602520306194931,0.6140269772085216,0.6255764395740551,0.45093598858054157,0.4631992242952856,0.35686808494145084,0.7511743706521791,0.6710427570289286,0.7171656652643241,0.7317663450356088,0.47703804900836094,0.7183021177634054,0.8350444482836428,1.0,0.7460140970267968,0.6800306007069737,0.7460805805228116,0.7413086190751347,0.6699226425883189,0.7429142347433031,0.7377780025065914,0.7264729971145903,0.7009243547038867,0.7500531109517875,0.7149122449740095,0.6922664238802796,0.7956939056385453,0.8238779758302469,0.8173103635543557,0.7982708832165948,0.6710932468526084,0.7686078219023249,0.758374612783978,0.7938608931519889,0.7911027540251416,0.6980857813525313,0.45880625120688334,0.540347797952507,0.578037363793484,0.6548960724783208,0.7308707037943922,0.7663831042910154,0.6631984483165523,0.632531404951635,0.6856538854489885,0.6448966069270577,0.7388642722696669,0.7339933428945856,0.7067364610728665,0.6318880834552223,0.7344582766489647,0.5214045778721782,0.7234068585099052,0.6801937018804651,0.6689300039506855,0.6962091603386207,0.6937753686184619,0.800310235752357,0.7313948325996303,0.058584419357017345,0.5537578202220769,0.6260581880427535,0.7023062544534094,0.6835476158486057,0.6010495040555578,0.7265395049565383,0.6432262874604217,0.7159335620429933,0.6493825203823983,0.7329913529170635,0.7008727641323494,0.6676914101685991,0.6716636648247779,0.6832942071669056,0.7023824853386219,0.626622338255189,0.7366633174312179,0.7828881263155804,0.7570965952898904,0.6435021086289443,0.7449951240587651,0.5821210342803173,0.7439533176478695,0.5747454381129552,0.5568704276019716,0.20988928761633718,0.559479328424889,0.8039364282769286,0.7376484526566426,0.7234728447041334,0.6292505385409844,0.7419794809012895,0.7220474620510996,0.4875388570619705,0.42913812856244676,0.48412904247264194,0.5425926868773517,0.5473414623106917,0.6779776953067773,0.6640746517386528,0.6931060510045508,0.7004285913728108,0.6702951573757919,0.6484970094403926,0.7276624739886762,0.6958315999309855,0.7121084147177849,0.7784956101013408,0.6901144693315386,0.6289531759702851,0.7113848960526523,0.6790546867092127,0.6912385197566759,0.6919720038335377
Engagement_and_Motivation_Asks_Questions,0.367649486046116,0.4094079019375458,0.21510473641148894,0.3963380695516882,0.5223667312549538,0.3542455706617425,0.39210613843733166,0.45377599280358205,0.39850511224180885,0.72908116292965,0.5659756396181103,0.4713868844535194,0.4761922794799826,0.20931429554497388,0.6214397931183432,-0.18482486187673605,0.3267317337532309,0.540643625151039,0.44840363668026484,0.4823911947742534,0.446178194560558,0.6851639019529987,0.585502679286499,0.5353153561243885,0.546134739676442,0.45371362031741275,0.44147232764703187,0.5253933885610617,0.528893543376592,0.17928254866009136,0.4732791794842935,0.5033151946924201,0.4741944269377072,0.48644644965316736,0.4929326723909426,0.5115388743653272,0.4794244504701622,0.4920130892883578,0.4855586829227041,0.46153324385293654,0.1519764542646304,0.45377296475327406,0.39566251404075864,0.4320951361489432,0.4039386042018481,0.3934629484581259,0.5383972755778068,0.4560045082207058,0.44878873392543356,0.34431408411691566,0.3623970200800696,0.35404576155962814,0.4618163454565816,0.5079583680979549,0.43633963799737685,0.43527955098251697,0.29711284813119965,0.30880107573698823,0.2858184418892393,0.6297671737082263,0.5048734659326085,0.536482463108344,0.5686972959376136,0.49089078922701246,0.5555105673255643,0.6588276916091876,0.7460140970267968,1.0,0.9085337160184679,0.5398128889075832,0.5218952335177831,0.5466406682339772,0.5014941779982205,0.5350773578878899,0.5103735507558741,0.5315482946771348,0.5239281766168764,0.4612849727285954,0.4845275778794261,0.5932015331586886,0.7130867157811164,0.7364934357390337,0.6715485856262836,0.5465491568422717,0.7721756024812486,0.8632827850291845,0.5970402916930947,0.5819095172192319,0.547692070669505,0.2121806267237815,0.2939624814376974,0.5730100852199163,0.658964749782225,0.8200121284236546,0.696544678775504,0.4291420027859923,0.5023145312031877,0.4751180590286216,0.4234775636899154,0.5659239085164623,0.5108300022761396,0.7568911791810586,0.5155181289790134,0.5520843585361387,0.4369840197128502,0.5434393695166891,0.4815708004081813,0.45807456761752574,0.4635689716978263,0.4714701521066909,0.6507560288853349,0.5362861887071784,-0.048387159642616286,0.3588267802881204,0.39376561828844,0.5631197710656374,0.7542984884633389,0.5087515965242669,0.7489992750026853,0.4159454480317976,0.824340367833072,0.4650310223910504,0.5458705927838456,0.5015945490118623,0.4643120403491411,0.4699004778102607,0.5322959240016962,0.5816345075252732,0.5553570482068676,0.7973693977111037,0.821727402111864,0.6258189694010006,0.5132397035746801,0.5741628450668086,0.7018939726189912,0.9119386801766595,0.6160047221838756,0.4875638824665275,0.21453443277002776,0.570792513660901,0.8213153248160887,0.6939993320037017,0.542826977154097,0.4513254199677683,0.6840469057868795,0.7624693721683721,0.41729682801529183,0.36550146927199556,0.45455111999165987,0.3948673932110037,0.4058812366250791,0.5217467782049465,0.4507057734041026,0.47048300351039707,0.4910553617378934,0.46800497581211,0.4406561995279489,0.5239077306666965,0.4902493335451404,0.4997222362729214,0.7003471584778708,0.49082654202614695,0.49737477621412846,0.507285333590291,0.45415642179077814,0.5232278931959813,0.5089948199860688
Engagement_and_Motivation_Asks_Questions_asks_questions_to,0.3209095275859555,0.34160949001287383,0.19739603800226382,0.35603965306202684,0.4777757819960686,0.30013537924580375,0.34228304511087515,0.3872490047912756,0.3496191075472086,0.6977670077135201,0.5029781204945082,0.3911157159865601,0.3816511130850876,0.22202613240902402,0.5612997121626091,-0.2693690266890394,0.2511519784036795,0.4754997673033215,0.35690327544409506,0.4051887246997793,0.3694424228858022,0.6415296931653328,0.5241934717070224,0.4571080296584425,0.47892708266346296,0.3842500009685861,0.3684461535961656,0.4447647198188806,0.4656413148281425,0.11561079195888813,0.4026910708418414,0.4362180749568503,0.39587778934838924,0.41735240098587234,0.41796720181930686,0.43507235986147913,0.4028198412953287,0.4275018933315428,0.4118827865602425,0.3860846659019412,0.12628897791700622,0.39320709321676656,0.3088932517999937,0.366104035581258,0.33614179548263873,0.38470316254839837,0.4783716670475799,0.39225762107502193,0.3801026321442203,0.29521004641110127,0.28089436053465067,0.29075335978523265,0.3907608687309742,0.43614685854625435,0.3658619718892407,0.3656025937417197,0.20996566795572033,0.25672676504563946,0.25806399288384985,0.5776884723780614,0.4332039154688619,0.4635916538339219,0.4937887885579094,0.49758282984596147,0.508165144821434,0.5856759911495752,0.6800306007069737,0.9085337160184679,1.0,0.46081812521072985,0.4303657949734939,0.4968846677780027,0.43072480752892706,0.47013366916172983,0.43420363965769176,0.48529524945329394,0.4578868569300861,0.3873755608423929,0.42265598005502025,0.5230164274702697,0.6520519347844193,0.6800808007551127,0.6226972682355958,0.49085900118539594,0.7479661441666247,0.8472199920058494,0.5303739877847496,0.5025548969127147,0.4715233756345803,0.13355347076184815,0.21288758552570644,0.5522899680100912,0.6264267139754813,0.8012203695784736,0.6570557769092129,0.35452312868298147,0.4697211594436244,0.3995904849385281,0.33416411750239405,0.4858357544790033,0.4325455678900654,0.7555612972685949,0.454960751576433,0.47179274250635395,0.4190517901818472,0.45837861173736416,0.3930515529140301,0.38048753656998996,0.388020934060997,0.3909671259676057,0.5785515991736484,0.44668529995665146,-0.05697614659698564,0.28962010510988095,0.30133434863402186,0.48507344370898436,0.7520775488516142,0.46837271211256887,0.7321062942483822,0.3474714195392268,0.8232475879574023,0.3997393653171471,0.4734014674752428,0.41953871999040904,0.38951172412721663,0.3948486175089553,0.4750519370756516,0.5389749556663954,0.5274061133071055,0.7790981113436338,0.7969343043711675,0.5668670453352174,0.4536798816714055,0.5170341297036709,0.7021773857249424,0.8952592202080298,0.6297666037206482,0.4595317832139045,0.2362590934932055,0.5721199887379166,0.7862043845813458,0.655699373934122,0.46997083924835675,0.3889602422640561,0.62901710341992,0.7276152974616467,0.40337341383382586,0.32483815420254925,0.437853495996474,0.3271118436832925,0.3539557967133793,0.4628365996423047,0.3739868846437432,0.39249733155152544,0.4109050444255307,0.398736347059445,0.368911051627122,0.4440420267248486,0.41487182709213843,0.42567614111496815,0.6461896613154098,0.41224965412110365,0.4466535034921379,0.4280282259560768,0.37216223826336065,0.4687020108834068,0.45280107725411767
Engagement_and_Motivation_Constructive_Feedback,0.6110318084544915,0.7030599105206978,0.16794712213026572,0.5568326329433739,0.7199347418166456,0.5663086834997464,0.560211958661635,0.7118668238116974,0.6659100257985296,0.6747364310089625,0.7764830140174325,0.7730185134695003,0.7414811915668001,0.20362833872019037,0.7730761113644042,0.37660357860928706,0.7136588126093651,0.7772409505115925,0.7787598330343111,0.7924614506933253,0.7497059506385911,0.6874316673391427,0.7446127631466622,0.7867491147810826,0.7833842963582681,0.7480585741308157,0.724436515178166,0.7942993653426195,0.8186332566948185,0.4483731371130385,0.7899278033190477,0.7957909984129171,0.7390790848100197,0.7804414598216859,0.7872307765483523,0.7955925876703844,0.7784967453122928,0.7202006520812714,0.8085150566309468,0.7408916940382416,0.2814639576800786,0.7192731797223996,0.732390072845023,0.7176273830023336,0.6828154718381725,0.17443001475290687,0.6343578602551665,0.73521972926964,0.7063592316697007,0.5577518905144941,0.6568476085944422,0.5750421268210755,0.5982169274971139,0.6107103088491013,0.670438097507285,0.7038793905029119,0.5428609103278736,0.4887271673382001,0.34989870624778757,0.7436672615528939,0.7045036702394608,0.7703559066195221,0.7715852530782037,0.37404986664954687,0.7460843829273102,0.7885687935275316,0.7460805805228116,0.5398128889075832,0.46081812521072985,1.0,0.8272490380385372,0.6600703738619432,0.8114832821027946,0.7952468903711954,0.7849184944635889,0.7428252314379817,0.772093708354824,0.7668540617021714,0.7268827165841748,0.8164383773033675,0.7430865000934003,0.7062987265073206,0.7299169295006068,0.7086487312433929,0.6541605485540323,0.5665711966541624,0.7747211156868494,0.7729166884567139,0.6788180337458866,0.5726103564177997,0.6434820504553594,0.49788539250477215,0.571102727729627,0.5705785007816098,0.6647079174754313,0.7801105802159092,0.6355477015753411,0.7792496441078748,0.7660103987911019,0.8067488689131386,0.8015067349284497,0.5721053400873816,0.6123410481480906,0.7952582644192464,0.4707741559194239,0.7790794830029206,0.7748258304613304,0.7804666692450637,0.7911994128084295,0.7857551051834569,0.7780492159679202,0.7791509187363387,0.11095285678488538,0.6467077494376788,0.7759115379876754,0.7101277847109247,0.5096192114310949,0.5588906754642291,0.5672746102457261,0.751600854504565,0.5634799398413071,0.7216592330893908,0.772331497250196,0.7674595328414484,0.7477840440841971,0.7814101212767144,0.7017696102058226,0.6775337618005667,0.5765151767625617,0.5760525817349973,0.6219201585205829,0.7010640505729445,0.643835837454482,0.750197658935224,0.4115580676717912,0.572276519594246,0.4649064152166427,0.5560145399728116,0.18520036670609827,0.4485300882171417,0.6789389840462114,0.6819373415504195,0.8132425621604495,0.6953751126599712,0.6929283948439802,0.5744414465524997,0.49281146967508177,0.44633480744986354,0.4439060597531626,0.5793759413274162,0.5569751431207342,0.6669724432128752,0.763128107937497,0.7591608653155297,0.8000988977068106,0.7653906922713789,0.7093468364555684,0.795973538313432,0.775099697579524,0.8038045758311231,0.7470825614187809,0.7502338198227588,0.6858199705229074,0.7620690118918235,0.7384966977326571,0.7054784892803381,0.7395425785844422
Engagement_and_Motivation_Constructive_Feedback_provides_clear_constructive,0.6412763500810664,0.7026368645730053,0.1775665898173675,0.5714704977252633,0.7381155021220958,0.5686919776177395,0.5624662243352484,0.7358653865041224,0.6660793796157208,0.6852005963529455,0.7854527392775875,0.7864036982307445,0.7588035993954997,0.19610072286329777,0.7761498422964176,0.43228565598416446,0.7293229636174086,0.7856787512428296,0.8079571591867137,0.8007608718743477,0.7861681468312226,0.7066237954273437,0.7365969702264326,0.8131226470691459,0.8004572546584316,0.7528522286395448,0.7452719700561677,0.8100823157831981,0.8029163026625946,0.46991450903922666,0.7901027484221181,0.789992217702528,0.7348866354581297,0.7862277251314915,0.7820912741181125,0.77787061895486,0.7662861487889486,0.7432401381157228,0.788835134721115,0.7576194375681947,0.3011608317596711,0.7345067173446287,0.7548076014307619,0.7075714607247596,0.6961305975255101,0.18712822931197903,0.6549486022247719,0.7436980962546328,0.7161181531271169,0.5625195171597739,0.6688961498745676,0.5837217488049191,0.6063639799297248,0.6262189227698085,0.6821859615396031,0.72601058252364,0.5701145566087216,0.4982266802202874,0.3740898735227359,0.7531725004994548,0.7225117629305536,0.7967584496333958,0.7889452376533792,0.3691872560765302,0.7215659432066742,0.781285465155142,0.7413086190751347,0.5218952335177831,0.4303657949734939,0.8272490380385372,1.0,0.687151018506187,0.7958169187637738,0.7677021909638723,0.7812169811900754,0.7377257727854755,0.7828754306492355,0.7950509688208726,0.7261274724336519,0.8044190056765788,0.7384443241843194,0.7057427284506769,0.7147059164316389,0.7033512408519031,0.6211831243994231,0.5408143391189734,0.7769902748617258,0.775346783518367,0.7135881035124417,0.5946663812187118,0.6569168190894835,0.48327127569278205,0.5783466113817679,0.5670934717759656,0.6699345092886335,0.7969910283004121,0.6454044870427429,0.7848401599965996,0.7930493406929101,0.7968928597562456,0.8187548582565141,0.5555853630150337,0.6109422867541827,0.795360786867401,0.4848003904769505,0.8106307323614375,0.7758330751069695,0.8038925986265115,0.7986263918821082,0.8002035709927686,0.7745649343066897,0.7852426100841722,0.11058761555870049,0.6661057513312407,0.8014828539332082,0.725427029872675,0.49827884384960913,0.5722451768902362,0.5698340077904118,0.7768087714053962,0.541809433554874,0.7422244068421029,0.7881705542042166,0.7747337488716054,0.7506159796699826,0.7932220996352279,0.7040519421753852,0.6963928920235596,0.597641109511606,0.5735301499952714,0.6091306283145688,0.7246723702384169,0.6680222250650991,0.7714253093914394,0.40495195078667556,0.5304042214035447,0.4534461655995151,0.5263601198417158,0.17393797704642572,0.44901642488075266,0.6714600336203224,0.6915548592065015,0.7694228973016093,0.6959291317525645,0.7020046473555491,0.5847219218528149,0.4844456420427552,0.46703639061101787,0.4630797996391249,0.5974844618023285,0.5667900320975867,0.6782440457321673,0.7869935635073982,0.7829723924907193,0.81067417305015,0.7777272773464527,0.7315770983455971,0.8023919858126092,0.7923619565317843,0.8080706976259473,0.7465825082558539,0.7761159074493562,0.6861539236130486,0.7785992624861943,0.7556218837246033,0.7242073956859164,0.7568663323199668
Engagement_and_Motivation_Context_Based_Idea_Generation,0.5858195281044362,0.6366271998291279,0.1590655168037416,0.535249387539868,0.6893667826233326,0.5301890240946416,0.5266132346499272,0.668007794947743,0.59433878982251,0.6730979657947884,0.6573390405770717,0.6810746121173448,0.647511591912152,0.2089711292921367,0.7090741587574683,0.27610828566823015,0.6040766129105892,0.6916144573383188,0.6724894450344338,0.6623589699278399,0.6496660027790144,0.689824596914597,0.694283464553581,0.7061094951952215,0.71119788437468,0.6530174460024145,0.6562130677258223,0.6877145947507187,0.645269084847251,0.38006082141468084,0.6300454679091487,0.6641226065604122,0.6177110732250859,0.652147489875374,0.6518527437066131,0.6480417419461282,0.6517488081536936,0.6402765897127808,0.6229011840870625,0.6625855262062239,0.28780586578767464,0.6603258055152109,0.6557743948834798,0.6645645016906849,0.651288726199913,0.31001541597069304,0.5998755935847018,0.681463859415817,0.6517757096499518,0.4968863757695294,0.5631450502372435,0.5160396044347754,0.5730724900110048,0.5581101994046093,0.6447254826882106,0.6449345755983878,0.4723712594569152,0.47390961622245736,0.38247206478945883,0.7113467947140433,0.6752858074342897,0.727230104296593,0.7038060022260816,0.44849921947699584,0.6995463943309749,0.6783442393678193,0.6699226425883189,0.5466406682339772,0.4968846677780027,0.6600703738619432,0.687151018506187,1.0,0.6522731937748912,0.6334415497632343,0.6379694572110631,0.5872379446743089,0.6475898898804692,0.6595869302269435,0.6077343582191151,0.7071392131019418,0.6664401747758886,0.6355173030480585,0.6849133059212756,0.6531571355067035,0.6045065594845953,0.566925631158364,0.6547293511422454,0.659551523722356,0.6744811575241358,0.43131053073003434,0.5191229416873839,0.4831998776563924,0.5731555910936085,0.5848312326854678,0.6728210762889852,0.6487561876756522,0.694755581382765,0.6690231210931821,0.6421467140207644,0.6860421750229947,0.7086677500783686,0.5934257572293963,0.598578220315462,0.7264768730352935,0.48128361505505063,0.6915754519521682,0.6607399331929962,0.6484622414175569,0.6660835578907806,0.63751115377072,0.686595796410375,0.6756051025515368,0.09566240029863238,0.5833101249652379,0.6342748289099133,0.6705986035533926,0.5631294932822886,0.6073304382137096,0.6664014544948595,0.672203001955488,0.5828677974506173,0.6714043839861747,0.702992464583591,0.6770568331623872,0.6138631027757523,0.6514755879136853,0.67772140327691,0.702755616188312,0.5964152581281352,0.6112786152761833,0.6172228518926349,0.7407824719960998,0.6712553804744962,0.7388397510516007,0.44107142488602163,0.5553004629577943,0.4691110251253566,0.4887955681855503,0.16305627185868415,0.5140922717976684,0.6742690177462557,0.6994740930576477,0.6287604586526674,0.6627731713936651,0.6865643763956479,0.6302849548159981,0.42753261254455,0.44089798426726473,0.4156483033971882,0.5140548723638125,0.548920717311373,0.6464912142253553,0.6810607530279518,0.6745169150273596,0.6736001395564167,0.6727846120341794,0.6681640977414226,0.7066147011186324,0.7067607202540904,0.6990185307301297,0.6983052035623633,0.7008175788867046,0.6518127746507895,0.6887989345441525,0.6562541064133158,0.6778681740859418,0.6811659129035922
Engagement_and_Motivation_Emotional_Support,0.5788477473635293,0.65470679002186,0.15921741285550356,0.5184306403967534,0.6867130999314478,0.5397155578683746,0.5245808558010652,0.6742354701721338,0.6106837630780013,0.6491737484841852,0.7733381364867022,0.7715629962785899,0.753288266171462,0.19937149746471405,0.7408771921204319,0.4133738217347917,0.701438611095366,0.7450027582353533,0.7539060584143196,0.753081881644531,0.7441477214029619,0.6409449030431134,0.6990395601734212,0.7762630168944392,0.7572194996098393,0.7124578000186311,0.7445634482545382,0.772245660112179,0.8558699818351666,0.4472108326116097,0.7744358137654965,0.7792917502393599,0.7439183053507142,0.8097122318761806,0.7647766784417117,0.83211672289698,0.7533569598725945,0.7790404858576028,0.8549377150807713,0.7658020895576727,0.29842605818934004,0.7000404642117181,0.7315160386298265,0.6802164632664606,0.6791857295422988,0.17555575296930873,0.6122320382488635,0.6844598061622262,0.6921864348428828,0.5244737537629127,0.6784535759967172,0.6109177215344953,0.5934610192537957,0.5796236599416439,0.6801113176871078,0.7163128077997414,0.5312612249671902,0.529183089868458,0.3295291878715103,0.7094245285018643,0.6724436561154643,0.7478029427239056,0.7536195268887401,0.3679218959814723,0.7009376440240096,0.790860441357895,0.7429142347433031,0.5014941779982205,0.43072480752892706,0.8114832821027946,0.7958169187637738,0.6522731937748912,1.0,0.8440814601813629,0.8316055134677707,0.7167408359558177,0.7921982697773519,0.783060759278092,0.7341796736559169,0.8047050981653111,0.7550041864463443,0.7301263523122168,0.7155854062072831,0.6524044625887423,0.6254343807746191,0.5582112046838142,0.7865689199534215,0.7696433292023946,0.6629005716944762,0.546739121721672,0.6093948202394235,0.47551180648202246,0.5340474769954174,0.5323366029582456,0.6359336345126249,0.7542328019049931,0.592777599040639,0.7189013691089191,0.735239217727837,0.7960432461559275,0.7987666754106801,0.544278375281599,0.5902566811771672,0.7609359172195334,0.45289937630908345,0.7599564008765031,0.7533204294412081,0.7451926105306463,0.7617086150997178,0.7622873860983221,0.8021129209380864,0.775543469758159,0.09497362220276616,0.6710375515977459,0.7352278025617517,0.6603208304805326,0.4810711636253595,0.5310954117997638,0.5517035756627903,0.7093036547963926,0.5174786358585557,0.6984553048553114,0.7639800766207981,0.7541998739584771,0.7382783066289186,0.7526366564474649,0.6855384586354687,0.6368271317300468,0.547165347590875,0.571119742880099,0.6071708300734251,0.6650788122103702,0.5897658124105499,0.720839829702145,0.4053251080102757,0.5316780089894563,0.44509128032226725,0.5488401272804414,0.18656967283041553,0.43053468325367616,0.6535873002524343,0.6461510778981315,0.7753929267459253,0.6480729444270416,0.6662266757019313,0.5590264005357978,0.4366401537310942,0.3845687494066475,0.4039147166508823,0.5074033680847121,0.525881145852673,0.6340992146642039,0.7431404198193996,0.7643213680209541,0.7734035066219377,0.7292126804491508,0.7388920841310042,0.7504134505586463,0.7530994044954197,0.7753315692425741,0.7166731541728582,0.7260601796432763,0.6405046282127193,0.756919174479403,0.7207668146156682,0.7013755143329128,0.7116879259444716
Engagement_and_Motivation_Encouraging_Feedback,0.5513019853778274,0.6208581628199265,0.15457310304081542,0.4869106876168205,0.6520713331763365,0.5144823223305448,0.5131442833838569,0.6453085688411174,0.5855598342919592,0.6434193301014455,0.722288919963669,0.723403795257151,0.7325601122510778,0.21284004458659622,0.713694197294055,0.3645037493501288,0.6416708078658194,0.7062487105958224,0.7112710121769574,0.7203950939388698,0.6991514214654205,0.628347720464138,0.6700517057796962,0.7185653542998501,0.7208958538478071,0.6723843326873445,0.7173165183316838,0.7290468945400485,0.8622221846263018,0.42834594774671436,0.7472972171277703,0.7512846266221225,0.7107524831136856,0.787230351971232,0.7203391608133122,0.8343055915071326,0.7268459240339803,0.7624312234246885,0.8393112655560264,0.7350152622612505,0.28192979456026107,0.669762650029717,0.6725152044976789,0.6297041185799964,0.6474365799973961,0.1867942823167558,0.5966549852944256,0.6665599825397716,0.6558872883903115,0.5030548529856054,0.6202915162886581,0.5681813651912841,0.5796405961354484,0.5758652716984772,0.651817090150159,0.6688669514106677,0.5069427235740298,0.4946548611168896,0.3272919503785608,0.6895010837964684,0.6412191193119855,0.7102768640256406,0.7028419882593571,0.3746253303083984,0.6842227734776898,0.7640654546135022,0.7377780025065914,0.5350773578878899,0.47013366916172983,0.7952468903711954,0.7677021909638723,0.6334415497632343,0.8440814601813629,1.0,0.8417100309132726,0.7352576361217299,0.7545084568380094,0.7640170283114358,0.7132294623654897,0.7999727426633279,0.7555149383459394,0.733990356702781,0.6913113830618804,0.6383894335595933,0.6342021871527294,0.5864461484689686,0.767120018642121,0.7524937873460597,0.653657092102477,0.5219071156285016,0.5849852399960149,0.46735937070883277,0.5508609783543771,0.5418002378171245,0.6288113786175131,0.7193690819887439,0.5718237195545784,0.6859007831369722,0.6962298551312704,0.7539723173582474,0.7685719556893563,0.5567397484242723,0.5693495634572304,0.7144971462649118,0.4856182284315149,0.7191698594203023,0.7051948330507728,0.6937575829717524,0.7301736489888317,0.7260700540433123,0.776545281818457,0.7465899503885974,0.0968373225092683,0.619310249238212,0.6954626345299794,0.6428174463751377,0.5029199213546741,0.5261739993792508,0.5707208158009327,0.6812587680743399,0.5322450485673763,0.6647096587693255,0.7111786246731135,0.7024085227373343,0.7005960410700889,0.7282093328492328,0.6674793722002867,0.6219449213259911,0.550154857738696,0.574352320895765,0.601131063552122,0.6477303183228638,0.5886332081443242,0.6890384674896619,0.4294727832300169,0.5527029473307329,0.47074099606707,0.5787746938683948,0.159284076047901,0.4509552750686849,0.6385103578788449,0.6435201835898029,0.7640154008560188,0.6193268289735219,0.6567900281627612,0.5711251606050288,0.42761790442502745,0.3882905152266487,0.393215134969529,0.48422439085507124,0.514222359452032,0.6132251199707783,0.6928273585396205,0.7254643846528641,0.7341722495426489,0.6825404918432555,0.7073162699642223,0.735938339735359,0.7203435926381165,0.740912637838163,0.6911626754348084,0.6850421971485197,0.6208232985341489,0.7124596842830774,0.6818090922208628,0.656536272709875,0.6783358400779705
Engagement_and_Motivation_Encouraging_Feedback_delivers_feedback_whether,0.5911323309774089,0.6618390830380634,0.1418906404463998,0.5094379802742622,0.6801475429607464,0.569037351619944,0.5572716394306279,0.6753663990282587,0.6330216274807937,0.6529887590745588,0.7402941081125763,0.7507057509071826,0.7573810988565575,0.20457599074319696,0.7138215317799783,0.4325907577664852,0.6761698322504818,0.7302132641946576,0.7358037527707053,0.7378919385195785,0.7318427140632607,0.6318729971704204,0.6835363279155915,0.744625192568937,0.7357448719251207,0.7136975337307779,0.7418040989643213,0.7540222054872334,0.823326515058583,0.4346261043118302,0.7350231543805615,0.7697541622513087,0.7387227774434562,0.7671396777200289,0.7562184061603684,0.8464911983077167,0.7614618676499912,0.8006534570666297,0.8164143290338015,0.7757645756113394,0.34898455436776255,0.7127142811711052,0.712566525816831,0.6829047805748756,0.666541092364128,0.1950262503236326,0.6144938483263186,0.7043128069351967,0.7001910041131054,0.5563184424049384,0.6727592934237572,0.6206478888686578,0.6076463904928131,0.6099296475727469,0.6811313157275023,0.7221207329921662,0.5326542587650825,0.5313614120026677,0.31173724953574844,0.6912334443443179,0.6614163046106754,0.7249757636789937,0.7276781771625643,0.3595730336105908,0.6766854152368538,0.7623977094681537,0.7264729971145903,0.5103735507558741,0.43420363965769176,0.7849184944635889,0.7812169811900754,0.6379694572110631,0.8316055134677707,0.8417100309132726,1.0,0.6823444077069724,0.7545180047108084,0.7641319607242435,0.6932296671651551,0.789118727461552,0.734610782690211,0.7182227104452897,0.6920900343383262,0.6152679661288754,0.5956223414439801,0.5464710406666615,0.7562668974326106,0.7380326366473099,0.6592217591349911,0.5228113801263169,0.592015339894324,0.43048109797428497,0.5282880620703925,0.5510774220102521,0.620307938550884,0.7473956374724798,0.5789388595506286,0.696281523147608,0.7132940143417298,0.7635939127360256,0.7806671132181079,0.5293189741594236,0.5926243752186053,0.7345827950601655,0.4481327044051098,0.7427924019339092,0.734128766914386,0.7224676262430918,0.751384997883818,0.75818896379207,0.7906564130577004,0.7587354352109456,0.09635288729250523,0.6588322730878157,0.7078658794260001,0.6417375375208487,0.47528444195358227,0.5203683330406116,0.558258815593471,0.7056825394962932,0.5153699469992059,0.6741140555072012,0.7324351045224546,0.7402045216723769,0.7483974689727022,0.7622882556000868,0.6884989942993684,0.6300458629585748,0.5439009557801726,0.5661328476848483,0.5816369505029776,0.6577373016164817,0.6145466505911873,0.7019697928772717,0.389317267451089,0.5218432167307184,0.42613645136823236,0.511171108521318,0.1466887633807377,0.4201289458074375,0.6294962810024919,0.6229870674994418,0.7469457508447348,0.6575788247010419,0.6639857868160336,0.5606332141142111,0.4262310767768971,0.39136021857517017,0.3884351640312275,0.5145169574258708,0.559475951405734,0.6389803036550579,0.7358519678172285,0.7699871042718646,0.766147403616077,0.7130639225326144,0.7298266752872915,0.7506066733099264,0.7499991092890965,0.7713611434103209,0.697626483933633,0.7097674525691762,0.6449584724379969,0.7471977187963261,0.704610616856499,0.6737250364898754,0.7105384886889403
Engagement_and_Motivation_Identifies_successes,0.510084139030816,0.5881269740590944,0.14315822755516733,0.48252854309256665,0.6307622889887464,0.4827296414785121,0.47763630157991066,0.6055814536744212,0.5494422785165878,0.644057062453802,0.6918385388260366,0.6415532040170353,0.6102135782792387,0.20371763406067428,0.6738563166945718,0.2493842878282094,0.5825555422013328,0.682484471420735,0.6640196579850344,0.6782461059772139,0.628308276837513,0.6478854985027369,0.6436937193930884,0.6636018731951894,0.676576179778978,0.6156917846673988,0.5876490934276577,0.6651936780713326,0.756928452524332,0.39249758691315917,0.7248664877656222,0.6621976815617071,0.6300000285938308,0.7497737192239782,0.6526536780450191,0.6846989915503762,0.6513757596217377,0.6279234096257728,0.7349138887766999,0.6374304600645101,0.21473050331927668,0.615576726011603,0.5857060567953072,0.5769256079605098,0.5371543540427974,0.1496239079034252,0.5695159734020901,0.6091939460136979,0.5906513727111187,0.4612014717969033,0.547958756494109,0.4276061342926372,0.5268802279601464,0.5252591976070983,0.5468134933947735,0.588759066943722,0.4091224622816996,0.3892909304255965,0.3241987998668211,0.6653788637708811,0.5869723312295868,0.6532282626646887,0.6620676546101352,0.3823321195361941,0.6652259658314206,0.7010158113931574,0.7009243547038867,0.5315482946771348,0.48529524945329394,0.7428252314379817,0.7377257727854755,0.5872379446743089,0.7167408359558177,0.7352576361217299,0.6823444077069724,1.0,0.6773384069375935,0.6815228974086921,0.6912798338989095,0.7424354221249937,0.6592022759983682,0.65166654004834,0.68646185526076,0.6404897144796761,0.6464538223073548,0.5455757529031592,0.7004104440580378,0.6812193459169599,0.5983112205448067,0.46630383820427584,0.538306475555981,0.5038025423901474,0.5587056640029492,0.5436162651525724,0.6307748049242139,0.6644036127794403,0.5440375275743105,0.6497417244457036,0.6395128185358292,0.6632048094292342,0.6893215480558402,0.5889847011106997,0.5000040006680544,0.657946172056969,0.48411652963323,0.6811476774398684,0.643710641073666,0.6510562887306662,0.6671295670091728,0.6558282276706698,0.6788498809751193,0.6200084032276354,0.10564587524205273,0.551529555098126,0.6336197772646193,0.6127599466673305,0.5016962599866843,0.5125933541243558,0.5514959063514756,0.6235873495992651,0.5622833234336545,0.6179169008900818,0.6680867335351339,0.6303355802791885,0.6209424372927446,0.6519373514525881,0.6097725093061916,0.6162431571358712,0.5520917785607024,0.5801054661670317,0.6153057560894766,0.6127093822000235,0.5792034173499587,0.649712831802909,0.45323567180413327,0.5409782738608301,0.5322457985029412,0.5724826403498942,0.2439018849813691,0.46260189169330584,0.6349134211311122,0.6447039088179065,0.7393542713195829,0.5769490460717651,0.623151609480323,0.5317174772257242,0.44714286122335073,0.3781205282504104,0.41812520320773017,0.47031664185151406,0.501157620681601,0.5646660871329492,0.6403615780015764,0.6445459956181671,0.6751173141595213,0.6494312468672856,0.6167616871237578,0.6823755552260393,0.6586205132385775,0.6681018499410785,0.6534291929291172,0.638845965113411,0.5924946016665016,0.6332804284565082,0.62417519799686,0.6072981895807374,0.6246379267133629
Engagement_and_Motivation_Inspires_interest,0.578332044091358,0.6608581105431366,0.179588807623304,0.541567103001709,0.7183096781236041,0.5162361782239079,0.5047093363967153,0.6719129578206385,0.6001025339581902,0.6663062344110454,0.7724799500178362,0.7648388956483521,0.7291476955447797,0.2218971428388344,0.7574451843796829,0.4081370892537417,0.6833439440226704,0.7507147063166042,0.781801281937329,0.7498943962326202,0.7281740190590943,0.6899417099659654,0.736737115476957,0.7712226530324107,0.7759580942028496,0.7102226181249696,0.7331445789009544,0.7823091324503099,0.8049864869565025,0.5113750672981223,0.7578968789663604,0.7546596535699334,0.7246485414030026,0.7966916340170097,0.7395869111665527,0.7740559128366585,0.7211293020252596,0.7150756346453851,0.7829899757713691,0.7258899395165014,0.32280794590640893,0.6815106464760841,0.7092471216743389,0.6711859335122727,0.6787530878546888,0.20871359594564923,0.609648683002111,0.6894782269534875,0.6663118355892519,0.4848390552239027,0.6271210750704781,0.5576100373436967,0.5894509147568001,0.6060489546947613,0.677616710695519,0.7035078670313489,0.5121322032295355,0.5006869681897509,0.34406271242651065,0.7237387247843785,0.7014806959083267,0.7211977775321146,0.7471165854617405,0.3480794258159872,0.7240751362456322,0.8070960383276156,0.7500531109517875,0.5239281766168764,0.4578868569300861,0.772093708354824,0.7828754306492355,0.6475898898804692,0.7921982697773519,0.7545084568380094,0.7545180047108084,0.6773384069375935,1.0,0.8554121155414991,0.7128491634817077,0.7896490037384841,0.7591599480207508,0.7224799240480945,0.7259905230808564,0.6463607910293842,0.6397029958990771,0.5720699909441957,0.8611735853630029,0.8532926408439363,0.6583639252026795,0.6203690221679979,0.6820986106092082,0.49220778353493233,0.5478297123389118,0.5790814894774702,0.6893210830209807,0.7500899910341217,0.6068920378658454,0.7334910486110379,0.7318629285681917,0.752012728082168,0.7717526687973609,0.5403661960407115,0.5837834811534033,0.7638033688473683,0.4902919337557347,0.7539218523754014,0.740441207620594,0.7513555781655552,0.7534572123917525,0.7562582998474424,0.7931956220735502,0.7663028991759092,0.09772169224046048,0.6317504357729142,0.7386239654078671,0.706629768669379,0.5049498462062846,0.5898449115684644,0.5904172141845249,0.7194625921448906,0.5647744283052898,0.6657289069889387,0.7460853360231084,0.7422493118618796,0.7046155134482015,0.7344868084457725,0.6867992823809757,0.6775346947622789,0.5651126025585205,0.5625364158384601,0.6530926674886967,0.7171173002601341,0.6180480934685293,0.7770976631458778,0.39523428076453704,0.5552905047937045,0.4423318430642315,0.527061019475195,0.16084097822419052,0.44889124207625863,0.6727995033771615,0.6707395098460469,0.7331064691368366,0.646296109579407,0.6520972750561924,0.5629809998476076,0.4186349209869331,0.41575384708348634,0.42057926790092237,0.5437295746686294,0.5332494393860991,0.6882135000762327,0.7313228481230922,0.7518248538605793,0.7604154865332869,0.7343954489747504,0.6962861223187151,0.7726547941090617,0.7401649691050103,0.7602678175907168,0.7518890837514134,0.7537281715961291,0.666030979744929,0.7344340755115685,0.7095980858220042,0.704556972376652,0.7256634680073687
Engagement_and_Motivation_Interest,0.6259179539640699,0.6858063795872391,0.14874848041700867,0.5313984167088177,0.705239372843301,0.549895131769332,0.5416097013472738,0.7076617093042719,0.6436293228086134,0.6252044519691383,0.7390923008521102,0.7911968442010148,0.7505979070937895,0.2069375711422705,0.7246933462046283,0.4721862976264742,0.7112519649843998,0.7383457108495347,0.7882816525134098,0.7617875096968026,0.7537596437169293,0.6562190588066099,0.7077007551350667,0.7559316467658893,0.7575312651456542,0.7217608834367105,0.760313426779916,0.7742296281428535,0.7869866985564423,0.49452798123974795,0.75944589750255,0.75912813277823,0.7222694097734527,0.7877078853316404,0.751150067375396,0.7719693990569824,0.7411350421708391,0.7282026079368501,0.7726350237015333,0.7220399582703343,0.3158208077488287,0.7038562602274315,0.7342864279953225,0.7108497144595363,0.7029876203927345,0.1420122701830443,0.5906270531098531,0.7167670381002923,0.6808609468027269,0.5368063033443986,0.6688592824343118,0.5576823375865532,0.5962590838713895,0.5935008366835016,0.693125047498086,0.7169101555276939,0.5508522182286869,0.5170692594330282,0.33623746710753766,0.7040257813471625,0.6972360756223447,0.7328387732496348,0.7330455862175932,0.33198562306734963,0.6987197860798048,0.7722001727070076,0.7149122449740095,0.4612849727285954,0.3873755608423929,0.7668540617021714,0.7950509688208726,0.6595869302269435,0.783060759278092,0.7640170283114358,0.7641319607242435,0.6815228974086921,0.8554121155414991,1.0,0.6995161325465787,0.7683577644110453,0.7258451022234728,0.6945551907882926,0.6932556592277405,0.6495328633063103,0.575625803912079,0.5096910926272237,0.8110560392741422,0.8140004965796596,0.6418063943419402,0.6025960061013497,0.6752837273016895,0.4437862242732589,0.523514101996268,0.504277562014278,0.6385702624755187,0.7742688728986826,0.6176308129936594,0.7347046245755774,0.7719011892351296,0.7521867628222092,0.7944015227737932,0.48816659040697813,0.5780400738372906,0.761439851166842,0.45141114268151705,0.7441639309499936,0.7708146832876758,0.7697707506056016,0.767621927972628,0.7768771699081941,0.7748857960703907,0.7641002413024016,0.11120979043855499,0.6579881837348648,0.7658925828730103,0.6749260020238136,0.45066328392462324,0.5511800342634264,0.5650338217170507,0.7480194412735952,0.5111425260812038,0.6957253399350226,0.7475285190378561,0.7553981742002506,0.7259958186507652,0.7574711756037559,0.6728073933278387,0.6478230182877063,0.5411488424894569,0.5079815602984186,0.5862332163666064,0.7058006618165708,0.6117983568519543,0.7538264889846594,0.3543444697358278,0.493894335414004,0.4128906498963073,0.5019955904051299,0.1443985847996864,0.40472252925905317,0.6154120245677994,0.6338219109521509,0.7230094925178356,0.6715864299186534,0.6352897320825872,0.5225534306109736,0.40910044329372436,0.4253266202125433,0.3805485882952547,0.5366544538180736,0.5294324687983031,0.6858935571267096,0.7697667168436709,0.77921497587542,0.7801262691846095,0.7441505951233831,0.7474778130194617,0.7774612166678606,0.7654888152476514,0.7776748544715214,0.7204166279887487,0.7612163648206648,0.6555893051781382,0.747775832403322,0.7335111295636472,0.6956430480071873,0.7290856037612493
Engagement_and_Motivation_Monitors_motivation,0.5297443539051834,0.5936958986486963,0.20011657602819538,0.5345457274110237,0.6539712921977925,0.4795163006032371,0.47928451247589837,0.6210896215134069,0.5461106434746517,0.6319549184275026,0.7223645213040268,0.6864808925995647,0.6495049418668815,0.26352733924338745,0.6969285736280569,0.32641188669298826,0.5961082019866983,0.7116339035492021,0.6723726240788594,0.6734915726658302,0.6348800797446561,0.6252596044712896,0.6905939063361825,0.6767374734945251,0.6757851093507037,0.644881375680197,0.6230684596640023,0.6955681590232778,0.7324854501035458,0.4240572325682644,0.7608992961310321,0.6924441327247958,0.650477894646147,0.7614703688250979,0.6735641205340255,0.6938149746082862,0.6621922661213189,0.6677604587781613,0.724816072098268,0.6580419733220835,0.2672351662758327,0.6126056178617598,0.6213050176101256,0.6009050983497228,0.5883599867066605,0.16170559133152335,0.5647979846091616,0.6279262849764583,0.6127770777336274,0.46336247304286216,0.562347101652703,0.4710818340797153,0.5475123593822517,0.5722960488837414,0.5771334786159414,0.6294443518508757,0.4481389504777843,0.42021350880537295,0.3904681745710515,0.677009181944725,0.6442016249764364,0.63931023125209,0.6986302903419941,0.3862467192113198,0.6608925384221505,0.7214983506489193,0.6922664238802796,0.4845275778794261,0.42265598005502025,0.7268827165841748,0.7261274724336519,0.6077343582191151,0.7341796736559169,0.7132294623654897,0.6932296671651551,0.6912798338989095,0.7128491634817077,0.6995161325465787,1.0,0.7293290738923711,0.6820340618066877,0.6743090201916452,0.6733968759466886,0.6356602921149388,0.6262878546971393,0.5196195970329187,0.7149668150969958,0.7170912059750799,0.6365732743234922,0.5124090750347613,0.5532499375718656,0.5110487029516657,0.5722942723833492,0.5255980727594328,0.5940588421261892,0.67801481869371,0.5643336968760456,0.6582612586515801,0.641529028319534,0.6646659917642465,0.7113954085982254,0.5725293377453254,0.5242771130797328,0.6593686936943578,0.4997619376163884,0.68704107872741,0.6538143816736689,0.675695192126034,0.6862601729124682,0.6849613966626346,0.7044686289858895,0.6474692227174109,0.0909172641323364,0.5645803532487182,0.6590044008709273,0.6327339552067205,0.46559930727465115,0.5449811274970464,0.5264637622807296,0.6499567334637552,0.5257511974094287,0.6132625207595258,0.6904807503818626,0.6546477556450804,0.6380609086545825,0.6453654187093124,0.61381184628239,0.6394169916381078,0.598354813426401,0.5259246921291063,0.5862043613601803,0.6548451156551002,0.5997536961893922,0.6875070649440355,0.42474880594691455,0.5086055303175121,0.5020054784559904,0.5563089694485691,0.2406129625961013,0.4684858931815004,0.6245317230868408,0.636347878298671,0.6834057017945729,0.573236844236201,0.6059379770355539,0.5191993657410457,0.47212483084624196,0.40451279547172,0.44945776346310956,0.5397468020716626,0.530282571714516,0.6146065148106277,0.6591387572164713,0.6679965634690588,0.6945241420488178,0.6794215993003694,0.6226736329657774,0.6872379469331492,0.6843503194572191,0.682814731849367,0.6677407188910158,0.6420396070109294,0.6083810169759465,0.6590634782934566,0.6435187766704836,0.645340451969895,0.6456253605315793
Engagement_and_Motivation_Motivation_Guidance__Positive_Feedback,0.6185558208283461,0.7005647831984735,0.18955282634214346,0.5673764674434232,0.7550858726661401,0.558894462322372,0.5848474187299323,0.7267284336817271,0.6497602044921303,0.7233424062301275,0.7959127024999466,0.7736516293795018,0.7420085152000307,0.24155583568026043,0.7884901038383832,0.32921874691351755,0.6871355177239058,0.7792939095136646,0.7666305068263417,0.781629737806769,0.7501769020124389,0.7332597766451378,0.7566392982181083,0.778553526064093,0.801037221519541,0.7493097452752587,0.7297306197814054,0.7825957622944825,0.8272130793990271,0.45179084171260464,0.7856691103744293,0.7761728276032387,0.7505326609791788,0.7992342800098303,0.7737528500830968,0.8004825282928573,0.7659831852927796,0.744695524665747,0.7985676384907536,0.7528672594415221,0.31187857425219256,0.7346893846519016,0.7163766256188789,0.6997776843375549,0.6766485266091774,0.26234310167599184,0.6788111855830888,0.7384293845526294,0.7122762670480671,0.543079879726796,0.6446327760188049,0.5575845422256575,0.6110301836368716,0.6146758224759472,0.6922151116829666,0.7171390052711589,0.5184439866784447,0.48626177736685733,0.3826936766659607,0.769801739597522,0.7222534209219789,0.776322945344026,0.7810772134498524,0.43613978169693224,0.7616368413935867,0.8165514095422212,0.7956939056385453,0.5932015331586886,0.5230164274702697,0.8164383773033675,0.8044190056765788,0.7071392131019418,0.8047050981653111,0.7999727426633279,0.789118727461552,0.7424354221249937,0.7896490037384841,0.7683577644110453,0.7293290738923711,1.0,0.770352138854656,0.7514900622096784,0.7727242966543908,0.688599942927223,0.6869910414660825,0.6241741229030128,0.7953770216807087,0.8008928343516886,0.7157595877406573,0.5354245396773935,0.616203193062294,0.529438673689737,0.5992231016407382,0.6308227311983223,0.7187878477333737,0.7661806514180111,0.6541197636878701,0.7564867639048831,0.7395487362093996,0.7926568037859112,0.8250143072220473,0.6375089587023997,0.6453950387131601,0.790362841533388,0.5255538293581623,0.7937342159573599,0.7533606471927261,0.7606458582755521,0.782986044777928,0.7812477342561147,0.806916154943233,0.7718842953646896,0.06913034281335959,0.6520373983397314,0.7353453085864191,0.7089192957070595,0.5733940976940114,0.6069815892607641,0.6473463825087047,0.7482943983507729,0.6123709245205852,0.7162705101776196,0.7865737480218262,0.7505442793012982,0.7313585539349466,0.7571580047927176,0.7414810682766637,0.7152900596890989,0.6245081496839043,0.6584432771388944,0.6834821652211333,0.7599490303328599,0.662565661918883,0.7790067519086147,0.4959684187947717,0.6088686218547973,0.5196202227634089,0.5724456383343249,0.22415281886144392,0.5104811054490552,0.7241959156985907,0.7103301412602137,0.7672128684807747,0.6985110489882399,0.7448251342649039,0.6441437039170587,0.48701566234397464,0.4625168973896051,0.4553666434182615,0.5693980305655664,0.578036480031277,0.6883290424601861,0.7449193878698994,0.7708011553712354,0.7830135398048412,0.7551091487998864,0.7165687446521161,0.8041213360844196,0.7848344674273254,0.8019051053155097,0.7718779971833063,0.7650707715738925,0.6826010911230601,0.7862310929005744,0.7448399101712802,0.7217209562121679,0.758022955736428
Engagement_and_Motivation_Openings,0.5165655075550917,0.5846504217363712,0.19880782316320486,0.5000291806563346,0.6851623425058155,0.4565438278912482,0.46971243910893673,0.6096631287231965,0.5387211110818235,0.7309283970547132,0.7367259615386104,0.7054199362715469,0.6836774466910069,0.23235240461230047,0.7704520102218624,0.20915539417750006,0.58726931587875,0.711215203137541,0.6607904804343959,0.664844421466873,0.6398584323392402,0.7290778847686652,0.7144040016144404,0.7261075542961178,0.7287035732262848,0.6519750106696666,0.6662518079644071,0.7295672095618764,0.7741714653342652,0.36461766017552616,0.7176428084891644,0.6950781178381028,0.6897970500738663,0.7315198455860644,0.6827667541475768,0.7448845478816608,0.6754419829270888,0.7003857874202348,0.7489890696450361,0.6686749410941593,0.26184586424093265,0.6327098646229619,0.6124284876191436,0.6033504409875058,0.596632185325945,0.29152893702478316,0.621035802953972,0.6263787639829006,0.623690335486307,0.4410572551504375,0.5485447865518965,0.5453098137530514,0.5668660291074933,0.5834533152890518,0.610686565799608,0.6330312845699144,0.44248729785331703,0.47725656389656484,0.3583065424042805,0.721412792819049,0.6572770177180774,0.7024942491545544,0.7118083551268491,0.4634249485519981,0.6863846392081092,0.8186564035252379,0.8238779758302469,0.7130867157811164,0.6520519347844193,0.7430865000934003,0.7384443241843194,0.6664401747758886,0.7550041864463443,0.7555149383459394,0.734610782690211,0.6592022759983682,0.7591599480207508,0.7258451022234728,0.6820340618066877,0.770352138854656,1.0,0.8230747730461758,0.7488272983211208,0.6725118874752016,0.7392133282730164,0.751566202390337,0.7948777710192518,0.7896670469893537,0.6866086926922012,0.45484085282657877,0.5312381779808516,0.5661371919405453,0.6525896670008062,0.693112593974781,0.7321047605769998,0.6596858142957375,0.6099242186473722,0.6858156881491786,0.6446050186861202,0.7568435539235329,0.7107465320400104,0.6755713043433942,0.6072985228265642,0.720465230588527,0.543051752911883,0.7063641150591229,0.6878362427711485,0.667034250794383,0.6873511914244597,0.6767831159375484,0.8136367418487003,0.7255299542622048,0.020951231780009037,0.5419952288315483,0.6404091307850674,0.6725253931068859,0.6408181427003078,0.5814989529855613,0.685636368763623,0.628355297838745,0.6646948255628492,0.6482772813281124,0.7094866649681439,0.6969259741600219,0.6487101438017343,0.6770569789242806,0.6556306056645618,0.6741414873605837,0.585374513817989,0.6922973257823802,0.745577566632864,0.7211766984407962,0.6113557624577912,0.7393977127832879,0.552797910203522,0.7295797316679258,0.5485095277638673,0.5494204794626034,0.21554142649225572,0.5422614326244095,0.7666607755448819,0.7195479083885139,0.7110332849859429,0.5869841737725233,0.7027096885205644,0.6737415714927094,0.46345195121879285,0.4024832362357278,0.4540208767645128,0.5354048766519588,0.52220556866653,0.6590045371391081,0.6533266857668608,0.6877704465378642,0.6831501252192559,0.6590427480824558,0.6435421552065418,0.7054982098314727,0.6870378823819407,0.6959033350619898,0.7697036350929805,0.6860718981207744,0.6300639833494647,0.7056241762598884,0.6679906111939269,0.6903372855977481,0.6859498988814823
Engagement_and_Motivation_Opportunities_for_Engagement,0.5195374145052152,0.5686895002763203,0.190249296213072,0.4856068493848071,0.6697997426981885,0.48915173477881013,0.49504864137559235,0.6084091651798954,0.5385011335197556,0.7230185003661027,0.7154899668746745,0.6811408242212499,0.6919645966187711,0.2224316756426697,0.731713992919592,0.16851700635799832,0.5597479535293474,0.6833613392814829,0.655053518337765,0.6689239681206163,0.6281097322899428,0.7145838887661049,0.6955379548783929,0.70493671118747,0.7018504204793862,0.6184771069418041,0.6675850887780522,0.7003190493335244,0.7327328926540959,0.36880048320201736,0.6734213166309985,0.6859260769247796,0.6595347099630243,0.6960763615667187,0.682036095644713,0.718235265794207,0.6745155615044751,0.6882068683467628,0.7175658141402248,0.6650154202602881,0.25870896051055536,0.6344131768460896,0.613396167196492,0.6098411391750828,0.5867613988088969,0.2848737842196862,0.6164181587814551,0.6338583636470122,0.6256268420924767,0.47403983743163874,0.5342407632464796,0.5344170869252055,0.5758938562026851,0.6038306909286018,0.6041678448972557,0.6296706124470024,0.4526580006202989,0.45836459816369424,0.35109707710765337,0.7124829273274094,0.6533611905567986,0.6685637505450769,0.6979632342264654,0.45812714346764566,0.6654436581308287,0.8134327550443562,0.8173103635543557,0.7364934357390337,0.6800808007551127,0.7062987265073206,0.7057427284506769,0.6355173030480585,0.7301263523122168,0.733990356702781,0.7182227104452897,0.65166654004834,0.7224799240480945,0.6945551907882926,0.6743090201916452,0.7514900622096784,0.8230747730461758,1.0,0.7401052875122842,0.6446443272913328,0.7375231992129014,0.7626839518094749,0.7507989659003603,0.7497743758840345,0.6803677837322146,0.4147415452094428,0.5015250176022596,0.5497958467549086,0.6278834115736305,0.7078935596421536,0.7095377268836953,0.6431986339610962,0.5814904826875344,0.6490390814302435,0.6257023591447541,0.7215179926504856,0.7013411528204583,0.6728835861817934,0.6035484147483225,0.7129683793317843,0.5293687871289124,0.692682250646943,0.6596173255879019,0.649118019800547,0.6713770715249558,0.6710013041471983,0.8018519844319502,0.7085098969378824,0.002817418995219226,0.544801308206523,0.6048616293419208,0.6362666684478787,0.6479987394602689,0.5724812374141756,0.6857685063667063,0.6228555364750997,0.6818025176234475,0.6184198415158688,0.7034571900999428,0.6832240596105801,0.6479958033730628,0.654593251807651,0.6687363386207587,0.6414037721734742,0.585467215349101,0.7002539552871319,0.738142263923988,0.7088786681089738,0.5985078595541121,0.7071873168340964,0.5702811972503375,0.7437664975604955,0.5608417894843726,0.5449643043688628,0.22453859045233546,0.5439674517505656,0.7627238191498736,0.6913835498624827,0.6768443943297265,0.601168417795879,0.7134771521207826,0.7062139312642293,0.4533620012229293,0.40965176553603105,0.4667579615172878,0.501162784507685,0.532926636614745,0.6416979377041921,0.6473676638552497,0.6771064530410419,0.6744887767148234,0.6442953007423552,0.6424398058815393,0.6912452789545187,0.6843711183511014,0.6867575757280792,0.7541046760135869,0.671196342450233,0.5974441334801343,0.6936850465119999,0.650501480958358,0.647822071415402,0.6669105515025215
Engagement_and_Motivation_Ownership_of_ideas,0.5761531000385254,0.6219426482184781,0.23540541919140154,0.5416664754869557,0.7275444414022855,0.5226236199508653,0.5232419531188817,0.651332601743165,0.5828880870704207,0.7655335645601766,0.7677016094337851,0.6970124223608261,0.6451351547337784,0.22745538856701292,0.7858891103096505,0.20711173915231296,0.5879168799783645,0.7366019948836104,0.6869314749994571,0.7121420546642774,0.6702354763782038,0.7746622548334633,0.7524488974105282,0.7211791099231855,0.7452922933507415,0.6802238717158261,0.647807477882812,0.741383734861545,0.7004591715423909,0.39332292384508033,0.7067737447265654,0.7074820162924883,0.6589061299091915,0.7181099848814798,0.6969572297470478,0.696785882950685,0.6833223700836527,0.6512461562034519,0.6868121053949144,0.6689911274711645,0.24217581556050174,0.6622874095886762,0.6376836533605708,0.6530875608447659,0.6238354342034166,0.3359747463837714,0.7052170941083405,0.6670220979222591,0.6581096061131426,0.48783051955768275,0.5836961174512101,0.5019160264099458,0.57947720856348,0.5996616372015471,0.6144661932945881,0.6620190381135694,0.419519598133049,0.455400619971911,0.381558651004737,0.7636311237590039,0.6759264964112897,0.7113148794049879,0.7505700358437843,0.47573118639809847,0.7515023336611593,0.7645281518823985,0.7982708832165948,0.6715485856262836,0.6226972682355958,0.7299169295006068,0.7147059164316389,0.6849133059212756,0.7155854062072831,0.6913113830618804,0.6920900343383262,0.68646185526076,0.7259905230808564,0.6932556592277405,0.6733968759466886,0.7727242966543908,0.7488272983211208,0.7401052875122842,1.0,0.6664585501485044,0.7289634291039169,0.6914835978175429,0.7387792158240143,0.7389048554280009,0.6662149487142356,0.44195023689503493,0.5339510206832838,0.5395707570236632,0.6149278855933727,0.7207051459234174,0.7657337595980379,0.6662756113701376,0.6588052914224979,0.6798979003573901,0.6505861692524056,0.7265351930284806,0.7402372778411693,0.7062516221375126,0.6111625167766417,0.7485573957492329,0.5125088435480062,0.7246764826584777,0.681683059475294,0.6706735196371286,0.6776597827568417,0.7027418208556176,0.7597875658425415,0.6982966369762117,0.02259867368338992,0.5727946063592083,0.6379277619959826,0.6849490249013047,0.6669930355811983,0.6275570689172684,0.715182553177505,0.6415408202465119,0.6963909032479073,0.6554284611517324,0.7655018005816234,0.7010412830170047,0.661646304803551,0.6762041386500427,0.729961175288463,0.7298911825618722,0.6546395565567321,0.7108311987039414,0.7605902932678309,0.7710421912016667,0.6263324215932986,0.7655924321340951,0.5718316025348866,0.6896960953975693,0.6059807012299954,0.5650116502981433,0.2588428191231234,0.5755996283343185,0.7869169978335324,0.7326161734036949,0.7122019741205577,0.6210385502927519,0.7468706115985082,0.70445818956084,0.46274463304306074,0.4222278429963525,0.45149831797524465,0.5097637107328389,0.5504823648629698,0.6931427107070266,0.6884903310825895,0.6921828900835889,0.7026086196125234,0.6812438678681236,0.634579981210844,0.738407639256794,0.7259838724238331,0.7217679114032292,0.7840754850706638,0.697188216823587,0.659721970902058,0.7218147358839057,0.6750507285440283,0.6896350050474996,0.6970385969805418
Engagement_and_Motivation_Pedagogical_Principle_Criteria_Feedback,0.5491185609524936,0.6154212025901759,0.19019601213306225,0.5173841864272992,0.6968967438243873,0.46636168898653,0.4803707446410247,0.6375916631325704,0.58892381011321,0.665904365463006,0.6933147476477983,0.6472514255426459,0.6105487025492798,0.24462611083225097,0.7079954531020043,0.23439978352878435,0.5970375860602263,0.7069266897483604,0.6529629678184861,0.660752756916235,0.6312842034270333,0.6828462981563546,0.7067555262285901,0.6658962350672106,0.7083725751762049,0.6426207113516547,0.596272879020088,0.6775432184540732,0.6599894273248309,0.34845295356084055,0.6832482462250496,0.6475126703950338,0.6084812271473867,0.6446705498441582,0.6533986408634526,0.6405938525123156,0.6272128747631056,0.6068689503327915,0.6343014273925601,0.6152467540932196,0.21026189494823988,0.6290842057187988,0.6220364881687526,0.6171653894774997,0.5898265753334961,0.20358079057707032,0.565273021051982,0.6295077584558861,0.5956235856422842,0.4491804129221853,0.5244024159209744,0.4720926195635223,0.5108669841828121,0.5505431631286732,0.5728615514291155,0.6178782821032865,0.4445608382174552,0.3996852935831591,0.40432923292123857,0.710693639076273,0.6451624759609282,0.6875493802501439,0.6855346603235526,0.4352406026388193,0.6872022627882698,0.6823900988914492,0.6710932468526084,0.5465491568422717,0.49085900118539594,0.7086487312433929,0.7033512408519031,0.6531571355067035,0.6524044625887423,0.6383894335595933,0.6152679661288754,0.6404897144796761,0.6463607910293842,0.6495328633063103,0.6356602921149388,0.688599942927223,0.6725118874752016,0.6446443272913328,0.6664585501485044,1.0,0.6309943353256702,0.5694199768420402,0.6597874459330483,0.6618255793327501,0.6902599283062194,0.45721341794380954,0.5113823574872071,0.526152590290066,0.6090492643729067,0.5737019632077888,0.6445001367081348,0.6506716708282138,0.6320168738368757,0.682706018918293,0.6458484382042174,0.6804205786978169,0.6926968623413673,0.5948531336728913,0.549233881453877,0.6834070253551383,0.5400194509947812,0.6863085204305476,0.636365617559246,0.660952842690444,0.654406387065256,0.6535192404547048,0.6711291983084781,0.6397357528986706,0.057492453322896334,0.5092863410930902,0.6594147082419902,0.6862214439962256,0.5652596120975766,0.5783146693070202,0.5841051956873412,0.6616649368940781,0.5848044993840187,0.6514377027249244,0.6811291967357727,0.6457272457177521,0.601730090993545,0.6425720868504539,0.6281574626710638,0.6900339301987684,0.6337910117498686,0.5488626425181592,0.6127042848187518,0.6785213831927761,0.6690577510904274,0.7010187664001831,0.4739334989650999,0.5667624437703035,0.49899366780771576,0.5212783825422891,0.19064958429690834,0.4960374094695781,0.6540204897318188,0.700956814907614,0.6812517101137929,0.5984934157063184,0.6408750808523341,0.5785350786386187,0.5348472457936861,0.4769160962960912,0.49178199020005225,0.5926524432582518,0.5454221095057937,0.6338050739659885,0.6450524024831836,0.6399354116844782,0.6586701441754672,0.687067945869367,0.6262173704012651,0.6895247943789168,0.6770195483863704,0.6784477610193171,0.6979963575726593,0.6541515117752636,0.6694556927602524,0.6580301150800427,0.6641468519050848,0.6643854259503714,0.6665951070063549
Engagement_and_Motivation_Promote_active_engagement,0.4526352402481463,0.5083880098950472,0.22419724457117413,0.5006823677197907,0.6355878566952657,0.39495859922467397,0.43493232352464156,0.5450926042034842,0.4671438570535999,0.7649540705948757,0.6657929575363681,0.5652081875828235,0.5611281534431358,0.27787169473256323,0.6827579349733124,-0.00647039041203983,0.4504732248532082,0.6336613332659644,0.5543057265995615,0.592536139684657,0.5275242850753026,0.7197191783539105,0.6723733715192817,0.6294099736186651,0.6478335941243928,0.5555600522767521,0.527444210633775,0.6029682626307971,0.6613807553077221,0.25441876266156077,0.6071707352471046,0.6057237362373761,0.5631708277426877,0.6331173490678424,0.5898850987418347,0.6018930509283258,0.5801205835394665,0.5564423760123555,0.6076202149605117,0.556138958814842,0.16960951739253072,0.5332495433203026,0.4839906856852202,0.5096084821142413,0.48331532067104777,0.3538892673386495,0.5737686571511307,0.540140620976834,0.5304451566425133,0.39816024460033306,0.444062796490108,0.3944806592021553,0.5263094517721494,0.5560613219885796,0.4845402105622228,0.5322702160731361,0.3098869836525235,0.33511515482173865,0.39647856190670233,0.670718295094726,0.5743439326407669,0.617404458673717,0.628602461432312,0.5465076415126847,0.6532059184498944,0.7259007696067614,0.7686078219023249,0.7721756024812486,0.7479661441666247,0.6541605485540323,0.6211831243994231,0.6045065594845953,0.6254343807746191,0.6342021871527294,0.5956223414439801,0.6464538223073548,0.6397029958990771,0.575625803912079,0.6262878546971393,0.6869910414660825,0.7392133282730164,0.7375231992129014,0.7289634291039169,0.6309943353256702,1.0,0.7640601659562625,0.6972276830439107,0.6775360546426862,0.6201379476621096,0.33944859465930527,0.4144238921846367,0.6357230554578821,0.6875015340879325,0.7501727243571138,0.7172401556307404,0.5587822887973313,0.5878095963208276,0.5978037032696117,0.5251827352027538,0.6340086471786168,0.6120318908706669,0.758385655662342,0.5376996776928469,0.6141426634826422,0.572873952517747,0.6352293498665299,0.5813351747134454,0.5766077676146429,0.5661908992857752,0.5725511594521749,0.6864756678954054,0.594376146969811,0.031721405793593345,0.44377240912984545,0.5224496464669517,0.6243861747500961,0.7496304610237969,0.5981184522944333,0.7403740418165352,0.5291729014482033,0.7855548139045759,0.5538533037376815,0.6269121746001886,0.5667428612676562,0.5664634106265033,0.5739893258135853,0.6069873117901775,0.6641028322148079,0.6310153042678214,0.726184798937089,0.8140202058073247,0.691163762845815,0.5695650731476402,0.6701640683619332,0.6515140469844308,0.7819613514045621,0.6566540216696339,0.570700262809228,0.2892771804887052,0.6082785738710601,0.7974828988335386,0.7491728355506831,0.6232175427748811,0.5001459523487367,0.6554713875664483,0.6593249806777661,0.45699635138313505,0.37321593486826593,0.4664249560386865,0.4732358304200801,0.500331413731891,0.5959630196812024,0.5377556419595565,0.5601381070312047,0.5814180966667348,0.5812124834928798,0.513241447306824,0.6161217726989037,0.5775127209341494,0.5989745999121856,0.7209488284770498,0.5842916591660746,0.5911478577171055,0.5875595260193598,0.5529342931119702,0.5966762693778701,0.5888627543952983
Engagement_and_Motivation_Promotes_engagement,0.3899456350176882,0.4328049673085683,0.21252072928856425,0.401997371331138,0.5656852505694958,0.3578544795983551,0.38837785798747904,0.46919550428052254,0.4263662349036366,0.7252387189077768,0.5935500950101326,0.503665856413484,0.5027153946122305,0.2315789166841504,0.646159957802829,-0.1263108506422634,0.3516272863491447,0.5714529796467817,0.46649314070422165,0.5033620908077578,0.45920156590337396,0.6947274312963291,0.6049829825288878,0.5630080801046762,0.5827566403378139,0.47025370653515475,0.48828249165920773,0.5453210920304736,0.5729541073703551,0.2098054767003899,0.5110281830456239,0.5239194217269418,0.516964733291768,0.5238240326284378,0.5218675963093115,0.5529889375064789,0.520667016022605,0.5259132419831808,0.5385558298228899,0.48447158197921536,0.1765871017967626,0.4703879312787388,0.41016846925175093,0.44698459662858664,0.43458709174827687,0.36576850313126713,0.5369181945679397,0.47658516180496063,0.47519057981628954,0.3351410748592884,0.3758984538906575,0.4017615381892983,0.4668384534840777,0.5191257916625058,0.45996680089675435,0.4633093831749578,0.3039025787284091,0.3537800399058836,0.3057813345704916,0.6511842147958079,0.540176525276805,0.5675021031452191,0.5830178527665149,0.5145027666605089,0.5802541317754608,0.6826335411122991,0.758374612783978,0.8632827850291845,0.8472199920058494,0.5665711966541624,0.5408143391189734,0.566925631158364,0.5582112046838142,0.5864461484689686,0.5464710406666615,0.5455757529031592,0.5720699909441957,0.5096910926272237,0.5196195970329187,0.6241741229030128,0.751566202390337,0.7626839518094749,0.6914835978175429,0.5694199768420402,0.7640601659562625,1.0,0.6222424924300325,0.6105352204559816,0.5791126227287933,0.24214514074899224,0.3191142448135748,0.5733169122573205,0.639668484303611,0.7942224661302688,0.7016489188700294,0.46058695003950306,0.5248979994835351,0.49455766496738823,0.43824533873710037,0.5908330297576578,0.5390222313330296,0.7432217509225487,0.5185805884980158,0.5629993332211722,0.47829912663397156,0.5606749368160026,0.4974619023381137,0.4730278274464148,0.48987649431750085,0.4961356039152618,0.678485629165671,0.5603249803562329,-0.04572487187077267,0.3777963302889886,0.4103759851770288,0.5737672296158938,0.7600186640295861,0.5179018206805241,0.7374651123353101,0.44449626608996906,0.7806964749590981,0.48028143427425307,0.574364330785163,0.5205995973084729,0.4853922654566281,0.49597596848315684,0.5671089521394331,0.5959006182984036,0.5685007983985544,0.7618624586969748,0.8033561541442964,0.6357271937322361,0.5217673833531955,0.6033184558448195,0.6774810818167699,0.8634342658354073,0.6259881400311389,0.5135786967633131,0.23671805448881186,0.5826971794925696,0.802133858988912,0.691187874715454,0.5630312137951126,0.4599605827940417,0.6766338072986429,0.7446012430265098,0.43014239715931474,0.35209586234342005,0.4610989911400796,0.4054471985841063,0.4230851435837284,0.5533047866233047,0.47647541767019297,0.5007035111419718,0.5150481848387105,0.48758555361456934,0.48492507624200565,0.5532024247259311,0.5136872182973492,0.5308921142074531,0.7061455620746968,0.5083552929866475,0.5050828433136129,0.536900938188787,0.47453238847525636,0.5559128218370223,0.5436336124932324
Engagement_and_Motivation_Stimulates_Interest,0.5475415945569938,0.6292823322088001,0.2151283295932466,0.5325027353207262,0.7234493046221736,0.4799121859934026,0.499293879801447,0.6600366420854262,0.567744971760772,0.6919240433332997,0.7672769436930178,0.7389469413269021,0.6972757255150176,0.23384226374517939,0.7483077896805063,0.3152871019280188,0.6552729397342227,0.7461950350307215,0.742140761777671,0.7347850682995531,0.691630948711831,0.7008515165409632,0.7359570070348127,0.7555520612699719,0.7545155173041452,0.6982293718031832,0.6910831471335721,0.7676618685834647,0.8038291029931907,0.49016858903864113,0.7544258830273707,0.7388747591250417,0.7026679980723407,0.7916977336071792,0.7148949828773383,0.75329360946016,0.7016456723742677,0.6924291259784732,0.7812926635282621,0.6990011548107099,0.2791655905794239,0.6622219848565027,0.6619673548245735,0.6411356195228131,0.6399754524801677,0.2127206895296693,0.6198157783778121,0.6667006446834098,0.6389243769716441,0.4657027665677711,0.5933228994315239,0.5120689141470274,0.5674105200417966,0.6020281305105091,0.6314091081035104,0.6677045420173029,0.49046164036445505,0.4503801208899262,0.35102625152407435,0.7334875881324066,0.6577080259938262,0.7084521940585163,0.7373426047880688,0.3783575371087557,0.7134204882635714,0.8302866406833144,0.7938608931519889,0.5970402916930947,0.5303739877847496,0.7747211156868494,0.7769902748617258,0.6547293511422454,0.7865689199534215,0.767120018642121,0.7562668974326106,0.7004104440580378,0.8611735853630029,0.8110560392741422,0.7149668150969958,0.7953770216807087,0.7948777710192518,0.7507989659003603,0.7387792158240143,0.6597874459330483,0.6972276830439107,0.6222424924300325,1.0,0.8827642318310065,0.6652909275029711,0.6015686251042368,0.6576826725705249,0.5404892807682883,0.5929014957794504,0.6180850761692273,0.7140017640430891,0.7333876887186014,0.6048603744042123,0.7175238661587026,0.6980028375228797,0.7545368226431345,0.7641059619692019,0.5852546825643797,0.5795106162282825,0.7388792333661555,0.5112714498084113,0.7397543400199494,0.7168025833498841,0.7376504158923438,0.7192417199588579,0.7354047761496845,0.787881621532597,0.737261024663379,0.09936717737899425,0.5781065772087128,0.7096654788792979,0.7246522318391085,0.5537540359535323,0.5867925410109435,0.6346497285606881,0.6925735227276043,0.619091582307871,0.6604497758287957,0.7320998128401143,0.7092331409314221,0.683539339532314,0.7068441558962393,0.6792396396856171,0.6955183643940408,0.584596356480115,0.6079111932978424,0.7076078312638056,0.7286144515468458,0.6012701011684192,0.7784957561587111,0.4433371434919749,0.6142305853326253,0.4858267492918928,0.5263849908660354,0.168455223739252,0.4702092816074053,0.7111026027711358,0.7128621223474643,0.7306738323269819,0.6178900451415006,0.6713239278956907,0.5894618163959786,0.4434236807700822,0.43406156254464034,0.4319956625344154,0.5595159531146803,0.5224692106977896,0.6932840872025618,0.7046555838806353,0.7254311581961408,0.7427559869937678,0.7283805251544428,0.6590504227212826,0.7432517168810735,0.7259272603032735,0.7358259580903952,0.759615089306667,0.7272103633118496,0.6665685528913299,0.7276146142662011,0.685509381994599,0.6812641348195175,0.7052312755377493
Engagement_and_Motivation_Stimulates_Interest_tries_to_stimulate,0.5763520927444459,0.6429406168074856,0.19755066557342182,0.5404946254472157,0.7192570227302866,0.5035332719499332,0.49620093295871504,0.6506363827265178,0.5868971239419711,0.6724162334158148,0.7608274823042127,0.7461717381922378,0.7249249470529749,0.2289341322643511,0.7542749874843895,0.3356253946135329,0.6554287984207283,0.7456037088461884,0.7498521174868742,0.7376532968707025,0.6977642103971837,0.7229667065532845,0.723321865516586,0.7497596860138875,0.7550228176391741,0.7014484845512562,0.7107617107755527,0.7628279740548184,0.7989377345587689,0.48955375339637264,0.7596598241751756,0.7475757317463514,0.7090847160113397,0.7837051080382341,0.7183906035970331,0.7507698800584218,0.7125808693642625,0.6973569800677163,0.7756210415525188,0.7090953995822501,0.29306145339617823,0.6647645732135323,0.6691564646970256,0.6541291121355335,0.6483832480059742,0.2253485871414352,0.6071722234812111,0.6671233273005267,0.640375015323071,0.477593167778652,0.5843414128453872,0.5370863238719381,0.5766230490014563,0.6031200282010429,0.6427299725142306,0.6756572914745763,0.506196411468892,0.4715245950303921,0.35921423871633185,0.7242856755917448,0.6805900902972739,0.7108152183567262,0.7380636510359415,0.3817149816245871,0.7131593236565954,0.8281246762578914,0.7911027540251416,0.5819095172192319,0.5025548969127147,0.7729166884567139,0.775346783518367,0.659551523722356,0.7696433292023946,0.7524937873460597,0.7380326366473099,0.6812193459169599,0.8532926408439363,0.8140004965796596,0.7170912059750799,0.8008928343516886,0.7896670469893537,0.7497743758840345,0.7389048554280009,0.6618255793327501,0.6775360546426862,0.6105352204559816,0.8827642318310065,1.0,0.6737884924642171,0.5878920255779595,0.6496178633758414,0.512520405134709,0.5750324765637099,0.6144561117901786,0.7126563356495499,0.7336076499294234,0.6177752985995887,0.7231765338055389,0.7023043174315431,0.750765817071779,0.7628773486154143,0.5597163100548428,0.5852807790041122,0.7446920503333467,0.5128797912377072,0.7327118352653303,0.7220942615357365,0.7272324484976155,0.7352190173054615,0.7370079879311829,0.7956041164083347,0.7556458972381649,0.11604238699243967,0.5785255266237174,0.7215286276688526,0.7080928582135028,0.5378563487756897,0.5967842998958917,0.6242109006564258,0.7040761825341492,0.5865539260574472,0.6428048400249561,0.7315657942274,0.7134788717700369,0.690449804971836,0.7200894295617977,0.6789312675635656,0.6845564603216665,0.5820881589612319,0.5774448139150209,0.6829648735201679,0.7448118404020024,0.6210082911316681,0.7827379607134476,0.42925967947239635,0.5955773399249373,0.46384350524074797,0.5209500579900976,0.15097841388743433,0.46372751221600295,0.7049141666941382,0.699752614864243,0.7295509330802374,0.6300635523949043,0.6747609007228955,0.5846910049363818,0.43920910350826314,0.4218805032954978,0.4370352228748644,0.5771895613677669,0.5234214525605037,0.7027387069377944,0.7109382282470288,0.7312918119426977,0.7361770324592343,0.7200483366764948,0.6721532237728691,0.7517680569437803,0.72764649977878,0.7434409647103047,0.7525607015975921,0.743575270332178,0.650627157179177,0.7285466367956764,0.6898906667639968,0.6950833978270279,0.7054439005839139
Instructional_Support_Actionability,0.5350370585219402,0.5977403055901924,0.16007379730960655,0.5067795516856352,0.695550468912115,0.5051297775172138,0.5107551163751419,0.6484547679874466,0.5587159692296357,0.669042960628197,0.6992088836462309,0.6776057313045363,0.6552883741287946,0.23329624591104656,0.711143690916479,0.3001547475520556,0.608051621887601,0.7064521838432379,0.654605157543832,0.67494192481866,0.6532621957840334,0.6861503863198156,0.6852889651324275,0.7074225489989067,0.7124771000556663,0.636895091429534,0.638066914528762,0.6894609574414637,0.680148297646657,0.3627422449133331,0.6622300377466968,0.6592066156084432,0.636001782728332,0.6477730243934547,0.655205364079543,0.6707606558164658,0.6742669270256493,0.6529192206300434,0.6466213482511217,0.637654938435938,0.2597185582344689,0.6449162890652275,0.6576662466419094,0.6166971925225796,0.6217948063483089,0.23339030568657113,0.5839663251566402,0.6642374839616491,0.6475422967605013,0.46613248894732556,0.5450553563301902,0.5192390686490722,0.580764446338003,0.5892085230936682,0.6128367164000074,0.6204956601016939,0.49083036281852827,0.4379674783318546,0.3718150005510845,0.7161525344638618,0.6719180739722407,0.6985531314902079,0.6978118810080435,0.4223153804186404,0.677772318709144,0.7108854579878437,0.6980857813525313,0.547692070669505,0.4715233756345803,0.6788180337458866,0.7135881035124417,0.6744811575241358,0.6629005716944762,0.653657092102477,0.6592217591349911,0.5983112205448067,0.6583639252026795,0.6418063943419402,0.6365732743234922,0.7157595877406573,0.6866086926922012,0.6803677837322146,0.6662149487142356,0.6902599283062194,0.6201379476621096,0.5791126227287933,0.6652909275029711,0.6737884924642171,1.0,0.42542962840964443,0.495816128529438,0.5126332436324892,0.6191480781780127,0.5786175757343252,0.6640651157792065,0.6575743837464385,0.6332371498023247,0.6940266886595795,0.6468131872506038,0.7153118936431879,0.7189971810394193,0.5803024209123698,0.5830904675882135,0.7003124582381194,0.5465989943217854,0.7209999742186468,0.6332616861627423,0.6569056959341858,0.682431239231455,0.6761952702498676,0.7079368601768705,0.6578546075924795,0.05435140748964988,0.5695496798902081,0.6645824506362606,0.6463098599402552,0.5465200537880213,0.5767276122778353,0.6066639401590629,0.6522535729381244,0.5766198745384958,0.6486019636122256,0.706088995641989,0.6714343504413088,0.6473209156677927,0.6594204330121949,0.6725498041077644,0.6940747150112213,0.598652840907537,0.5606266060082333,0.6034698292333996,0.7113790557932667,0.64789809992059,0.7128975693271445,0.4844594001610381,0.5566665907937309,0.47432004668478805,0.5145110553161939,0.21366900153998541,0.5164602779684825,0.6621431705143944,0.666687210993322,0.6638628084497779,0.6221588972728344,0.6738247495908346,0.6179266997106688,0.4985711640734422,0.4446779615640231,0.4623331761352867,0.5770444681445358,0.5578898105083588,0.6369067141175426,0.6621066842420548,0.6806265484016539,0.6838427076453132,0.6704774257338466,0.641989343686485,0.6995446299806511,0.6897428452462759,0.6972514707071444,0.7202467545918345,0.6703993236570234,0.6272731245443136,0.7036979247532714,0.6778773145185814,0.6733826917001295,0.6807015994713838
Instructional_Support_Analogies,0.4262075700639079,0.4939668135209909,0.08090371075116386,0.3387444629376433,0.48177303620481227,0.34572047407201373,0.3283798991153778,0.5101088241488521,0.43781815560112364,0.36586386043473074,0.5595142882502381,0.5453952958768342,0.5089805163453218,0.12163022268725338,0.48732502582960796,0.4323552311550782,0.5815445902189839,0.5618231675338899,0.6588635264962225,0.5585945024754749,0.5407076673947504,0.3844701031022888,0.5064411819604214,0.5201596628941791,0.5338776017031004,0.523956660345485,0.5394123711434902,0.5571719173629112,0.5616857925589629,0.7181047736144764,0.5775537832503812,0.5158554917421809,0.4865151030729447,0.5672141423564451,0.5261141396029524,0.520416140393519,0.47511132165248576,0.474254246164783,0.5451839802823822,0.5338276088076764,0.2251058831275917,0.49678271580543865,0.49886069395988925,0.4967326932359971,0.5061258595153638,0.019186885141215027,0.42381873513872387,0.5005005102560033,0.4332793333950914,0.35472818889746804,0.41448950301215354,0.4200347160584422,0.34111283905847034,0.3823457857103012,0.5073979841844126,0.47736802157390856,0.44601536397161207,0.3154122749579056,0.22063038179672084,0.4421596502928545,0.4448517285351439,0.48598245664210227,0.5224497858953748,0.13813639469646813,0.5076265446626077,0.5275329092812809,0.45880625120688334,0.2121806267237815,0.13355347076184815,0.5726103564177997,0.5946663812187118,0.43131053073003434,0.546739121721672,0.5219071156285016,0.5228113801263169,0.46630383820427584,0.6203690221679979,0.6025960061013497,0.5124090750347613,0.5354245396773935,0.45484085282657877,0.4147415452094428,0.44195023689503493,0.45721341794380954,0.33944859465930527,0.24214514074899224,0.6015686251042368,0.5878920255779595,0.42542962840964443,1.0,0.8566964585453958,0.2913830624666624,0.28063468035189987,0.2628645031349307,0.42352354616072724,0.5835598614902308,0.3701542553144686,0.5474066496497576,0.5814268799846598,0.5097862842072386,0.536763674261188,0.2553919407338124,0.3790346182703338,0.5169093635757903,0.3063131606392815,0.5198959864474905,0.5617569028018922,0.5797326469806847,0.5282873169039645,0.53590669249447,0.5014425788227483,0.5713895654316175,0.16691544321449092,0.42844150344666404,0.634701191910198,0.5559153062039961,0.21411990655390806,0.34428339357471305,0.27808965682854303,0.5529284320237573,0.26584525725504815,0.5271462780265977,0.496992158726652,0.5140254408178804,0.47916939003840253,0.5170911708095998,0.46325860455482654,0.42985519183602783,0.32478899009195805,0.2428726174433622,0.3335808984030779,0.4466054785466206,0.41756117946766436,0.528028624246372,0.14276898066613067,0.23762718172196887,0.2044452832766683,0.3210757188961628,0.0892742015077711,0.18486870857194687,0.36146693205332453,0.4162192706941477,0.536340491382275,0.4535093786186185,0.396796062149762,0.25160989598161765,0.2603738787941354,0.2850896339793598,0.20565164566748292,0.3821342836572847,0.3337426703808703,0.46706197412135064,0.5370946665644649,0.5157444194643148,0.5404477767263317,0.5384313208358582,0.5174182706831345,0.5621861977930376,0.5281971127126168,0.533717315242668,0.4392695280252685,0.5759223528073609,0.46219106425829204,0.4872614547519098,0.4969889207001989,0.4568192738943821,0.49485587903437595
Instructional_Support_Analogies_the_tutors_use,0.5292155111492467,0.5818502197151962,0.0902087414065874,0.42674771335492073,0.5634943786721613,0.4468149358468015,0.441755736312063,0.6028199146714273,0.5339383571667703,0.46057596192779876,0.6300820906103658,0.6374506299116904,0.5932449025645059,0.1483272213950059,0.5685136027180502,0.45877953123012516,0.6424848116605912,0.6281437448593825,0.7435797632782458,0.6472185956971841,0.6450385893742843,0.48778333582910827,0.5688098309150851,0.6146954606751325,0.626841564720354,0.6105029179807475,0.6112092504297164,0.6409421373772282,0.6216566634124054,0.7008930291817407,0.6413434704523783,0.6060764670720402,0.5729406474430302,0.6361720656971738,0.6249350478148749,0.5987942824452467,0.5750582990572102,0.5470920189039088,0.6098101034298338,0.6094450584590455,0.24526565437303346,0.5922119056594967,0.5952842399666357,0.5982952570104381,0.5790819107750533,0.07921885650914479,0.514841133586769,0.5916467776670267,0.5281668660494638,0.46244366629988504,0.5102497537249975,0.4791140277955003,0.4489563054642892,0.4612050587658706,0.5821444495063389,0.5691817737662771,0.48326437910942427,0.3597477171695622,0.2566509019553401,0.5419102150892309,0.5392833859076835,0.5755216806268322,0.6111482969895349,0.19769589272643306,0.5919603126092419,0.5983547680629016,0.540347797952507,0.2939624814376974,0.21288758552570644,0.6434820504553594,0.6569168190894835,0.5191229416873839,0.6093948202394235,0.5849852399960149,0.592015339894324,0.538306475555981,0.6820986106092082,0.6752837273016895,0.5532499375718656,0.616203193062294,0.5312381779808516,0.5015250176022596,0.5339510206832838,0.5113823574872071,0.4144238921846367,0.3191142448135748,0.6576826725705249,0.6496178633758414,0.495816128529438,0.8566964585453958,1.0,0.33228254325552536,0.3588872520735896,0.36039861732479456,0.4997576416021659,0.6661956062601521,0.4640009188249555,0.6235491733134266,0.6751664876669287,0.5880170632285449,0.6311800811488949,0.34110547508008626,0.4646023128265464,0.6184647650462959,0.3620483839554817,0.6116561966394883,0.6540209872412148,0.6623397754500916,0.6281124770675702,0.6225625158516995,0.5732130110236756,0.6492126062424238,0.16526809464758171,0.5260242127330617,0.6890492896051311,0.6178629796454495,0.29572999834337726,0.4231879595081206,0.38141925550759825,0.6414798236406708,0.35112448081712844,0.6035149757660665,0.5801778870028087,0.6026288841691381,0.5721484000285654,0.6158024946121194,0.5528808898743078,0.5177696991531815,0.40369012040255703,0.3355841835464485,0.4167702236121048,0.5458386951270752,0.514782227052931,0.6142909660715894,0.21904706564105783,0.31525995174248367,0.27319658112614986,0.3729551676246837,0.10131686508208193,0.2551070494171919,0.460764715338481,0.5073727660608782,0.5999416248254904,0.5670678692062074,0.4909996423294739,0.35488436874256324,0.32383526140321406,0.3378717232245189,0.26430783806143593,0.40724191870434007,0.4135138947196149,0.5438691918411708,0.6298199682718388,0.6187474441163474,0.6304862501402172,0.6261201182154966,0.6018658158174885,0.6686204947837859,0.6401885044424948,0.6263548448587989,0.5372229225268957,0.6561282542986202,0.558293707756375,0.5936324226996731,0.5988919861486321,0.5262376753402327,0.5907460611180282
Instructional_Support_Communicates_Aims,0.32780391107676243,0.3831235976323263,0.1425784319693006,0.34725870603718095,0.4833889771133114,0.2892390731055402,0.30796176863682306,0.40590237644319993,0.3532814880903782,0.5759320489054484,0.5280585638563036,0.42034229016066177,0.38072989095072035,0.3019558777180234,0.5090253801064513,0.024814219574119625,0.3548209672717949,0.49993747699971286,0.4317163145272751,0.43868145228823086,0.3820716965305462,0.5511978375624197,0.5228843836079528,0.45944187098671857,0.502122147649307,0.42589205854147477,0.36885248211623195,0.45240568911702894,0.5079465023001255,0.23788894510694075,0.48266200059774844,0.4450622550376156,0.4051563072511557,0.4769831585433088,0.43509481617584533,0.44970590233856755,0.41783889080637504,0.39639016171232544,0.4749336350835957,0.399868183446849,0.11224312647798564,0.4013407775665561,0.3729354664101588,0.36132583262226453,0.33426790766874886,0.21655788610579055,0.4112277876458373,0.3865167118246021,0.3749787046022941,0.26662979266197856,0.290919053504689,0.25981105102272123,0.4019487159536991,0.418712749668292,0.3358701846785195,0.3805090939227821,0.2613609240573327,0.23830751903390424,0.3980749320618472,0.5418947560124134,0.4231020535152497,0.45153919369265655,0.4951607755219501,0.4425039655213672,0.49858147123762886,0.5415757297285653,0.578037363793484,0.5730100852199163,0.5522899680100912,0.49788539250477215,0.48327127569278205,0.4831998776563924,0.47551180648202246,0.46735937070883277,0.43048109797428497,0.5038025423901474,0.49220778353493233,0.4437862242732589,0.5110487029516657,0.529438673689737,0.5661371919405453,0.5497958467549086,0.5395707570236632,0.526152590290066,0.6357230554578821,0.5733169122573205,0.5404892807682883,0.512520405134709,0.5126332436324892,0.2913830624666624,0.33228254325552536,1.0,0.6655695449318848,0.5408753856263069,0.5297576215092273,0.4207479735083274,0.44415592357988504,0.4339478148870872,0.39412676080041725,0.4780102398837142,0.4676542907480873,0.5636190966832534,0.38054609185552896,0.45734523332609606,0.5278998254638625,0.470794951512085,0.41637031284198883,0.4394590484873255,0.44354801453696907,0.4196978215214902,0.5151102418647471,0.4323461238722385,0.09696077460512628,0.3043311178399045,0.4267093507333397,0.5041618869973848,0.5495345685189091,0.4686331870426519,0.5871080145909631,0.4259397996339806,0.6067250308720665,0.44566257827874467,0.4694015278720716,0.436022533335021,0.39878095487572546,0.4208701251914761,0.44699694476987595,0.5389387389315193,0.49288236080796116,0.5349055862625883,0.6025840845407828,0.5090087821209607,0.46138875497618226,0.5059452618612185,0.5278187215289734,0.5993557510363808,0.5083407707670139,0.49286003727662087,0.27489604958079117,0.5063899863253567,0.5992289773576688,0.5888803066427356,0.4979802798912042,0.36816413418314486,0.5148723926079732,0.5023205729434284,0.36814470042004205,0.31150094781013793,0.3801238386257429,0.4209133998864217,0.39782853847139094,0.471378862205911,0.41451084215526784,0.4308292453437184,0.46265941100319785,0.44996390836782146,0.3555303693759646,0.46620420634704596,0.44090852887094545,0.45134164588167797,0.5504301152267365,0.4453289882145753,0.428569046309626,0.44584336694749216,0.40000346137080306,0.47680755243127027,0.4545072127556694
Instructional_Support_Communicates_Plan,0.45098010348165557,0.4869403132839488,0.1830643938318291,0.44192028053891325,0.5670476271354141,0.38674156764800643,0.4446254425893029,0.5283224836198637,0.4646934216756953,0.6646055256301708,0.5606958646773073,0.5266561116420219,0.48299288833051807,0.269941232818483,0.6055943167456088,0.04534748954693602,0.4380968152914804,0.5896232848811435,0.5008019765008541,0.5330165145229633,0.5004690284583551,0.6336169945896082,0.5848398962244405,0.5792162009367829,0.5743387470545074,0.5009862600384405,0.4783673530960652,0.5430284212172314,0.5713232947525152,0.22666120192029698,0.5438999683699314,0.5391347777056477,0.5094628672995877,0.5486594542926514,0.5310773045406277,0.5428775289862876,0.5274596805981383,0.505697969189968,0.5305155362500787,0.48690112348398135,0.1609314073992323,0.511089763429954,0.4945273090041486,0.493712523036296,0.44518941232318776,0.30403560122040163,0.5214248361549202,0.5024507340919171,0.5203717999010159,0.3984923455686044,0.40741563966934025,0.347833087212397,0.4852151484653124,0.5428253554593548,0.4483309009052385,0.4822917215941077,0.3164740703805772,0.2994087736528307,0.38581911430269217,0.6229739455012702,0.5278885061665086,0.5468977288852647,0.573395302726408,0.5193563117861009,0.5637028118156185,0.6364209340503486,0.6548960724783208,0.658964749782225,0.6264267139754813,0.571102727729627,0.5783466113817679,0.5731555910936085,0.5340474769954174,0.5508609783543771,0.5282880620703925,0.5587056640029492,0.5478297123389118,0.523514101996268,0.5722942723833492,0.5992231016407382,0.6525896670008062,0.6278834115736305,0.6149278855933727,0.6090492643729067,0.6875015340879325,0.639668484303611,0.5929014957794504,0.5750324765637099,0.6191480781780127,0.28063468035189987,0.3588872520735896,0.6655695449318848,1.0,0.6355524078443352,0.6243843545838015,0.5052486648703897,0.5720426806292376,0.543822821895736,0.49409543089957786,0.5539635358809154,0.554166058800247,0.6349911104168726,0.4893553265273137,0.5656113665567631,0.5339155949505522,0.5801177538384058,0.5049564473130701,0.5313420003056076,0.5355255253534397,0.5210187320289404,0.6131514123103742,0.5298336022409832,0.04448579873250725,0.42289056456980983,0.4860776778513961,0.5768764827139189,0.62814210102513,0.5194850396714222,0.6683658256526712,0.503877818668176,0.6615289583483419,0.5179415711653261,0.5531866726572685,0.5227649134750371,0.5084468836889073,0.5309854143310269,0.545768834880879,0.6170697474904597,0.5729073308017093,0.6249689288852986,0.6689744904066356,0.6083306915522801,0.5639096123420724,0.6032617466153705,0.601450797231076,0.6498071916587062,0.5589119107501705,0.5077675886810324,0.23572835651606497,0.6033987751296769,0.6779046819550058,0.678217620044083,0.5588288590560685,0.47023273892115647,0.612847625827315,0.6139498236685114,0.45636384457390006,0.3603773308250881,0.4284477367855814,0.5000979482938243,0.5307450184223838,0.5366231506564536,0.5163987621741443,0.5217245970753102,0.5464599587743049,0.5514300683598603,0.4731993349792804,0.556567380707387,0.5506383545806472,0.5390029223062359,0.6390946077135646,0.5331453806118496,0.5496879780656238,0.5389329734441719,0.5148226937423843,0.5446903439298327,0.5220667824010237
Instructional_Support_Deep_Socratic_Follow_Up_Questions,0.4687217649984545,0.47990389057354327,0.22122699639390386,0.4718561047517746,0.6112612094188254,0.43429588662981206,0.46345444179317435,0.5177194284126355,0.4884896895714176,0.7730333654218271,0.6282968750370449,0.5446836426966517,0.521438311773456,0.20813179947504637,0.6746662029206988,-0.05643679102971915,0.4036986998651816,0.6132346588378361,0.5258240741487341,0.5615048861295787,0.5228439796611893,0.7629525874883267,0.6518178124524818,0.60653756591812,0.5966490932998698,0.5422750590746688,0.49936030318640123,0.5931455246041223,0.550852531909295,0.24140420831014966,0.5170880738670609,0.5781834736440202,0.5426990618323159,0.5262098357307143,0.5714431787859273,0.5648798916776734,0.548880584699897,0.5235034673753032,0.521352443262152,0.5290164759379332,0.19136245254192627,0.5356840350331427,0.47355705940996684,0.5108023349486139,0.4520936403064612,0.4028334198664039,0.6084095075215419,0.5372141397246393,0.5341511606194692,0.4094656299591457,0.44744136524695455,0.3909648193659356,0.5314181405343258,0.5588692101723557,0.5078692890067074,0.5244958887581389,0.30126442904726114,0.35917172354113247,0.3243990623519424,0.6771485165312824,0.5820438840178387,0.5915831285244346,0.6251201522343723,0.5100797580497436,0.624331160369059,0.6729700808932898,0.7308707037943922,0.8200121284236546,0.8012203695784736,0.5705785007816098,0.5670934717759656,0.5848312326854678,0.5323366029582456,0.5418002378171245,0.5510774220102521,0.5436162651525724,0.5790814894774702,0.504277562014278,0.5255980727594328,0.6308227311983223,0.693112593974781,0.7078935596421536,0.7207051459234174,0.5737019632077888,0.7501727243571138,0.7942224661302688,0.6180850761692273,0.6144561117901786,0.5786175757343252,0.2628645031349307,0.36039861732479456,0.5408753856263069,0.6355524078443352,1.0,0.7198845168571155,0.5107002133965962,0.5967277658227998,0.5298050272246567,0.4902197422413865,0.6021570448805945,0.5729681742424473,0.7358672236960988,0.5645447357796743,0.6106687151922271,0.4278594632814752,0.6175001633996109,0.5354200552045298,0.5307366908040109,0.539148730874671,0.552448734785059,0.6660473232336768,0.5773515844254984,-0.04920083121857909,0.44319282555908635,0.45414037408792385,0.6095738864974108,0.7446033838077338,0.5647652443406014,0.7622229890660754,0.4989396932491254,0.8071032714367714,0.49083252473361666,0.6175595312669612,0.5812874816535143,0.5253835974845963,0.5345815422334431,0.6173856912095821,0.6525989035750458,0.6123925463578498,0.7842277125251432,0.8114977013530394,0.6921339625615947,0.5508809389314991,0.6368568925778536,0.6374240698306209,0.8186247544647847,0.5960909617037633,0.484444252248024,0.1960345824699677,0.5607395194097716,0.7979726083202507,0.7249561600784392,0.5725881350610972,0.5230714056223044,0.7299532367540136,0.7839818790818328,0.44080120162068026,0.3934913800486223,0.4782149557839322,0.4401774857030736,0.4545630679017281,0.5805380054342036,0.5345355773770065,0.5465677179811868,0.5531294373226278,0.5384207432393485,0.49248301167826253,0.5902213474859058,0.573915010198567,0.5771281972232332,0.7271669972898545,0.5627910383254563,0.5883400091401791,0.5950102883053184,0.5299276585122533,0.5960004957670464,0.6056862059193754
Instructional_Support_Depth_of_reasoning,0.54075191200178,0.5995184091793654,0.20833007575351772,0.5148171725572123,0.7186465806074969,0.48069486979231857,0.5133322876130152,0.6300957527329869,0.5647975065305606,0.7286190284553181,0.6989180604422938,0.6453762009354295,0.6129448097283692,0.19452191557626577,0.7517075830886468,0.13778499064047584,0.5479992874355153,0.6916779385634141,0.6347816663199802,0.6622018222345297,0.6122276273370688,0.7700185363375651,0.7037639386795619,0.6860979172191917,0.7109758136562243,0.6211281218784188,0.6246723080537544,0.6699543060604461,0.6482323137473632,0.3723265182460458,0.6381876793669977,0.6475599463792995,0.6087340833522484,0.6464835821231398,0.6425522671677503,0.6355225042137344,0.64334965160632,0.614447513013518,0.6189918608576972,0.6066735968914161,0.22281142755782957,0.6189386117206312,0.5809675347737027,0.6044803663886544,0.5947983769308764,0.3418265442165662,0.6287686085553514,0.6187711502231747,0.6184565666116056,0.4827418722543427,0.5066849065799549,0.4665371381648376,0.5403878367441862,0.5816227900872167,0.6099554375988919,0.6153625558422009,0.4384959448905158,0.42783392954248795,0.36807983731453264,0.7248700158244105,0.6607272555714403,0.6960805454908945,0.7084482497464956,0.47872581848518364,0.7260347296199909,0.7360014371065845,0.7663831042910154,0.696544678775504,0.6570557769092129,0.6647079174754313,0.6699345092886335,0.6728210762889852,0.6359336345126249,0.6288113786175131,0.620307938550884,0.6307748049242139,0.6893210830209807,0.6385702624755187,0.5940588421261892,0.7187878477333737,0.7321047605769998,0.7095377268836953,0.7657337595980379,0.6445001367081348,0.7172401556307404,0.7016489188700294,0.7140017640430891,0.7126563356495499,0.6640651157792065,0.42352354616072724,0.4997576416021659,0.5297576215092273,0.6243843545838015,0.7198845168571155,1.0,0.6299136490575723,0.6643415438209881,0.6713294411175155,0.6208575919146229,0.6843749792208282,0.6803000689418611,0.6859910499863319,0.5920077603175776,0.7165649551451075,0.503568263798711,0.695230205166655,0.6334758206908453,0.634484840168282,0.6635035842234355,0.6470535630335513,0.72464086417996,0.668906159512748,0.07374071925199804,0.5438901259368917,0.6064114038650206,0.6976032976499802,0.6656707927202813,0.6606566506109796,0.7376908569207304,0.6129653223103275,0.7058813858854144,0.6304978667114216,0.7023429954472978,0.6598196054369074,0.6153969941404279,0.6352976679456169,0.6712293499871381,0.7401892938998764,0.6483503348715066,0.6868966602506429,0.7676944008062567,0.7637374922205798,0.6536677746535846,0.7560544355601431,0.53909202185973,0.6957942772045898,0.5460824684248261,0.5037849526863422,0.18924828274482458,0.5413529510766167,0.7915095239439299,0.7645703002272363,0.6421253690167238,0.6014635738930716,0.7244038280446079,0.699574016243975,0.46208009161360697,0.4259268567787183,0.47322335170140784,0.5230199390017022,0.5225101705037306,0.6682279922596309,0.6366181665257781,0.6352428526065402,0.6479885311154132,0.6516451162177922,0.6064991170958551,0.6819390508800747,0.6677730379933668,0.671410342308186,0.777181578521107,0.68882774842807,0.6527909177002349,0.6589159446227022,0.6403820098123049,0.6545733402560132,0.6984495868478763
Instructional_Support_Engagement_and_Motivation_Clarity_Simplicity__Inspiration,0.7140705977276595,0.7449732541921312,0.15295089184493235,0.5831044740328166,0.7451155362819629,0.6312925831902305,0.6250407572946044,0.7746615519626987,0.7377005717970861,0.6294090167158146,0.7450032884196306,0.7943277850676826,0.7674910493254655,0.2173607322200356,0.7554666695841857,0.4875707317932086,0.7747575699645496,0.7656892186427309,0.8249906013302147,0.8476763516668724,0.8244164010266471,0.6546231394697662,0.7164951871042399,0.7837697532027132,0.7950582306728912,0.788870281265271,0.7625212424931561,0.8056605620093882,0.7577701355893249,0.489472409267502,0.7517440502282882,0.8458851642240951,0.7579790397648578,0.7246173224336586,0.8167833152416576,0.7524626862151902,0.8092367805719298,0.7140248806592346,0.7424700810624801,0.7670199706985097,0.31229048720268876,0.785810177942774,0.7781794897403217,0.7682171587374562,0.7064783118648258,0.1417081788805117,0.6522931226301586,0.7712164498137326,0.7495048691109129,0.6343784230448465,0.712208002614057,0.5411377551767624,0.620590516898385,0.6033558883050305,0.7252861071406745,0.7549618436312298,0.5517250531869822,0.49016474770739216,0.345428435198178,0.7305660761645283,0.736412164190094,0.7583594166095887,0.7757507924594369,0.3410627316468011,0.7155031447733338,0.7313554953051687,0.6631984483165523,0.4291420027859923,0.35452312868298147,0.7801105802159092,0.7969910283004121,0.6487561876756522,0.7542328019049931,0.7193690819887439,0.7473956374724798,0.6644036127794403,0.7500899910341217,0.7742688728986826,0.67801481869371,0.7661806514180111,0.6596858142957375,0.6431986339610962,0.6662756113701376,0.6506716708282138,0.5587822887973313,0.46058695003950306,0.7333876887186014,0.7336076499294234,0.6575743837464385,0.5835598614902308,0.6661956062601521,0.4207479735083274,0.5052486648703897,0.5107002133965962,0.6299136490575723,1.0,0.6363967661921327,0.8010641732867898,0.8302066525439343,0.7619266714905272,0.8178564626232754,0.48444122177002663,0.6196181198689613,0.8101568718630522,0.44877727277125634,0.815284677800661,0.8227048074532303,0.8311703992979977,0.8370274983791574,0.8317585341694202,0.7527874818575625,0.7856320472586686,0.0967850703215361,0.7108348647693473,0.8141115741437556,0.6880283948198797,0.40664271396578944,0.5359304848686538,0.5170917745009925,0.8242012131191353,0.4861869377291739,0.7429139201444521,0.7818481228175231,0.7815432798209454,0.8093470189686806,0.8391339355790466,0.7104048268495675,0.6729163860305136,0.5498241483280684,0.5109049183979668,0.5416026422211453,0.6948296407095914,0.6492616525884429,0.7516834052635375,0.3631316559312094,0.45658028599373596,0.4087253567659484,0.5072696238073575,0.1874310230133556,0.41846705689210817,0.5910532581355161,0.6356855470753526,0.728933582324569,0.7657186132267183,0.6627388156572989,0.5114008464575793,0.4434952345264473,0.42733862423602315,0.3959180901829065,0.5757020783725091,0.5734398655392594,0.6680945288169627,0.815481993796886,0.81628463018457,0.843227979275455,0.8036908553546096,0.7483704627005621,0.8102836017326098,0.8338999561411733,0.82166691843806,0.7272061428165891,0.8012261978098899,0.7022577348499175,0.7743742988779196,0.7811211335035924,0.7151253922246152,0.7668140859337861
Instructional_Support_Evidence_based_reasoning,0.6266121241888378,0.6661594445524218,0.17334876108673197,0.546464034097834,0.684168842767589,0.5553817426426388,0.5689248475667398,0.6780534784516837,0.6247747451497996,0.6584461504979277,0.6253939308449298,0.6606072437398889,0.5945937230333169,0.20283910330337684,0.6824269825711525,0.2685367310683969,0.571201660736451,0.6509775838691686,0.6488309432865829,0.6668483218144047,0.6420904528105023,0.6940997862245543,0.6573469809848522,0.6686108869128672,0.6617871584756868,0.6409943693769061,0.6369547925869251,0.645078140016353,0.5795448250538396,0.3238968864770682,0.5861883405528301,0.6584422254617013,0.6028499496137086,0.6016890204838116,0.6595347614460786,0.6117351352952715,0.6416259413331288,0.6031465706941133,0.5600510452345687,0.6104020404236595,0.2406013239053476,0.6467474896628863,0.6272274238758794,0.6584349935466643,0.6214162770510929,0.29377132599759875,0.5984622491628525,0.6592409641415395,0.6296256350335175,0.5318031916379504,0.5407234967737303,0.42314291879070204,0.5487826309349272,0.5504458366337762,0.616007442412507,0.6327398936053006,0.4234702222952881,0.41548304605444836,0.3575788341216632,0.6593281136220739,0.673945318709406,0.6910838292314118,0.6715957032716008,0.49333245277350946,0.6869206575912693,0.638861289086539,0.632531404951635,0.5023145312031877,0.4697211594436244,0.6355477015753411,0.6454044870427429,0.694755581382765,0.592777599040639,0.5718237195545784,0.5789388595506286,0.5440375275743105,0.6068920378658454,0.6176308129936594,0.5643336968760456,0.6541197636878701,0.6099242186473722,0.5814904826875344,0.6588052914224979,0.6320168738368757,0.5878095963208276,0.5248979994835351,0.6048603744042123,0.6177752985995887,0.6332371498023247,0.3701542553144686,0.4640009188249555,0.44415592357988504,0.5720426806292376,0.5967277658227998,0.6643415438209881,0.6363967661921327,1.0,0.6669492277772028,0.6413795161508302,0.6413845515526174,0.6792402698231498,0.5558314075090871,0.5656977816190045,0.69772382591685,0.4474976078237949,0.686898986402321,0.6377802028748059,0.6612573377404785,0.6402915844477907,0.6495762022381011,0.6436814702162177,0.622802068964097,0.08586713539258839,0.5575325893424493,0.6268037958940267,0.6447284171771293,0.5664126166030382,0.6998265734464587,0.6509055617715415,0.6647734354789276,0.5697639387793051,0.6604117011242222,0.6782666942640121,0.6389880004318147,0.6083027820063347,0.6414158066672411,0.6605480924533668,0.762452169293041,0.6335881135299396,0.5636176213652849,0.5913383624827079,0.7283440036735613,0.6738622255490757,0.720722038617005,0.45162973284302244,0.5222012264539626,0.4730590005442108,0.4504209640307527,0.1298604046236991,0.5156313883491799,0.647517581122234,0.6705287893703873,0.6064731671737601,0.6584208655483681,0.6543450121335712,0.6264186914440714,0.47087110965961,0.4791196083581268,0.4744325581644479,0.517890219848079,0.5755646537065972,0.6366647151524598,0.676980338129795,0.6318669977862745,0.6699476267161154,0.6583044604531731,0.6252078773564643,0.6810882345860653,0.6740893015575037,0.6693389280476866,0.6806293069656726,0.6764944016439086,0.6528951757329794,0.6537418316745937,0.6382042334640179,0.6390271760279552,0.6743223733000865
Instructional_Support_Explainability,0.6889821551842786,0.7513053258638742,0.19866850489808793,0.5906194882546723,0.7408944506600473,0.5995950265079237,0.62674507669056,0.7849543451884696,0.7210593033895656,0.6559677104204841,0.7503837324518055,0.7897317756756084,0.7386887962226631,0.21059526738858006,0.7635795446590566,0.4152859749931396,0.7424613872986154,0.7650054368962148,0.8115627931173018,0.8221742801532554,0.7905897718794946,0.6960749115009897,0.7387779686252026,0.7859443793671785,0.7935174701669194,0.7643196095403159,0.7224277985626761,0.7994033361828515,0.7374529120397764,0.4684627656858736,0.7592859204661411,0.7897704481837563,0.7532082059443261,0.7247273031633755,0.7790194945345189,0.7119757045310773,0.788661891659018,0.7091574504590892,0.7303787832000831,0.7352188674785558,0.2712463769535493,0.7869599004833558,0.7690152102064621,0.7689550148578561,0.7005758867355941,0.20243341016049365,0.630312252134299,0.7815307879405158,0.743757159494071,0.5907394159798716,0.6784106358000673,0.5303519726585947,0.6306706228702904,0.6100964350659711,0.6983609984968476,0.7473737984248245,0.5368857605853011,0.4752474452661229,0.38048832485879175,0.7534035165761775,0.7357911584598937,0.7596251367574407,0.7687592316816299,0.3880376567901848,0.7245710220182577,0.7456767142372926,0.6856538854489885,0.4751180590286216,0.3995904849385281,0.7792496441078748,0.7848401599965996,0.6690231210931821,0.7189013691089191,0.6859007831369722,0.696281523147608,0.6497417244457036,0.7334910486110379,0.7347046245755774,0.6582612586515801,0.7564867639048831,0.6858156881491786,0.6490390814302435,0.6798979003573901,0.682706018918293,0.5978037032696117,0.49455766496738823,0.7175238661587026,0.7231765338055389,0.6940266886595795,0.5474066496497576,0.6235491733134266,0.4339478148870872,0.543822821895736,0.5298050272246567,0.6713294411175155,0.8010641732867898,0.6669492277772028,1.0,0.8031347049850989,0.7561040929365835,0.8084679588700872,0.5484316107784029,0.6151836189125812,0.8034747518022637,0.4633293876992781,0.7973328373785772,0.7831866440059259,0.8118072868460829,0.819495167735857,0.8100299713056817,0.7377335902140703,0.7461378594293439,0.12936676694949598,0.6788173279360609,0.7953259890178301,0.6983785878516523,0.45288899343743105,0.5743954184778765,0.5398568548103984,0.7982271073716392,0.5309233025730675,0.7368009914842677,0.7750513699830713,0.7591417064257522,0.761286905763914,0.7921059049147243,0.7110597197879851,0.6978185194632153,0.5749448706694774,0.5267467148282478,0.5724757032748711,0.7291610312052927,0.6763998482924217,0.769505441438536,0.38051213589909244,0.49814505207304516,0.42294817911807797,0.493164370019722,0.18414800178474416,0.425769585610994,0.6402036805181688,0.6703130484389874,0.7182458323208822,0.7457962158591005,0.6733826955709504,0.5738043886861975,0.47766704051746744,0.46686000116555315,0.4310043316107919,0.590415476934931,0.5862931208600028,0.6845585872097358,0.8081810111858464,0.7718797777844875,0.8013410184691345,0.8084360525163582,0.7032355017490423,0.8023384286398284,0.8034951798035245,0.813667580681661,0.7400630587332576,0.7856909700146398,0.7126685834911938,0.7756357297360941,0.7920096006733736,0.7224420439852326,0.7692395171239651
Instructional_Support_Explains_concepts,0.7386549914234278,0.7785743146073296,0.15268018995164334,0.5667565241314727,0.7073893518760468,0.6568882840608944,0.6506352066132848,0.791435843774826,0.7474816179118737,0.6171629352883959,0.7421596931062535,0.808398480490075,0.7618071827553464,0.16915256734940534,0.7423502264460853,0.49810639834736226,0.7557308483907026,0.7532740651873902,0.8538017300976205,0.8403461199664083,0.8443832640084734,0.6522772383100849,0.7150233453517028,0.7753468089888935,0.7839397687286055,0.783879202999576,0.7676449338213509,0.7873854483216352,0.7214318249166582,0.5004889975098532,0.7338464896389344,0.8149029859960268,0.7310050026775539,0.7172801335464127,0.794552684018314,0.7311562153999543,0.7813789920933311,0.7046856731002429,0.7245071660514409,0.7562761145427919,0.3129689732911116,0.778465391613774,0.7926185091032658,0.7795008809797981,0.7391082382350592,0.12988471284964168,0.6424295999424455,0.7800862680491186,0.7266180859762178,0.6469646695018242,0.7268311890126903,0.5664255175914104,0.6195497648130399,0.6116004876466687,0.7380138398782718,0.7521262872509232,0.5785042117158106,0.5049914355071765,0.33066828904039297,0.7269382301243362,0.7339618803378288,0.7641683021926079,0.7625355485220668,0.32809908683728417,0.7031730284229442,0.7180710387550767,0.6448966069270577,0.4234775636899154,0.33416411750239405,0.7660103987911019,0.7930493406929101,0.6421467140207644,0.735239217727837,0.6962298551312704,0.7132940143417298,0.6395128185358292,0.7318629285681917,0.7719011892351296,0.641529028319534,0.7395487362093996,0.6446050186861202,0.6257023591447541,0.6505861692524056,0.6458484382042174,0.5251827352027538,0.43824533873710037,0.6980028375228797,0.7023043174315431,0.6468131872506038,0.5814268799846598,0.6751664876669287,0.39412676080041725,0.49409543089957786,0.4902197422413865,0.6208575919146229,0.8302066525439343,0.6413795161508302,0.8031347049850989,1.0,0.7622052279240128,0.8208872488870761,0.47048064499866965,0.6104545878871787,0.8144140399443359,0.4016615093092466,0.8161909133808806,0.8251836597089126,0.8401669180212423,0.8222775037929001,0.8251245938130217,0.7235961865194743,0.7761378453195985,0.11539592066128554,0.7273829266043811,0.8374625200958256,0.6986861737794909,0.40175516365857067,0.5294342727101582,0.5001717413512173,0.8394589243597967,0.47675818284376215,0.7730345486517751,0.779125203387797,0.7926837999614662,0.7852769497031965,0.819501456788227,0.704717383468872,0.648280882240505,0.5360755843580208,0.4895247552227257,0.5246248241062332,0.6855676113946729,0.6456152567450456,0.7440126319599241,0.35232516224878063,0.45020799087792734,0.3843321515376474,0.4931943920566962,0.1625246803323675,0.3899806667674174,0.5826528788060688,0.6087730314093748,0.7181021650294894,0.7747994005818453,0.6651370850183075,0.5325948093422421,0.4420358928301245,0.4429656344558632,0.4253006827237624,0.5625333501185602,0.5698541275756454,0.6589559125422793,0.8341996625915146,0.7910173092062189,0.8184011107956928,0.8087581837958912,0.7607319536209995,0.824464671816965,0.8339838928140935,0.8245552358192327,0.7228201465373676,0.8118964893128722,0.714346840045035,0.7637949227415132,0.7846503421773686,0.7119189358547245,0.7679196150318504
Instructional_Support_Feedback,0.6194207307452153,0.7023938566318112,0.16520784120936233,0.5383338107696404,0.7189245459615282,0.5697551206062746,0.5633157227340863,0.7210081159773967,0.665380359438124,0.6912650362443135,0.7906089237348507,0.7872542729586472,0.7658421970610103,0.1952245097623829,0.7987846553786305,0.3903282588247776,0.6881346199635986,0.7505381745965914,0.7609561585554099,0.7715099947808454,0.759135471540332,0.6901754143198208,0.7425741858204822,0.7996545765535917,0.7836299074778272,0.7400222914928032,0.7716060776136058,0.7922081685013888,0.769675255445398,0.4186436112435183,0.7585524569806582,0.785001076560311,0.7261892894083829,0.7347757720781621,0.7580594297504896,0.8034455312390099,0.7663479654590494,0.7412174561533231,0.7662990521987249,0.7651611607958072,0.3075915886035505,0.7362578931348849,0.7247074225430378,0.7156990095967883,0.7281543731638156,0.21114105507974062,0.6490944977801711,0.7478864178475606,0.7024707978026089,0.5582799460472483,0.6681367069309294,0.6159274064650565,0.5989685183296232,0.6016269292941555,0.7341593962225623,0.7001789866332541,0.582984749941255,0.5552277325167456,0.34519939262135163,0.7465296148895183,0.7127967704025201,0.7952486018145425,0.7672243786633383,0.3845798032132574,0.7379362508141597,0.7812520547407688,0.7388642722696669,0.5659239085164623,0.4858357544790033,0.8067488689131386,0.7968928597562456,0.6860421750229947,0.7960432461559275,0.7539723173582474,0.7635939127360256,0.6632048094292342,0.752012728082168,0.7521867628222092,0.6646659917642465,0.7926568037859112,0.7568435539235329,0.7215179926504856,0.7265351930284806,0.6804205786978169,0.6340086471786168,0.5908330297576578,0.7545368226431345,0.750765817071779,0.7153118936431879,0.5097862842072386,0.5880170632285449,0.4780102398837142,0.5539635358809154,0.6021570448805945,0.6843749792208282,0.7619266714905272,0.6413845515526174,0.7561040929365835,0.7622052279240128,1.0,0.7988359463507168,0.5815789938769342,0.6397613494830001,0.8140369036859246,0.44405144989279305,0.7803971957263971,0.7745740130190284,0.7595011492371685,0.7740763475284033,0.7656214388905981,0.8125081899258403,0.7975849058671606,0.07569603229186582,0.65802634717192,0.750159005641173,0.6938708319472382,0.5291202465294936,0.5777188867832079,0.5950059078726608,0.7532297730567052,0.565759416012379,0.7377824618607177,0.8012164100138234,0.7781392343804172,0.7383769047075021,0.7777530558668394,0.6970020640521077,0.6836209579164093,0.5984021996105664,0.6063593449442705,0.6355217113021753,0.7213816479736659,0.6252181730094346,0.7631727685594358,0.4221032232700998,0.5837830016983796,0.4558555351627211,0.5055508193836675,0.16972417242689938,0.4346692597761303,0.7038120334327284,0.6859246102117337,0.7518935104304756,0.7083018043720648,0.7143112998368566,0.6371430683056217,0.48030625444659114,0.4607334181903123,0.4461943190876594,0.5576318225022877,0.5558326188550523,0.6762957359865436,0.7718862976019427,0.7714705765230053,0.7808552579308512,0.7466857457666243,0.7602272273090792,0.7832374878235169,0.7691224527378752,0.8074292587278188,0.7633854827858126,0.7602229754697563,0.6697534746909851,0.7764737710056038,0.7511410128125696,0.7179733312322011,0.7611361983422503
Instructional_Support_Feedback_Effectiveness,0.6849372537580345,0.74492959576982,0.17757601609749857,0.5869443731742996,0.7734189936993652,0.6230768571598616,0.6317918005662135,0.7814993424358416,0.7148140698678134,0.6932507554261943,0.7840213943677918,0.8109495743587015,0.7683612480559961,0.2204226079377884,0.7893905070233167,0.4461503057261615,0.7516091088861825,0.7889403800953249,0.8185964556031926,0.8275280571102303,0.808968727991298,0.7166493948788528,0.7304609149765623,0.8181838998306561,0.7997629138746495,0.794980125932226,0.770951881915706,0.8153788219204552,0.7814046516883262,0.4535226217784647,0.7783740137791922,0.8069765539311904,0.7606134667102168,0.7762006861099714,0.802910136210698,0.7840256264472975,0.7981609846563767,0.7634346434352467,0.7785002089558836,0.7857762943173103,0.3070493858427911,0.7803317824114904,0.7810266321906478,0.7635485220416072,0.7270376711626366,0.20161369338045906,0.670784339127569,0.7850906982206858,0.7520707253308231,0.6036142681378663,0.7282644461454425,0.5888229859164492,0.6635173214408371,0.6482308785923739,0.7414541561442741,0.7766249514561796,0.5526643563300819,0.5438096622883164,0.3708084709808128,0.7666570810889349,0.7512712754741186,0.7895253351509078,0.8046508700808864,0.4028956438848338,0.7574383238869857,0.78431242010028,0.7339933428945856,0.5108300022761396,0.4325455678900654,0.8015067349284497,0.8187548582565141,0.7086677500783686,0.7987666754106801,0.7685719556893563,0.7806671132181079,0.6893215480558402,0.7717526687973609,0.7944015227737932,0.7113954085982254,0.8250143072220473,0.7107465320400104,0.7013411528204583,0.7402372778411693,0.6926968623413673,0.6120318908706669,0.5390222313330296,0.7641059619692019,0.7628773486154143,0.7189971810394193,0.536763674261188,0.6311800811488949,0.4676542907480873,0.554166058800247,0.5729681742424473,0.6803000689418611,0.8178564626232754,0.6792402698231498,0.8084679588700872,0.8208872488870761,0.7988359463507168,1.0,0.5756157318746097,0.6519058210375002,0.8289367120621066,0.48788182209138625,0.8338675072807729,0.798287480321704,0.8135633203798387,0.8254831128410104,0.8232591371493905,0.7920536740644047,0.7769415892061472,0.1128121690273108,0.7100256463617153,0.7950377891359512,0.709831831153933,0.49077886505281143,0.5983084821194278,0.5857339066981402,0.7896133045744089,0.5548319062020768,0.7466618424846383,0.817769078235226,0.8057663370952673,0.7871886266863443,0.8000070091921146,0.7504715869599441,0.7042734611290786,0.6060904031139935,0.5920438016389863,0.6230414260991494,0.758286518710544,0.6701627818748415,0.7971639640667811,0.42666898049508384,0.5382827850420733,0.4682468692946911,0.5488289364665812,0.19687129053012944,0.45556273060701985,0.677254251291685,0.680136921352254,0.7519834469041835,0.755717712825122,0.7234028015084661,0.605065683193925,0.4772062040867242,0.4635851515450009,0.41984296073847405,0.5847511098647618,0.5966337767188894,0.7045750868812712,0.8275153886681575,0.818969607803538,0.8384952314651639,0.8079012566689308,0.7596202177772358,0.8526250921253881,0.8321648186042869,0.8406680248948923,0.7758601598546921,0.7944457047852631,0.7249664359279985,0.8046882054373401,0.7975910194404613,0.7516304667885455,0.7956512559137014
Instructional_Support_Feedback__Assessment,0.4297598355969834,0.4534016630082517,0.21005190100793095,0.44611462334034047,0.5899688287997042,0.39640208205298194,0.43168259939058057,0.4985102008862532,0.4628848461595188,0.7350152395052545,0.6230020199277339,0.5155671156456726,0.4945358931188071,0.22752813201931535,0.6585161764454699,-0.06927503576464163,0.37838297108174507,0.5933983377353768,0.5022637760105225,0.534617339322984,0.49590952873440863,0.6896737273106439,0.638771777540473,0.5738933146615178,0.5982074290714263,0.5176858492350114,0.48555405080398323,0.5675396726759233,0.5685939223421348,0.23359628293235188,0.5420366912728561,0.5448751441083736,0.506212750616598,0.5641987096390777,0.5436024061776993,0.5354174675806774,0.53545123748193,0.5256493237034108,0.5219362879711215,0.5104967370119272,0.18809537790814704,0.5179135117864911,0.41087936024830135,0.4857313425703666,0.4444035851315993,0.34871528543476327,0.57739511967583,0.5055366901605051,0.5084583355672437,0.369504262892684,0.3940439286580595,0.362296207503047,0.46956592375663503,0.487567892993503,0.46282987856628227,0.5007358296229912,0.2937534503414412,0.3166135478640598,0.34596034253760116,0.6537496685473311,0.5459617912240543,0.5711828194458015,0.6032726215678557,0.5774509998026253,0.6346550465436649,0.6506719169267892,0.7067364610728665,0.7568911791810586,0.7555612972685949,0.5721053400873816,0.5555853630150337,0.5934257572293963,0.544278375281599,0.5567397484242723,0.5293189741594236,0.5889847011106997,0.5403661960407115,0.48816659040697813,0.5725293377453254,0.6375089587023997,0.6755713043433942,0.6728835861817934,0.7062516221375126,0.5948531336728913,0.758385655662342,0.7432217509225487,0.5852546825643797,0.5597163100548428,0.5803024209123698,0.2553919407338124,0.34110547508008626,0.5636190966832534,0.6349911104168726,0.7358672236960988,0.6859910499863319,0.48444122177002663,0.5558314075090871,0.5484316107784029,0.47048064499866965,0.5815789938769342,0.5756157318746097,1.0,0.5406040519339741,0.5859627833300647,0.523447564965726,0.5729667639912599,0.5039438401083219,0.4964853620291575,0.5208692612107377,0.5164593738247608,0.6220529727695758,0.516246186979776,-0.03230144140052309,0.387317188749655,0.43767582494555163,0.5703719822615277,0.7302935586296226,0.5397638250334091,0.7276559287143188,0.4639890752259268,0.756953540484291,0.5134906614542842,0.6106551595160639,0.54038682072596,0.513124129087391,0.5206795405851178,0.5974533206476272,0.6451089611356249,0.6271843544865857,0.7674362532532315,0.7703883764511728,0.6667742652325663,0.5530967987241684,0.6397371686653155,0.7193713836469908,0.7590990311791613,0.7359301188051989,0.5920042806062588,0.39414292894521463,0.6680495349367941,0.7799749647215479,0.6980558987814943,0.5607352650635965,0.4978271039611723,0.6694555517068053,0.695658789950077,0.42904519536646446,0.366026988943092,0.47229454943555055,0.42435856321175447,0.47104400378069927,0.5483998419500008,0.4982458715611703,0.5292566818180439,0.5290403975704719,0.514756016993723,0.4782419371931187,0.5889052828992255,0.5518047081572146,0.5515560962963411,0.6746607387577863,0.5462363309153931,0.5472772596620354,0.5699746451974176,0.5067591770864488,0.5736190131027077,0.5463739394388732
Instructional_Support_Guide_towards_the_answer___checking_that_the_tutor_provides_actionable_steps,0.5594384939099248,0.5934029781955282,0.1517195980349306,0.5002111883351936,0.6110179545777761,0.5357242670388123,0.5369437821980708,0.621186832050083,0.6002292414970974,0.6231405865741736,0.6219480399436093,0.6279074505699762,0.6103923502373636,0.18439024362100956,0.657012541345581,0.24252128254223818,0.5804031900371949,0.6109598867551169,0.6064353143165189,0.6482916819330802,0.6160212422732804,0.5873665687811852,0.6113790838258961,0.6361159059379569,0.6360571848363433,0.6400255888285539,0.6025472577182478,0.6518583953740273,0.5863509442928011,0.34115278187774606,0.5704992726038495,0.6417235978551574,0.6086166720755886,0.5680122086472877,0.6435869598166333,0.6241950415414527,0.6404619927640894,0.6008753179203216,0.5675753964989643,0.6135364032514949,0.25719054576663736,0.6484699283576228,0.5916017237491105,0.6291322125261399,0.5751860538572547,0.30009246823280006,0.579143790166195,0.6540136132164892,0.6555002699788366,0.5314832084035898,0.5366315451834651,0.48523713587001466,0.5499968049701044,0.5255454377328248,0.60017495068938,0.5951912219938835,0.418708653766142,0.4181893868340394,0.3202737110160446,0.6178381110268837,0.6339965530974131,0.6546532214578838,0.6294057703957049,0.3897867932222007,0.6008819272525806,0.6206534645810621,0.6318880834552223,0.5155181289790134,0.454960751576433,0.6123410481480906,0.6109422867541827,0.598578220315462,0.5902566811771672,0.5693495634572304,0.5926243752186053,0.5000040006680544,0.5837834811534033,0.5780400738372906,0.5242771130797328,0.6453950387131601,0.6072985228265642,0.6035484147483225,0.6111625167766417,0.549233881453877,0.5376996776928469,0.5185805884980158,0.5795106162282825,0.5852807790041122,0.5830904675882135,0.3790346182703338,0.4646023128265464,0.38054609185552896,0.4893553265273137,0.5645447357796743,0.5920077603175776,0.6196181198689613,0.5656977816190045,0.6151836189125812,0.6104545878871787,0.6397613494830001,0.6519058210375002,0.5406040519339741,1.0,0.666244296876772,0.38477861167632676,0.6510706258319444,0.6271823249159095,0.6217396933417176,0.6295747807504656,0.6163152448727839,0.6513137130571267,0.6288587601479064,-0.016309439343417123,0.5545050505242602,0.5744672581132473,0.5877215407960317,0.4858418913986362,0.4834352870178871,0.5575005451300532,0.6318200853629208,0.5227908311348315,0.5807720016778831,0.6605914563027203,0.6544376613697261,0.6099585877683608,0.6189739203948202,0.6377703074718526,0.600774818980268,0.5218827257658806,0.5708584089034493,0.5689227281286512,0.6267897401904052,0.5447402580318073,0.636306345835961,0.425096709838993,0.536041114387813,0.42900270305552035,0.40914675146969826,0.15561540978652974,0.4535505695302186,0.6227587861663836,0.599699131929081,0.5824049363580935,0.6414545418625105,0.6606834825706045,0.5982824648480577,0.370118136173728,0.3671204875691493,0.38367251950712195,0.4737776938928019,0.4840937285543505,0.5508882492832404,0.6198573759652934,0.6558355300263554,0.6429476857347781,0.6141281761830523,0.6011180988941134,0.6457631232144335,0.6533463576484776,0.6571281784711768,0.650356554944653,0.6195474864893954,0.5607461336101088,0.6477817091320436,0.643869062934971,0.5805349003127317,0.6270995891798139
Instructional_Support_Guides_student,0.6985839221520512,0.7627787868810328,0.17016922966715653,0.5759814267243474,0.7607799803864,0.6332799507502328,0.6382077603928527,0.7790953494387981,0.7356328617959891,0.7030532416198457,0.7712230662734499,0.8103509924246751,0.7736270402310604,0.1817620916002442,0.8052537160344195,0.4112953630348899,0.7359173476408394,0.7790041316946976,0.8112484365420191,0.8321276797545153,0.8115174724698664,0.7229451553905536,0.7502861135984675,0.8174688963725423,0.8169038078624385,0.7883509380327884,0.7721557442441318,0.8181701554458336,0.7465649755885267,0.4409141756997523,0.752480516002408,0.8104092150135115,0.7508588600826889,0.7327953556417477,0.8022523744308729,0.7523961311173049,0.7935130209567649,0.7370750636971235,0.7376682274412216,0.7667857250395976,0.3156347604141542,0.7926650141949452,0.7835739614621849,0.7787010450479207,0.7451783076703061,0.24084219254448985,0.7005781555218028,0.787962922237913,0.7488783519214169,0.6128893457585297,0.702117859156021,0.5677006986989227,0.6182883723117021,0.6268546899187001,0.7593441502938701,0.757391104927257,0.5923700983876964,0.5226452536821831,0.36355264053765923,0.7829644934907739,0.7758466272743698,0.8060423804938475,0.8094304267256288,0.402482162680498,0.7525253620713055,0.7826449618690166,0.7344582766489647,0.5520843585361387,0.47179274250635395,0.7952582644192464,0.795360786867401,0.7264768730352935,0.7609359172195334,0.7144971462649118,0.7345827950601655,0.657946172056969,0.7638033688473683,0.761439851166842,0.6593686936943578,0.790362841533388,0.720465230588527,0.7129683793317843,0.7485573957492329,0.6834070253551383,0.6141426634826422,0.5629993332211722,0.7388792333661555,0.7446920503333467,0.7003124582381194,0.5169093635757903,0.6184647650462959,0.45734523332609606,0.5656113665567631,0.6106687151922271,0.7165649551451075,0.8101568718630522,0.69772382591685,0.8034747518022637,0.8144140399443359,0.8140369036859246,0.8289367120621066,0.5859627833300647,0.666244296876772,1.0,0.4253216867917298,0.8384043108788422,0.8000179341376029,0.8104147296765765,0.8129381715952424,0.8047083045308728,0.7900368658656907,0.8051879029112674,0.08498098629306931,0.7085143380988582,0.7867122167670304,0.7180916100381832,0.53471705137796,0.5872830572905915,0.609994661124605,0.8061547462180907,0.5729836355574204,0.7560534238728714,0.8250925576988972,0.8043696337402665,0.7784046314078621,0.7980837872591132,0.7555424587823159,0.7177713034264018,0.5989148896874664,0.6177206830119268,0.6366323757847934,0.7694299472743801,0.6873004999857484,0.7961860978606341,0.43984372982385483,0.5555859768845057,0.4503431936810845,0.5229679499791487,0.16785809309393898,0.46844790202756653,0.6900854233466124,0.7078632083257763,0.7474460019451322,0.776661961924178,0.7390307737443562,0.6465919569499385,0.4750365806647577,0.4668650767499897,0.4609166218701801,0.5645368325726816,0.5956315043992497,0.6950189045187343,0.8118288519315077,0.8155517776431274,0.8114689654856865,0.807534264260407,0.7540348498159453,0.8178596224745304,0.8287317933894489,0.8234091386524212,0.782445985301457,0.8139940077477815,0.7182933327667053,0.8040788806945546,0.8094672194503577,0.7296225046475654,0.796994840197791
Instructional_Support_Improvement_Suggestions,0.3644274533532718,0.38396215964128205,0.15866493069667398,0.38812004487203683,0.49459021550893695,0.3013278469294558,0.313911870423161,0.42480962854084797,0.3628367966838324,0.5087026608777581,0.4924581637346936,0.4240827527965592,0.41395020563764884,0.4289520430003578,0.4889865252233494,0.10333741539508014,0.38178506207220253,0.4943750297656998,0.4440936492342706,0.4434445113472163,0.4015544194561666,0.5103056640258387,0.4925357184308255,0.4330141646018328,0.4826479143296392,0.4190261621064249,0.4042040931645555,0.4607116613781942,0.4988468600190876,0.2757176126789204,0.48886021210748126,0.4498798896831073,0.420416258264807,0.5091147346801961,0.43845960451829535,0.4372703261357696,0.4299502559720203,0.41535669307452855,0.47095776602699757,0.4120884320731517,0.1547655568151361,0.42854698693680626,0.36657160553731905,0.3774902372034332,0.36603548919815804,0.24540237644494264,0.4388208197906014,0.406114586942583,0.3988391441628506,0.28241369532976374,0.30976623356373084,0.26987925543315433,0.4105394683052693,0.42145428192248535,0.35922651862721006,0.4289540064855701,0.21023570310031928,0.23177216276979273,0.4283132971955727,0.48961980617509876,0.41880788991334933,0.4295307977692011,0.48340938958417695,0.41908946860364044,0.501421546698737,0.5327260789741999,0.5214045778721782,0.4369840197128502,0.4190517901818472,0.4707741559194239,0.4848003904769505,0.48128361505505063,0.45289937630908345,0.4856182284315149,0.4481327044051098,0.48411652963323,0.4902919337557347,0.45141114268151705,0.4997619376163884,0.5255538293581623,0.543051752911883,0.5293687871289124,0.5125088435480062,0.5400194509947812,0.572873952517747,0.47829912663397156,0.5112714498084113,0.5128797912377072,0.5465989943217854,0.3063131606392815,0.3620483839554817,0.5278998254638625,0.5339155949505522,0.4278594632814752,0.503568263798711,0.44877727277125634,0.4474976078237949,0.4633293876992781,0.4016615093092466,0.44405144989279305,0.48788182209138625,0.523447564965726,0.38477861167632676,0.4253216867917298,1.0,0.4658229595052402,0.41553868014236855,0.4461897829328272,0.4362461396195492,0.4407356482862946,0.5027886481186652,0.41819470719568813,0.08660927174412143,0.30601715525005013,0.4155815417723431,0.4627169857166771,0.4881477541044812,0.4566145949159335,0.5340660167083431,0.418762764722662,0.48602455814553047,0.45044128378446746,0.45774742389979983,0.42697389408612324,0.4163783813137477,0.4297604978946904,0.4557055302738701,0.528914157674115,0.5360247439979481,0.43262094668278145,0.5268971785283546,0.5300740513686484,0.48161578291843155,0.5158440766606192,0.5319979196577418,0.4700627524001185,0.5344407592311409,0.5330058137360698,0.3542663654555089,0.5510760306471832,0.5332451260557832,0.5353625321978883,0.45225982397699216,0.3689652709862439,0.4402170165753852,0.42164552222737,0.4019486548077076,0.34179853408754324,0.3472313520272784,0.44740326010108517,0.44099138033720225,0.49087347877347337,0.4239209204437591,0.4344061706664817,0.44622275426535835,0.4564424049763317,0.3785135504338149,0.4637517507577176,0.45441087040630823,0.4598081080393832,0.5256840308336787,0.42324487094830315,0.4552619201729435,0.4653210610999863,0.43161534161697745,0.4432802528407474,0.45397219637559316
Instructional_Support_In_class_Activities__Feedback,0.7051639382563043,0.7553554344188577,0.18116706382154696,0.595913259784882,0.7614079184790895,0.6544500927374867,0.6584174499871319,0.7928331326984238,0.7243684456234977,0.7231788971018249,0.7961378428316934,0.8195952506091051,0.7663534167038392,0.22002837353297977,0.7959460646456887,0.4180036543410897,0.7533971944481997,0.8147549481403276,0.8173804326643691,0.8447047456799455,0.8230702180672695,0.7378453094520976,0.7682070055395506,0.8101333160413593,0.8250272192061048,0.8041092963638118,0.7397425633834173,0.8272792139378113,0.745548101502514,0.4325762747554317,0.7690141168019915,0.8165139304898328,0.7667254325417242,0.741641856465484,0.8177768634981172,0.7608683038494475,0.7993942682167963,0.7317773558616709,0.7402039410800986,0.7660984424005838,0.2947798767305834,0.7998477364724498,0.7908394436087931,0.7729315584827683,0.7105417808985959,0.23979822863790395,0.6997176359050868,0.7892945569251628,0.7726598284791774,0.6291607204886155,0.7321412534795313,0.5658936469404147,0.666921428231384,0.6583005300181994,0.7248280207630162,0.7733156709808937,0.5350910054469336,0.5070970348525621,0.35543232054266377,0.7919790219234915,0.7696836473710194,0.7831645210623255,0.8047252913470577,0.39184303585894087,0.7592190801547877,0.7752500183391625,0.7234068585099052,0.5434393695166891,0.45837861173736416,0.7790794830029206,0.8106307323614375,0.6915754519521682,0.7599564008765031,0.7191698594203023,0.7427924019339092,0.6811476774398684,0.7539218523754014,0.7441639309499936,0.68704107872741,0.7937342159573599,0.7063641150591229,0.692682250646943,0.7246764826584777,0.6863085204305476,0.6352293498665299,0.5606749368160026,0.7397543400199494,0.7327118352653303,0.7209999742186468,0.5198959864474905,0.6116561966394883,0.470794951512085,0.5801177538384058,0.6175001633996109,0.695230205166655,0.815284677800661,0.686898986402321,0.7973328373785772,0.8161909133808806,0.7803971957263971,0.8338675072807729,0.5729667639912599,0.6510706258319444,0.8384043108788422,0.4658229595052402,1.0,0.8059860822275462,0.8256313827158273,0.8172473151892599,0.8159054483767794,0.7775703895144513,0.782991280144807,0.07365632709895481,0.7334885929855502,0.7955306761090722,0.7183537548527523,0.5225356862745536,0.5944289555664732,0.6246406370716318,0.8070058990175125,0.601904590456322,0.743257729138053,0.8281512547135832,0.8098882018090573,0.7823262344038281,0.808089858830602,0.7784215363728977,0.7410907363565087,0.6149786727066544,0.6298573880944134,0.6348898475176887,0.7652849526732469,0.6865766526022952,0.8014485544796037,0.4482014523281996,0.5579103984304934,0.4504921101343161,0.5267888356314889,0.18069099448570253,0.48528310103358174,0.6811928454272643,0.7083502143743152,0.7571106107940875,0.7656844966857446,0.7490671222532795,0.6355691680253032,0.5024370734181813,0.4532964153860043,0.4840650332855616,0.6071316376055199,0.6126151944436169,0.7009480018553271,0.8215556850321278,0.8181361723665806,0.8337028012620661,0.820989044014585,0.731020276454378,0.8333068909106962,0.8323329559908414,0.8370685503036871,0.7907290370508582,0.7944852504065147,0.7485741132523722,0.8054193505306286,0.7991437774485142,0.7663086923386337,0.8116209445727288
Instructional_Support_Info_Order,0.7088409187163371,0.7437908791972179,0.148252611720198,0.5547528698952432,0.7220179536609246,0.6425098577754594,0.6361374959263995,0.7655833230019738,0.7160571479502746,0.6466525771782958,0.7365431570095979,0.8145629907907278,0.7766633792727384,0.17800109699238087,0.7561415998333385,0.4598942462454769,0.745087794185465,0.7593412138461362,0.8260031217601695,0.8374049279097682,0.8146525097723472,0.6591379327813721,0.7101505113963471,0.7846339761075201,0.7749810361049027,0.7779775000610858,0.7803401866299998,0.8026356738801271,0.751487832729488,0.489193838785783,0.7320554852992335,0.8276249040052913,0.74899943362293,0.7178680564160437,0.8040152891609282,0.7530903612865149,0.7915124910864282,0.7108444488102685,0.7339109915071786,0.763307303436528,0.3100059654148944,0.7811993932109876,0.7901868128308018,0.7683897374138329,0.7348619828511889,0.18738197537719928,0.6570572275567412,0.7669026684404288,0.7335366466875152,0.6497912258493257,0.737652496197903,0.5754517408408388,0.6314740945318222,0.6035537508644813,0.7567729203903408,0.735536445968993,0.5452353567375492,0.5207303882934672,0.33797978842460663,0.7307126394860723,0.7112518289880893,0.7615862487060623,0.7860901441336098,0.3479543474357002,0.7086028039213796,0.742814156345443,0.6801937018804651,0.4815708004081813,0.3930515529140301,0.7748258304613304,0.7758330751069695,0.6607399331929962,0.7533204294412081,0.7051948330507728,0.734128766914386,0.643710641073666,0.740441207620594,0.7708146832876758,0.6538143816736689,0.7533606471927261,0.6878362427711485,0.6596173255879019,0.681683059475294,0.636365617559246,0.5813351747134454,0.4974619023381137,0.7168025833498841,0.7220942615357365,0.6332616861627423,0.5617569028018922,0.6540209872412148,0.41637031284198883,0.5049564473130701,0.5354200552045298,0.6334758206908453,0.8227048074532303,0.6377802028748059,0.7831866440059259,0.8251836597089126,0.7745740130190284,0.798287480321704,0.5039438401083219,0.6271823249159095,0.8000179341376029,0.41553868014236855,0.8059860822275462,1.0,0.8486567660281358,0.7917222318690464,0.8072418390775105,0.7653840940013102,0.8185217679594196,0.10051327911233707,0.740729863069191,0.8002368628850112,0.6827940073405754,0.4403728378533482,0.5474192462499239,0.546010295566904,0.7956953654556674,0.5214137170778619,0.7297302517249228,0.7823694757515491,0.8191194843275552,0.786816177464206,0.8254137207621929,0.7033791741436122,0.6638938159510844,0.5316984809499716,0.5551083795679644,0.5702557103308814,0.6965318952154333,0.6384919610141913,0.7413806157501005,0.3816042184685828,0.49734842925764067,0.40673697626841143,0.499243044106133,0.1723497553361085,0.40750380993136553,0.6256753688071931,0.6417663475657971,0.7125514202996514,0.7449548104558233,0.6876694181545638,0.5575921979343154,0.4327447432371727,0.43163528333624324,0.4051957886316609,0.5316819078915936,0.5377244557604433,0.6748621074232783,0.8112751861885446,0.7836301230426141,0.8011937776995345,0.7874698733340014,0.7621361774890496,0.7992949011693582,0.8070223195068281,0.8118288397823638,0.7375267791874449,0.8083071283542888,0.7051190367385982,0.7588764682742021,0.7814817568360432,0.73592101245085,0.7624534382035912
Instructional_Support_Info_Order_develops_explanations_in,0.7000433606026173,0.7586545546400311,0.1496260396828631,0.58129588469505,0.7363622725396379,0.6411078481824414,0.639194379167478,0.7857875954575837,0.7205562499271948,0.6525934401757365,0.7582874625350369,0.8035852873186357,0.7564899041278678,0.20459873217604516,0.7451248825023331,0.468137124908197,0.7813249578366035,0.7808231900055785,0.8477292200620611,0.8516568766833739,0.845533924351891,0.6730166078683674,0.7240680189562241,0.7910634331607338,0.8062623519363074,0.8032880468641682,0.7460654627240952,0.8264151062256627,0.7403061233313551,0.500873570999436,0.7675809631665724,0.8096247365856538,0.7395576006801321,0.7221067186016472,0.8016001809767485,0.7321691652634215,0.7790585724811857,0.7121891202378888,0.7218260129570577,0.7713290487385985,0.29251815602418346,0.7941493426150238,0.8027660046680776,0.7766930048242218,0.7054410641142969,0.1784345193501105,0.6627150517285794,0.7792349397836319,0.7390818387677618,0.6408772246455837,0.7323825365990773,0.5562246229170223,0.6274429168276068,0.6076950337464025,0.7304156627817576,0.744387795589413,0.5311948431865181,0.511830591171231,0.33509331959479743,0.7416812221096037,0.7305446514707501,0.7556531710705529,0.7919262293118139,0.33482611614963903,0.7100417369187783,0.7382378739848984,0.6689300039506855,0.45807456761752574,0.38048753656998996,0.7804666692450637,0.8038925986265115,0.6484622414175569,0.7451926105306463,0.6937575829717524,0.7224676262430918,0.6510562887306662,0.7513555781655552,0.7697707506056016,0.675695192126034,0.7606458582755521,0.667034250794383,0.649118019800547,0.6706735196371286,0.660952842690444,0.5766077676146429,0.4730278274464148,0.7376504158923438,0.7272324484976155,0.6569056959341858,0.5797326469806847,0.6623397754500916,0.4394590484873255,0.5313420003056076,0.5307366908040109,0.634484840168282,0.8311703992979977,0.6612573377404785,0.8118072868460829,0.8401669180212423,0.7595011492371685,0.8135633203798387,0.4964853620291575,0.6217396933417176,0.8104147296765765,0.4461897829328272,0.8256313827158273,0.8486567660281358,1.0,0.820173420557465,0.8222772939030585,0.7489782697300195,0.7904131520430192,0.12446956675532622,0.7370867509897888,0.8023321443214799,0.7091760569887198,0.44852106224421956,0.555794504496544,0.5309902240357819,0.8232157749123333,0.5162496937304166,0.7372536034270456,0.7776689253270566,0.7967561321267022,0.7849215548043321,0.8050641755256748,0.7104467187738988,0.6774296074011512,0.5497233130904008,0.5307431439597383,0.5583355988974261,0.7059909259212696,0.64393364513528,0.7583997318489564,0.3662134212828467,0.4803117088891481,0.40409991248741994,0.5054370090197421,0.18202350761914904,0.4180494101903471,0.6100663171709979,0.6496876682930637,0.7346538213939002,0.7447929848431233,0.6772652457969992,0.5450469484652509,0.4519575699260087,0.43210320818374226,0.4243682122168432,0.5799696000762743,0.5789316667079386,0.6893068182497325,0.8257800696187143,0.7957509928606595,0.8135192124758275,0.8202611465008883,0.7266215006161919,0.803872349057659,0.8225144704570615,0.8165176068204792,0.7332737607684986,0.8162529779959412,0.7337431984306032,0.7629862605479345,0.798099494748571,0.7227902159228209,0.7779405707504459
Instructional_Support_Info_Presentation,0.695200950018513,0.7446182366229808,0.1559330266660144,0.5877385114138522,0.7311452027939898,0.6303642651600981,0.631979958446338,0.7725951890561537,0.7133396257325735,0.66220347424634,0.7598431902198207,0.8046504621585201,0.7811565806079372,0.197143885408947,0.772088769599582,0.4738798570038984,0.7551580484106865,0.7736294764700018,0.8199293250773109,0.8280055171194912,0.8127321391961985,0.6839123359427208,0.7167935437334845,0.809593246231764,0.8016613887689148,0.7782983610813312,0.7363424176264557,0.8037267712422578,0.7670422983279241,0.4503580926985701,0.7612296725380955,0.8288476712812186,0.7969190475224172,0.7519068117451594,0.827089072897607,0.7734402424693546,0.8271756045086682,0.7571556610165177,0.7719576412066699,0.7702450022669131,0.29470919408060137,0.7869785932036888,0.8114916106360125,0.7710600243931793,0.7069298126231189,0.17708539237774576,0.66452782967476,0.7872425885737673,0.7885503493791737,0.6319102102265777,0.7401630885628778,0.5579110994945314,0.6717068302089817,0.6493364148222719,0.7266000506866876,0.7657889932086022,0.5449903645087683,0.5291546076224466,0.34859589196217994,0.7587680235489896,0.7370805285868702,0.7794867848287415,0.7866263417276197,0.35458678769427787,0.716533118595654,0.7587658034928589,0.6962091603386207,0.4635689716978263,0.388020934060997,0.7911994128084295,0.7986263918821082,0.6660835578907806,0.7617086150997178,0.7301736489888317,0.751384997883818,0.6671295670091728,0.7534572123917525,0.767621927972628,0.6862601729124682,0.782986044777928,0.6873511914244597,0.6713770715249558,0.6776597827568417,0.654406387065256,0.5661908992857752,0.48987649431750085,0.7192417199588579,0.7352190173054615,0.682431239231455,0.5282873169039645,0.6281124770675702,0.44354801453696907,0.5355255253534397,0.539148730874671,0.6635035842234355,0.8370274983791574,0.6402915844477907,0.819495167735857,0.8222775037929001,0.7740763475284033,0.8254831128410104,0.5208692612107377,0.6295747807504656,0.8129381715952424,0.4362461396195492,0.8172473151892599,0.7917222318690464,0.820173420557465,1.0,0.8513548703875283,0.7616575925932161,0.7725111592065144,0.10460163293976668,0.74721790616636,0.7972783309057285,0.6819027627699812,0.4521179562761377,0.536424396669438,0.5499883811992982,0.8132502180794662,0.5222505659522259,0.7367590308315767,0.7955019961568707,0.8026939236043718,0.8079843015564823,0.8321683065843442,0.7144386174031822,0.6672218264725961,0.5575698595058197,0.5433884075472937,0.5633420165508795,0.7172991378642545,0.6525447308183718,0.765760547502279,0.3710136864249599,0.48788228859665206,0.41208996965301825,0.5086447138718156,0.17712960700235253,0.438999171468621,0.6186659630532179,0.6419746683269713,0.7366092195837352,0.7570767902469767,0.695881830468729,0.5541092607890516,0.47052287345558075,0.4116273003108826,0.42874376051359714,0.582710455853729,0.5686763857376425,0.6862795822338584,0.8136312902188653,0.8121731866841854,0.8321359692570196,0.808775226610367,0.7312812611084828,0.8216257327424765,0.8439657908706246,0.8346263424330848,0.7414971894094782,0.7847947378966551,0.7005618113254306,0.8014744405718724,0.8018495230724737,0.7246900816123136,0.7949051352964539
Instructional_Support_Info_Presentation_presents_information_in,0.695923894324154,0.7453642699659311,0.18770241694414605,0.5959699578312276,0.7468875263575482,0.621797644061745,0.641235938863345,0.7753397522534926,0.7038690445330151,0.6576604165627298,0.7649528358615525,0.8162908476930754,0.7796505124931469,0.20816633048081132,0.7599381272749045,0.4652033682961722,0.7557839329135261,0.773695018768656,0.8256114041524896,0.8275867448844533,0.8165440949628023,0.6804458059753896,0.727370273241902,0.7993542621444901,0.8028513804539463,0.7740354415581275,0.7389337918414601,0.8019565643836152,0.7596998805455409,0.4493175225845483,0.7545965703185072,0.8304773615525972,0.8087987191724698,0.7360448418316513,0.828355473518059,0.7594904513491958,0.8262750493940335,0.7459209242198307,0.7615838841280166,0.7751541808709392,0.2789405992801348,0.7884841490173664,0.8096046966657968,0.7851512433604925,0.7125009945295312,0.19393805601116998,0.6635708332747462,0.7867057562909352,0.777749361779173,0.6093856269994696,0.7399574363207833,0.5562494381608,0.6661560701792884,0.6432018642316598,0.7179989455422658,0.778449455022749,0.55191914686064,0.5091596998316856,0.3527026924054865,0.7603672456068779,0.7382844657024332,0.7730573911616122,0.7838322234547025,0.36823513145579,0.7175773270506004,0.7577570169126547,0.6937753686184619,0.4714701521066909,0.3909671259676057,0.7857551051834569,0.8002035709927686,0.63751115377072,0.7622873860983221,0.7260700540433123,0.75818896379207,0.6558282276706698,0.7562582998474424,0.7768771699081941,0.6849613966626346,0.7812477342561147,0.6767831159375484,0.6710013041471983,0.7027418208556176,0.6535192404547048,0.5725511594521749,0.4961356039152618,0.7354047761496845,0.7370079879311829,0.6761952702498676,0.53590669249447,0.6225625158516995,0.4196978215214902,0.5210187320289404,0.552448734785059,0.6470535630335513,0.8317585341694202,0.6495762022381011,0.8100299713056817,0.8251245938130217,0.7656214388905981,0.8232591371493905,0.5164593738247608,0.6163152448727839,0.8047083045308728,0.4407356482862946,0.8159054483767794,0.8072418390775105,0.8222772939030585,0.8513548703875283,1.0,0.7752361221712152,0.7847472190294917,0.09135010653260944,0.7405857575420324,0.8040887795498329,0.6891762633666128,0.4415037418647438,0.5556272393264828,0.5478780703420453,0.8062104137260767,0.5335149109552871,0.7335667373863448,0.7821652912463981,0.8035169452221024,0.8086321612154149,0.8453272970638056,0.7156367983164839,0.6700351313810909,0.568558206727445,0.5381506022449375,0.5776173938303468,0.7173381515234605,0.6461792262313388,0.7678893157702554,0.3894852265543486,0.4915250381740593,0.4281132481210576,0.5062344929089568,0.1697259855664219,0.4262776961436855,0.6117176483625038,0.6391383900683846,0.7295010989747899,0.7494079046953358,0.6854795628087782,0.5505394947749994,0.46143656896571394,0.43703317504997524,0.40162317336384856,0.5824077519363734,0.5831790731535413,0.6944515747677613,0.8310739473935455,0.819406606021153,0.8389525076665914,0.8091981359250171,0.7412110937223084,0.8168149050781774,0.8373595801378108,0.8392583894508517,0.7473386585360894,0.780129188905982,0.7127453848242233,0.7879276976599108,0.7960145778929822,0.7403258091989384,0.792704520555445
Instructional_Support_Interactivity,0.6111360303800762,0.6693276779379731,0.17295879217777,0.5514524841457578,0.7326958291187239,0.5540240870144036,0.5508340442704817,0.6982591028974261,0.6374162945397165,0.7337167511158956,0.7849699507963963,0.7775366135479361,0.7504660201078639,0.2262077946353549,0.8080845124508471,0.3254956258858226,0.6673945247131645,0.754679239688129,0.7506096798418194,0.757690698144347,0.7284524478458736,0.7285281211153728,0.7310547695767117,0.7788125538531653,0.7828328845974541,0.7231189224280171,0.7479857131417257,0.7904956218541942,0.7951754488706487,0.4179974273338699,0.751172140331482,0.7913801536478351,0.7507361923780154,0.7507632408688255,0.7663330961563083,0.7908782685625201,0.7763162153512929,0.754769110573108,0.7704713617676612,0.7539163869616808,0.3050703234032654,0.7217826854076753,0.707252113491791,0.6959100641333544,0.6969191290076124,0.26022973592638865,0.6598106915553239,0.7169610811957278,0.7298929312297987,0.5475861740429185,0.6534123626224788,0.5709452222367084,0.6340536392286462,0.6324239109559394,0.7096027782623582,0.7122702549885578,0.5301255877468815,0.5440466397130688,0.36508320126805166,0.7562164416700394,0.7086526895930537,0.767727153605628,0.7803380030135977,0.4530521230105819,0.7173589595748228,0.8236880928132793,0.800310235752357,0.6507560288853349,0.5785515991736484,0.7780492159679202,0.7745649343066897,0.686595796410375,0.8021129209380864,0.776545281818457,0.7906564130577004,0.6788498809751193,0.7931956220735502,0.7748857960703907,0.7044686289858895,0.806916154943233,0.8136367418487003,0.8018519844319502,0.7597875658425415,0.6711291983084781,0.6864756678954054,0.678485629165671,0.787881621532597,0.7956041164083347,0.7079368601768705,0.5014425788227483,0.5732130110236756,0.5151102418647471,0.6131514123103742,0.6660473232336768,0.72464086417996,0.7527874818575625,0.6436814702162177,0.7377335902140703,0.7235961865194743,0.8125081899258403,0.7920536740644047,0.6220529727695758,0.6513137130571267,0.7900368658656907,0.5027886481186652,0.7775703895144513,0.7653840940013102,0.7489782697300195,0.7616575925932161,0.7752361221712152,1.0,0.800595873322746,0.0546205019608137,0.6451931769116827,0.7231931480090941,0.7058408177891837,0.5722186172448568,0.5787008388018505,0.6518403819718285,0.7229081873372945,0.6274711905583771,0.7066386294207927,0.7833526988842375,0.7751875167905695,0.7396092348306049,0.7668554053041217,0.7081812018785191,0.6950937228536285,0.6072759616408115,0.6558228192378057,0.7090331616364444,0.7460552068958862,0.6478769060190208,0.7704497600290837,0.4839802161328476,0.6703766941971766,0.5111952206980176,0.5580068508903463,0.2075838952063113,0.4979434220826588,0.7563707298886483,0.7050473064361631,0.7318983964417995,0.7006142502085748,0.7338236502050733,0.6743566868941114,0.46273502794812627,0.4469461313866563,0.44775116532031445,0.5515048575152688,0.56382591378253,0.6885786023374842,0.7471686967662816,0.7594884392447625,0.7632978334976269,0.7287948174851222,0.738613923797355,0.7788484088262583,0.7661483246703021,0.7814320146971896,0.8027369060076811,0.7400659848479494,0.6627567327993115,0.7620353482370625,0.7327005042919673,0.7219799620250256,0.7558206839551418
Instructional_Support_Manageable_Chunks,0.6445046360364728,0.6974006045105748,0.11885129033486319,0.5239996921349093,0.711727967677744,0.5856279179203452,0.58357009198744,0.7239252117056676,0.6702891089841274,0.6561585284888779,0.7424433490316728,0.7904025980091363,0.8020679403627877,0.19043995932849878,0.7656321498582483,0.4331267892268135,0.7186252777674841,0.7378231473295941,0.8103382713436383,0.7893785173137986,0.778292775900439,0.6792803138761071,0.7161100620754188,0.7879532859411661,0.766394733838566,0.7476605354365335,0.7828827260685224,0.7904647763489843,0.7745474207037666,0.4897253703647911,0.7308520476374316,0.7898388753846008,0.7220836037873898,0.714369822297211,0.7708347838140354,0.7837150977534426,0.7546510598024383,0.7435080216652248,0.752272151405648,0.7717277581590786,0.30452334397659553,0.7394961605256256,0.7630483186761186,0.7325607550461803,0.7127155978814143,0.20618933045003876,0.6491084866142697,0.7398964280035591,0.7065552788507932,0.5821287159229045,0.6832375619662201,0.6067740487283463,0.6243026426045337,0.6082001146274485,0.7364652575852741,0.729535644847767,0.5836211913623132,0.5432614415594514,0.3143406110617071,0.7267414026560244,0.7030149728754879,0.7615032837943906,0.7616739221220321,0.3487046555186562,0.6980337027341121,0.7700517431890621,0.7313948325996303,0.5362861887071784,0.44668529995665146,0.7791509187363387,0.7852426100841722,0.6756051025515368,0.775543469758159,0.7465899503885974,0.7587354352109456,0.6200084032276354,0.7663028991759092,0.7641002413024016,0.6474692227174109,0.7718842953646896,0.7255299542622048,0.7085098969378824,0.6982966369762117,0.6397357528986706,0.594376146969811,0.5603249803562329,0.737261024663379,0.7556458972381649,0.6578546075924795,0.5713895654316175,0.6492126062424238,0.4323461238722385,0.5298336022409832,0.5773515844254984,0.668906159512748,0.7856320472586686,0.622802068964097,0.7461378594293439,0.7761378453195985,0.7975849058671606,0.7769415892061472,0.516246186979776,0.6288587601479064,0.8051879029112674,0.41819470719568813,0.782991280144807,0.8185217679594196,0.7904131520430192,0.7725111592065144,0.7847472190294917,0.800595873322746,1.0,0.07911781609748816,0.6912225072221482,0.7674966886595669,0.6908056510552777,0.4947465037231109,0.5301836603138416,0.5805404366733066,0.7627334349927685,0.5341303699928066,0.7124491097494676,0.782818012958349,0.792226496657075,0.7571592332632276,0.8048532727487107,0.7067967433334879,0.6563451733968174,0.536442679613999,0.5716710156515743,0.6066394932634824,0.7200969571199908,0.6198086092376597,0.7333597098191807,0.38157055979922583,0.5426752873120066,0.3848230877686431,0.4671466280258564,0.12763722010118606,0.41144701401033346,0.6561773853402235,0.6506404146823895,0.7200832297097891,0.7128613185916823,0.6964049698800846,0.6126770061430395,0.4281752389111407,0.4224149625650555,0.40239744856556575,0.5340113207919638,0.5246162185556269,0.6772456925955987,0.775469993531206,0.7753810972815318,0.772842233194129,0.7461465686182304,0.7744561018431712,0.780389587124935,0.7743115048282219,0.7819098694443607,0.7415308940493105,0.7797420005774841,0.6494750032141312,0.7517311122238769,0.7520552544313633,0.7209813540780969,0.7434185973607624
Instructional_Support_Manageable_Chunks_uses_bullet_points,0.08740137080009497,0.123836455018683,-0.03220659015294713,0.024592812902465684,0.0735113716071244,0.07540412351301393,0.072717657803553,0.09860895202727589,0.08745560200363114,0.032960000534529896,0.061641600723634504,0.10589107493646176,0.05706392947142675,0.044861281730436804,0.08961529520891222,0.12552117423507084,0.13413065816161884,0.09611715691314716,0.1573836114389787,0.08886030729960588,0.10892743484502289,0.035207647483044203,0.0386891376664162,0.02180897435739153,0.08943541772146518,0.06957764616387759,0.11289718264952835,0.07816952028543141,0.11023564430621921,0.11807607114497248,0.11307964486683092,0.07852158735770837,0.04090358547011917,0.09415164308830272,0.07906752701905174,0.044081078242244685,0.08748298961163836,0.07823480429844096,0.07807349960358309,0.08559357406183202,0.0077332882097559666,0.06247808290204326,0.09584373634883019,0.06312571239196037,0.12035248698785239,-0.013825230418640755,0.043999278254044,0.06802303320064296,0.04743987133738466,0.06521095561993193,0.06199685933715861,0.050890676650125796,0.059844726589448546,0.06496529847595003,0.10774507052727966,0.09023985885842624,0.0565382870704762,0.040675812922385694,0.07732626656980934,0.05307260185606765,0.021311123404648566,0.09674911047401931,0.1199237120256599,0.03818833211693876,0.12350187485457415,0.061109126215470815,0.058584419357017345,-0.048387159642616286,-0.05697614659698564,0.11095285678488538,0.11058761555870049,0.09566240029863238,0.09497362220276616,0.0968373225092683,0.09635288729250523,0.10564587524205273,0.09772169224046048,0.11120979043855499,0.0909172641323364,0.06913034281335959,0.020951231780009037,0.002817418995219226,0.02259867368338992,0.057492453322896334,0.031721405793593345,-0.04572487187077267,0.09936717737899425,0.11604238699243967,0.05435140748964988,0.16691544321449092,0.16526809464758171,0.09696077460512628,0.04448579873250725,-0.04920083121857909,0.07374071925199804,0.0967850703215361,0.08586713539258839,0.12936676694949598,0.11539592066128554,0.07569603229186582,0.1128121690273108,-0.03230144140052309,-0.016309439343417123,0.08498098629306931,0.08660927174412143,0.07365632709895481,0.10051327911233707,0.12446956675532622,0.10460163293976668,0.09135010653260944,0.0546205019608137,0.07911781609748816,1.0,0.06437252729863953,0.14707318085344714,0.08314716164691159,-0.07600202612894076,0.06294134304199063,-0.011341126412214105,0.14122912505320923,-0.02541654975908099,0.12562763211257053,0.08031954551317554,0.05958095547589419,0.09395525408227118,0.10332290747979832,0.04410259673133595,0.08830153744336035,0.04217465213432763,-0.04239683358666641,-0.021438306353495078,0.04536923635960714,0.0687959327468539,0.07263942486490547,-0.04161883822269265,-0.030824268426762128,0.011791969959814531,0.031855803560622835,0.006746754720878773,0.008669254940555952,0.04617830199957694,0.05165849184855028,0.1069757916354925,0.0811549946301351,0.04721507517092985,-0.0507209204247715,0.05646211861944607,0.07874109580335502,0.02044079464434848,0.06543581601728811,0.06010146794474223,0.07513709098509096,0.13287525504609107,0.08851074169961909,0.0729669833544037,0.10804963306685261,0.10590196975857061,0.10377092361009452,0.08296759293999285,0.09183998633822006,0.034597433702098404,0.13524107648264927,0.08727650426171218,0.06539378924931175,0.0640307308282799,0.04056494422249114,0.08442866817587148
Instructional_Support_No_Irrelevant_Info,0.6689435441423555,0.681690070577057,0.10392322164563948,0.5203233210442768,0.6274716341569554,0.6447077771114824,0.6185381681046662,0.7304443269876106,0.6864711042585879,0.5563497941063257,0.6385187684366628,0.7146104840640679,0.6929408649345292,0.1005567827838654,0.6296365502851845,0.4861274888560653,0.6974348929353179,0.6696103493002622,0.7169527493227158,0.7414491169677478,0.7658464583364237,0.5550444311384255,0.6194797197980684,0.6938329045413092,0.6931574960996432,0.7251004134465202,0.6534810425854181,0.6931317050931161,0.6368770433968968,0.36539319693109695,0.6311895897626836,0.7250089321894099,0.704168229068115,0.635392577083401,0.7381521296848849,0.6821169957004108,0.7362177507176935,0.6755196502746593,0.6483869303804389,0.7311143799481568,0.28821617308016917,0.7469547150450471,0.765098069750669,0.7328390918474884,0.649920961913743,0.16241579730789535,0.58402049326503,0.709066025553629,0.7373235874314933,0.6313609850825793,0.8447196262486314,0.5169492152679309,0.6251918239228377,0.5667238185625599,0.6999723699908492,0.6952828159250333,0.4932787193518846,0.5300582754879174,0.2386031450605323,0.6484573284266594,0.6608971592754084,0.6861899290360544,0.6922218062744226,0.27800133492008827,0.5965571460335923,0.6190833454848744,0.5537578202220769,0.3588267802881204,0.28962010510988095,0.6467077494376788,0.6661057513312407,0.5833101249652379,0.6710375515977459,0.619310249238212,0.6588322730878157,0.551529555098126,0.6317504357729142,0.6579881837348648,0.5645803532487182,0.6520373983397314,0.5419952288315483,0.544801308206523,0.5727946063592083,0.5092863410930902,0.44377240912984545,0.3777963302889886,0.5781065772087128,0.5785255266237174,0.5695496798902081,0.42844150344666404,0.5260242127330617,0.3043311178399045,0.42289056456980983,0.44319282555908635,0.5438901259368917,0.7108348647693473,0.5575325893424493,0.6788173279360609,0.7273829266043811,0.65802634717192,0.7100256463617153,0.387317188749655,0.5545050505242602,0.7085143380988582,0.30601715525005013,0.7334885929855502,0.740729863069191,0.7370867509897888,0.74721790616636,0.7405857575420324,0.6451931769116827,0.6912225072221482,0.06437252729863953,1.0,0.6959551044847413,0.5610724356562576,0.3497758918584415,0.45568869888377944,0.4475152421438576,0.7147959751066333,0.42145922795742663,0.6308673644273816,0.7028336784784261,0.726218027523332,0.7214634565269752,0.714489844926126,0.6616813655847961,0.5605678249433532,0.4501631508274567,0.4800474710072651,0.439535811238857,0.5866866954771992,0.5504912906669422,0.6297372394474454,0.2733874528438962,0.3697029560639801,0.3098063037046162,0.3743656215277309,0.07795902277934066,0.31763571853309475,0.4899615116232568,0.5234605437034701,0.6268061797580063,0.6926989264538556,0.5962699655338716,0.4749678753820208,0.3653606870205309,0.35454779330823183,0.3531728384637046,0.46773608717246173,0.5161218166649149,0.5813122625230678,0.7566422964850608,0.7377363346573284,0.740668903575767,0.7231092614751337,0.679731227573875,0.7036461388252809,0.7580630497144691,0.7358460720531085,0.620982123586535,0.692875118110192,0.6117452714056487,0.7210325357807007,0.7405065718097384,0.6308603819777843,0.6827925700787267
Instructional_Support_Pedagogical_Principle_Criteria_Explanation,0.6980037431638746,0.7445679916436052,0.1426077812561846,0.5649847332917116,0.7231940390608423,0.5787131253649541,0.5819341492508531,0.756135297785794,0.6976438803620912,0.5968656424925641,0.7392999554062017,0.783934880388545,0.7342957440938496,0.17206030898285563,0.7303705568173425,0.5061700891656256,0.7496047682697051,0.7626182071386054,0.8266190518062644,0.8100703044389606,0.7776367120216956,0.6389027929553956,0.6892005175702743,0.7780031469222211,0.7744094332477047,0.7602324320972135,0.7473134007323827,0.7764539289599193,0.7409572232973015,0.4905208264693221,0.7635186917844123,0.7842980960442909,0.7196885687625354,0.7216315977045713,0.7714237393889188,0.7227243661493605,0.7581898592207966,0.6971953458299897,0.7197861642355258,0.73372623925193,0.2927063243051991,0.7430932588074673,0.7674935045023323,0.725497722320713,0.7239908919142837,0.09174127168760601,0.6114353413996154,0.74884367100781,0.6992495870432648,0.5708702359294835,0.6839268524365459,0.5422620670570597,0.5968893175454201,0.5992370833151459,0.7056920825884859,0.7257013376078788,0.6037615297590594,0.49164583878982515,0.3608706498796196,0.7128305057835096,0.709002174236246,0.7441242086431321,0.7569816266664642,0.2929944596975141,0.6978494002251814,0.7056786294986084,0.6260581880427535,0.39376561828844,0.30133434863402186,0.7759115379876754,0.8014828539332082,0.6342748289099133,0.7352278025617517,0.6954626345299794,0.7078658794260001,0.6336197772646193,0.7386239654078671,0.7658925828730103,0.6590044008709273,0.7353453085864191,0.6404091307850674,0.6048616293419208,0.6379277619959826,0.6594147082419902,0.5224496464669517,0.4103759851770288,0.7096654788792979,0.7215286276688526,0.6645824506362606,0.634701191910198,0.6890492896051311,0.4267093507333397,0.4860776778513961,0.45414037408792385,0.6064114038650206,0.8141115741437556,0.6268037958940267,0.7953259890178301,0.8374625200958256,0.750159005641173,0.7950377891359512,0.43767582494555163,0.5744672581132473,0.7867122167670304,0.4155815417723431,0.7955306761090722,0.8002368628850112,0.8023321443214799,0.7972783309057285,0.8040887795498329,0.7231931480090941,0.7674966886595669,0.14707318085344714,0.6959551044847413,1.0,0.716197523019246,0.3747525107606351,0.538501680073524,0.4670306374313542,0.8192152220130164,0.4523950953228722,0.7516808579878438,0.7596113996723771,0.7764520639642349,0.743148307513489,0.795570510639533,0.6834549711299697,0.6556669308733929,0.5212383901199755,0.4516852824488624,0.5045703661490183,0.674899175596575,0.6384249166024814,0.7396185000549638,0.31324727901908944,0.41966430970104956,0.34759899909244174,0.4677452938287094,0.11833992981590177,0.35471061328861964,0.5724508935853109,0.6196314468987114,0.7301449201661991,0.7236830007023981,0.6380573018849606,0.4912774555633758,0.46292417783865547,0.44586133630346225,0.4359733682361826,0.5953518303680904,0.5403304406216423,0.6548284387747302,0.7979082096647061,0.7685393505125825,0.7920283718199941,0.7833625974430257,0.7256705806754475,0.7913745235259313,0.7864516316062925,0.8008318104901954,0.6957720441266194,0.7968050965855006,0.7008139579572302,0.7487550234823767,0.7584094792920227,0.7067102983081666,0.7477151925233727
Instructional_Support_Pedagogical_Principle_Criteria_Modelling,0.581040990876927,0.6357478321472927,0.19308543609728843,0.524933416809793,0.7152005987764573,0.4870901672171169,0.5022607918960084,0.6631327499896589,0.5945684315954682,0.6715618609387021,0.7281123145561537,0.692884428429404,0.6332216980140597,0.16239419958557588,0.7240607831957145,0.278528176472339,0.6051791516726015,0.734476941640268,0.7136826556270659,0.7007325718610198,0.6730069475517053,0.7126992574695209,0.7358948907037728,0.7115415837018355,0.7205051494422493,0.6760902553092084,0.6476293584885643,0.7219121284468487,0.667502363190467,0.46003483112793764,0.6733629201878226,0.6895091675860501,0.6246381535868973,0.6633679871616486,0.6842922668335457,0.6526772982646165,0.6515040788142223,0.6121758444828935,0.6527066003364322,0.6485241200488242,0.23738623223612035,0.6275857011446069,0.6444409800094132,0.6534039579193903,0.6297051272797088,0.21912357600243484,0.6120038474156283,0.650057280190865,0.6263737851376951,0.483736906408925,0.5549301696561452,0.47007547756227364,0.5419898078576945,0.5762947997788889,0.6094817140328921,0.6647349822565412,0.4739393400260648,0.42454275216200765,0.3584805995874145,0.7095794580814351,0.6765671622329692,0.6969174523723141,0.7177533824306552,0.3790542661462758,0.7152138550234536,0.7116318435406918,0.7023062544534094,0.5631197710656374,0.48507344370898436,0.7101277847109247,0.725427029872675,0.6705986035533926,0.6603208304805326,0.6428174463751377,0.6417375375208487,0.6127599466673305,0.706629768669379,0.6749260020238136,0.6327339552067205,0.7089192957070595,0.6725253931068859,0.6362666684478787,0.6849490249013047,0.6862214439962256,0.6243861747500961,0.5737672296158938,0.7246522318391085,0.7080928582135028,0.6463098599402552,0.5559153062039961,0.6178629796454495,0.5041618869973848,0.5768764827139189,0.6095738864974108,0.6976032976499802,0.6880283948198797,0.6447284171771293,0.6983785878516523,0.6986861737794909,0.6938708319472382,0.709831831153933,0.5703719822615277,0.5877215407960317,0.7180916100381832,0.4627169857166771,0.7183537548527523,0.6827940073405754,0.7091760569887198,0.6819027627699812,0.6891762633666128,0.7058408177891837,0.6908056510552777,0.08314716164691159,0.5610724356562576,0.716197523019246,1.0,0.5567833589074356,0.5598328695410743,0.6181052584477639,0.7027410182421722,0.5881653495770549,0.6756177090131013,0.7002113594375828,0.6936483994279691,0.618966765337028,0.6498642922810158,0.6655586335379508,0.6934774975655531,0.6027966670793905,0.5765412969108417,0.6384637618555252,0.7083677448379669,0.6534639585499635,0.745281142029271,0.4128119997980164,0.5740804251204591,0.4313739839847124,0.4800825859280733,0.10911253751011651,0.4310618384529212,0.6795150117854636,0.7478989917428956,0.6861952452657922,0.6456557376566363,0.6883775708444749,0.6115517950469225,0.46163790805625615,0.460932071878069,0.4800335346045164,0.5706777484539269,0.548243936390386,0.6730376037425465,0.6865883582242498,0.6625049100025591,0.7057885003823666,0.7152217812401878,0.6265295445807259,0.7332467198323341,0.7066627386167681,0.697882687501254,0.7309929832074129,0.7118982539031652,0.688340825403333,0.6697368740935867,0.6683358602492023,0.672576864006374,0.6894297911547365
Instructional_Support_Pedagogical_Principle_Criteria_Practice,0.3695093858395389,0.40196844687309846,0.18271767554698382,0.4189246976268923,0.541685202004677,0.33864098746298116,0.3626819118268336,0.43500352199765974,0.3978949805573363,0.702300117505532,0.5652530143491056,0.4551176728955008,0.4520017299390802,0.22340143944565452,0.5985705582570429,-0.11097334344838948,0.33528658072779993,0.5338915700732798,0.4270946415117648,0.462278189021921,0.4236300652448665,0.6867174561100773,0.5973277553778844,0.5136823217112724,0.5355822006825379,0.45217705183018064,0.42625613675993573,0.5028769211606331,0.5014294128294712,0.16867231065382435,0.45684454989362216,0.47826454790320794,0.45566464548098295,0.49343801158836836,0.4787414398174942,0.48248251628848937,0.458121331656266,0.4507642466982941,0.4549215104984331,0.41822085253799246,0.12968338335011076,0.430139648137874,0.3828673571942481,0.4181434612854949,0.3857481494987373,0.40973101050045424,0.5127528709924768,0.45258906797832527,0.4572031718432874,0.32291051436307966,0.33975596916670164,0.30016825170124267,0.4509747166081964,0.47308526237667725,0.4127170136070696,0.4268229088093609,0.23919568356449628,0.3020571090818569,0.31493914455790245,0.602121697584824,0.5136293250869117,0.5330184440411749,0.553498474193208,0.5278455066535356,0.577452550972286,0.6182288176444203,0.6835476158486057,0.7542984884633389,0.7520775488516142,0.5096192114310949,0.49827884384960913,0.5631294932822886,0.4810711636253595,0.5029199213546741,0.47528444195358227,0.5016962599866843,0.5049498462062846,0.45066328392462324,0.46559930727465115,0.5733940976940114,0.6408181427003078,0.6479987394602689,0.6669930355811983,0.5652596120975766,0.7496304610237969,0.7600186640295861,0.5537540359535323,0.5378563487756897,0.5465200537880213,0.21411990655390806,0.29572999834337726,0.5495345685189091,0.62814210102513,0.7446033838077338,0.6656707927202813,0.40664271396578944,0.5664126166030382,0.45288899343743105,0.40175516365857067,0.5291202465294936,0.49077886505281143,0.7302935586296226,0.4858418913986362,0.53471705137796,0.4881477541044812,0.5225356862745536,0.4403728378533482,0.44852106224421956,0.4521179562761377,0.4415037418647438,0.5722186172448568,0.4947465037231109,-0.07600202612894076,0.3497758918584415,0.3747525107606351,0.5567833589074356,1.0,0.5499533082988434,0.743122428228333,0.4188921366733901,0.7434308195501912,0.451784695668251,0.5472454240462123,0.4819690573575086,0.4307625662947161,0.4464471580907312,0.5367484570906977,0.6193345812802342,0.5987777080359453,0.7184272959885564,0.7629511248232098,0.6268347355522828,0.5304713693035391,0.5785495716114027,0.6539649305810542,0.7467679739137837,0.6205527696201159,0.4977982763472651,0.1992356044572922,0.6178909728398366,0.723505651775916,0.6988149657316485,0.5112793069714623,0.43838290881697484,0.64348413820693,0.7035830448448595,0.42348417351716355,0.33823585468116996,0.4762856417984095,0.4138134855024838,0.44773662405945447,0.5069334770121358,0.45009420212776613,0.457004136826864,0.46923512293330466,0.4613616118759832,0.42185795756982,0.5175402492552407,0.4846180054904107,0.4803157624235345,0.6448427515148981,0.4723203405243628,0.5185990692086805,0.4921393362313517,0.43492061957184425,0.5055882447856473,0.499339900614852
Instructional_Support_Persuasive_discourse,0.4876108194832059,0.5423204647082027,0.2558905172880158,0.4903984697369184,0.6160172034585875,0.43384004155490397,0.4521820625489925,0.5525507536900826,0.5007012854880744,0.6130499681559515,0.5878304043736056,0.5661042278722379,0.5306167613611835,0.16386155627245827,0.6043436832658269,0.19876382785927058,0.4954086248990035,0.5910819329260947,0.54833399546857,0.5652062328104611,0.530674957581,0.6291173475385897,0.6032868107943707,0.5789808924473062,0.5898261724102102,0.5318962600846269,0.5365904835205809,0.5683421235234304,0.5260144922419999,0.2910914775473638,0.5473059520420508,0.5767130650431914,0.5295379856157205,0.5651285595503255,0.5679970027494136,0.5500711263475704,0.5626111121348008,0.5322548172336917,0.5144049313391709,0.5310009979148969,0.20950416246440223,0.5329838271273248,0.51471169011054,0.5411071277722981,0.5324106017742947,0.3340074858512279,0.5239314171233393,0.5467270570131582,0.5181511853131829,0.40429557984500836,0.44276318692064076,0.40395380020210836,0.47952403336506605,0.5117342214760147,0.520046296580688,0.5365511328232628,0.3588047159661807,0.3639597071336414,0.40877558253200685,0.5819178825288043,0.5810610139553658,0.5903554836507096,0.6088429906729375,0.45422238519873964,0.6469177356410859,0.6024182703554377,0.6010495040555578,0.5087515965242669,0.46837271211256887,0.5588906754642291,0.5722451768902362,0.6073304382137096,0.5310954117997638,0.5261739993792508,0.5203683330406116,0.5125933541243558,0.5898449115684644,0.5511800342634264,0.5449811274970464,0.6069815892607641,0.5814989529855613,0.5724812374141756,0.6275570689172684,0.5783146693070202,0.5981184522944333,0.5179018206805241,0.5867925410109435,0.5967842998958917,0.5767276122778353,0.34428339357471305,0.4231879595081206,0.4686331870426519,0.5194850396714222,0.5647652443406014,0.6606566506109796,0.5359304848686538,0.6998265734464587,0.5743954184778765,0.5294342727101582,0.5777188867832079,0.5983084821194278,0.5397638250334091,0.4834352870178871,0.5872830572905915,0.4566145949159335,0.5944289555664732,0.5474192462499239,0.555794504496544,0.536424396669438,0.5556272393264828,0.5787008388018505,0.5301836603138416,0.06294134304199063,0.45568869888377944,0.538501680073524,0.5598328695410743,0.5499533082988434,1.0,0.6208845487559507,0.5500808203020809,0.5539190246353608,0.55676917517921,0.6018286461140243,0.5544125620162549,0.5027109505528543,0.5354048049620751,0.5838899919881435,0.7091365374913643,0.6416958208085739,0.5335728005725875,0.605607955938356,0.6582229128298982,0.6253050441517528,0.6515147435849351,0.4286386284196248,0.513947965610428,0.47362051497361723,0.43144810260340805,0.11655106184292968,0.4771237624470383,0.6234874684530545,0.6393316616947395,0.529531313190461,0.52153663055291,0.5746705383854401,0.5728817516490916,0.42081601248533224,0.44874940976739236,0.4534856194977448,0.5089420791868411,0.517916404673196,0.5827396375923634,0.5512908115247303,0.5514436818482187,0.5827108756183178,0.5646731790226798,0.5280402285125141,0.5802988812990525,0.5806527394275978,0.5892883720370461,0.6097545651842353,0.592366045159281,0.5756330162727878,0.5604702858794723,0.5529690848807738,0.5509608272086821,0.5782645204341046
Instructional_Support_Problem_based_learning,0.48453875212102443,0.4975603507248206,0.1930855790606909,0.4747629838488312,0.6116336909221001,0.45524847745180513,0.46966894639427487,0.5406388850966721,0.48718254757124413,0.7461036223545922,0.6193393577054049,0.5395129741953464,0.5293811826950097,0.21452280800037576,0.6795206824607564,0.009749275668736256,0.437082337116342,0.6220538417550742,0.5386216131947162,0.5644021163734662,0.5338955436199064,0.7348574596112729,0.656081069734401,0.6010368065078016,0.6025886095209965,0.5380889780850303,0.5419261202068338,0.5885523940291316,0.5711242136896882,0.27230118932710545,0.5308757969566598,0.574392128880117,0.5326360771704116,0.5662355183807749,0.5774992062194976,0.5652369072792617,0.5539871260294844,0.5349655846931755,0.5460222101756911,0.5239729362044941,0.1955677933936567,0.5323907552128042,0.48462366893249653,0.5327639990380385,0.4840717844377183,0.40782158788389994,0.6126765871626492,0.546253468998604,0.5428270664086248,0.4279514685602592,0.4486427777508631,0.38617075173239607,0.523546290486249,0.5535563048517451,0.49885441354991317,0.5191950207303776,0.30757596726565156,0.3649607281319731,0.36232941931423535,0.6726126525580498,0.5732994888238011,0.6045328520220082,0.6279771263461698,0.5243534722119036,0.6441224641255885,0.6653292679538415,0.7265395049565383,0.7489992750026853,0.7321062942483822,0.5672746102457261,0.5698340077904118,0.6664014544948595,0.5517035756627903,0.5707208158009327,0.558258815593471,0.5514959063514756,0.5904172141845249,0.5650338217170507,0.5264637622807296,0.6473463825087047,0.685636368763623,0.6857685063667063,0.715182553177505,0.5841051956873412,0.7403740418165352,0.7374651123353101,0.6346497285606881,0.6242109006564258,0.6066639401590629,0.27808965682854303,0.38141925550759825,0.5871080145909631,0.6683658256526712,0.7622229890660754,0.7376908569207304,0.5170917745009925,0.6509055617715415,0.5398568548103984,0.5001717413512173,0.5950059078726608,0.5857339066981402,0.7276559287143188,0.5575005451300532,0.609994661124605,0.5340660167083431,0.6246406370716318,0.546010295566904,0.5309902240357819,0.5499883811992982,0.5478780703420453,0.6518403819718285,0.5805404366733066,-0.011341126412214105,0.4475152421438576,0.4670306374313542,0.6181052584477639,0.743122428228333,0.6208845487559507,1.0,0.5026461117660382,0.7624751258354474,0.5440733006976113,0.6194351295869153,0.5762870265766068,0.5343453625928025,0.5522489015705905,0.6181400086259388,0.7127581953721599,0.6533739598789943,0.7558783682335786,0.7831975784972737,0.7209820941324956,0.6062749489703986,0.6689505168937772,0.6316107170911671,0.7502908272149224,0.6126240920323196,0.5210058084188331,0.2149568867581193,0.6261371909921664,0.7813413635082793,0.746323393672886,0.5530102156389793,0.5216107575247073,0.7027871300624973,0.7355016511433135,0.41473435742053105,0.37997159499112987,0.45230278067064955,0.4460650277678841,0.4965148208191185,0.5989493482740408,0.5323459519517872,0.5694500309524156,0.573953433241777,0.5515171649318114,0.521284455793184,0.603526650616087,0.5820059164143612,0.5777425958850054,0.7042790394948196,0.5722022559147701,0.6008727547471518,0.5806776672967248,0.5327844383298902,0.561017199700309,0.5941920646867603
Instructional_Support_Providing_guidance,0.7686413239583271,0.811880701613802,0.16141536595691433,0.5931708033830007,0.7196869101889687,0.6825981815855574,0.6936082441864044,0.8215715264122857,0.792249942435128,0.6235652003553499,0.7175005650787101,0.7873251058841265,0.7436470489794615,0.2074537624775329,0.7390736058142154,0.47994883987790166,0.7653086794838693,0.7456541798711148,0.8242914612164385,0.8259215542565279,0.8212166336864014,0.651411961766617,0.7008768350522744,0.769415781430633,0.7732485111825765,0.7723979461061238,0.7446211127083759,0.7895156108385801,0.7167035515366521,0.47188927751620385,0.736096448592794,0.8031295601585237,0.7389267355656146,0.7035172178486517,0.8005604721762375,0.7298943101752101,0.7780337487978557,0.6968263909963642,0.7002688672349433,0.7657230358357584,0.2984137797364272,0.802301615235687,0.7803512740817157,0.791133373456846,0.7348020193503555,0.17895402514035516,0.6375517808554934,0.8111132316537041,0.7627335423760903,0.6832945261654108,0.7007457003544929,0.5398830495594287,0.6100130689442687,0.6086167304264216,0.737386585551662,0.7559060484973154,0.5598264156656969,0.48874004089898104,0.36255862919180426,0.7234631106333685,0.7488298556122692,0.769392580984974,0.7687446611142753,0.3429722237528611,0.7024382681077349,0.698176685757022,0.6432262874604217,0.4159454480317976,0.3474714195392268,0.751600854504565,0.7768087714053962,0.672203001955488,0.7093036547963926,0.6812587680743399,0.7056825394962932,0.6235873495992651,0.7194625921448906,0.7480194412735952,0.6499567334637552,0.7482943983507729,0.628355297838745,0.6228555364750997,0.6415408202465119,0.6616649368940781,0.5291729014482033,0.44449626608996906,0.6925735227276043,0.7040761825341492,0.6522535729381244,0.5529284320237573,0.6414798236406708,0.4259397996339806,0.503877818668176,0.4989396932491254,0.6129653223103275,0.8242012131191353,0.6647734354789276,0.7982271073716392,0.8394589243597967,0.7532297730567052,0.7896133045744089,0.4639890752259268,0.6318200853629208,0.8061547462180907,0.418762764722662,0.8070058990175125,0.7956953654556674,0.8232157749123333,0.8132502180794662,0.8062104137260767,0.7229081873372945,0.7627334349927685,0.14122912505320923,0.7147959751066333,0.8192152220130164,0.7027410182421722,0.4188921366733901,0.5500808203020809,0.5026461117660382,1.0,0.4822032079750216,0.7554967213765656,0.7737902530895039,0.7737061940487358,0.7733092893798398,0.7933173429766756,0.7168632030585329,0.6888010373378302,0.5479910513944409,0.5014703912865688,0.5300168255842922,0.7008835516460449,0.6753918644746097,0.7567068745854503,0.3521865086751118,0.441246764537885,0.38506609900495425,0.46863968896397884,0.16898630417572955,0.3944619515108771,0.5840837039642692,0.6268236072037348,0.7186856805317583,0.7994827843622224,0.6801038013964821,0.5443528317688462,0.4597358815507895,0.46975502773838806,0.4318730851938097,0.5776561564905307,0.6152483123364947,0.6530050880193101,0.8385251986283959,0.7909283075097423,0.8268088385202876,0.820898538130996,0.7479667206199505,0.8048860172619293,0.8305487414979936,0.8263007195232877,0.708561541260983,0.8009802425892475,0.7286709399018497,0.7686110971712266,0.8043223740268469,0.7028677814544286,0.7615072529835429
Instructional_Support_Question_Diversity,0.4361861807944637,0.47666790056447234,0.2389301878308077,0.4670067108751997,0.6093914104298375,0.39931313748316943,0.43131099963753705,0.5139006324779004,0.46006855396019347,0.752476850011907,0.6264004436993339,0.5274653361508099,0.4841362628026652,0.27024026751455305,0.6398720496192993,-0.09995734280989695,0.3769931512188738,0.6250977528306941,0.5059249925565759,0.5516942740045688,0.49476873776735253,0.7492570065818979,0.6449861555688315,0.5690409800701202,0.6052689701808,0.5119373960982206,0.44963200790938235,0.5578569122101461,0.5529056581605813,0.22860894266251516,0.534599523798949,0.5545473251841231,0.5228457622763295,0.528971920188624,0.552672222423078,0.5188161112146614,0.5042916567095844,0.497274784040153,0.5084006585224023,0.49311963157939925,0.14715409077971187,0.49414337540600034,0.4417664187198245,0.48912614140119803,0.4450527428755277,0.3742333541823606,0.5578604678003991,0.511346750558574,0.5057706977538294,0.3739132244543735,0.40455925393960596,0.33837567873297497,0.5205672179560321,0.5325848859938073,0.4664616946990419,0.49054895017945094,0.28708760690020874,0.3081024008304936,0.31819307511291167,0.6912178270236676,0.544541345603264,0.5715703660516075,0.6102039138343468,0.5224977485815485,0.6214098122304409,0.6536715308439778,0.7159335620429933,0.824340367833072,0.8232475879574023,0.5634799398413071,0.541809433554874,0.5828677974506173,0.5174786358585557,0.5322450485673763,0.5153699469992059,0.5622833234336545,0.5647744283052898,0.5111425260812038,0.5257511974094287,0.6123709245205852,0.6646948255628492,0.6818025176234475,0.6963909032479073,0.5848044993840187,0.7855548139045759,0.7806964749590981,0.619091582307871,0.5865539260574472,0.5766198745384958,0.26584525725504815,0.35112448081712844,0.6067250308720665,0.6615289583483419,0.8071032714367714,0.7058813858854144,0.4861869377291739,0.5697639387793051,0.5309233025730675,0.47675818284376215,0.565759416012379,0.5548319062020768,0.756953540484291,0.5227908311348315,0.5729836355574204,0.48602455814553047,0.601904590456322,0.5214137170778619,0.5162496937304166,0.5222505659522259,0.5335149109552871,0.6274711905583771,0.5341303699928066,-0.02541654975908099,0.42145922795742663,0.4523950953228722,0.5881653495770549,0.7434308195501912,0.5539190246353608,0.7624751258354474,0.4822032079750216,1.0,0.5077347047290314,0.5939652771195357,0.5382197127713155,0.5081011115353394,0.511701381293572,0.599794081972268,0.6491295831231073,0.6187173721757095,0.783314075874185,0.8149283842096869,0.6690539092934443,0.5209848776501935,0.6334285208760353,0.6723253234234499,0.8338788854330018,0.6411732874903597,0.5310290366849845,0.2553490062588387,0.5986529326023704,0.7885509660543115,0.739793457208025,0.5632402871685699,0.4988635194433467,0.6753930675525402,0.7095158967269974,0.45588055939872396,0.3842414814189781,0.4825485682846316,0.442198242433912,0.4608298571699962,0.5866538168370883,0.5052227906395218,0.5230731742347654,0.5396549713539532,0.5346663758724327,0.4472904679127314,0.5667799207257876,0.5512500481706002,0.554662724125351,0.7116970887437186,0.5314244297372623,0.5698581375366626,0.5508686715916116,0.5064895379615845,0.581675290088687,0.5776849344554327
Instructional_Support_Response,0.6626269537106534,0.7238054896135433,0.15559215381981029,0.5153607858905263,0.7104823144788378,0.5662071395755185,0.5822986095696797,0.7228172028623032,0.6569816371527938,0.6235532498419702,0.7200163991107713,0.7159033580153071,0.6684061876799041,0.20520903796052908,0.7251468159655102,0.4130551658172918,0.6708747693557884,0.700535795749436,0.7427410437556817,0.7523029280037696,0.7461821945278123,0.6257043221329796,0.6637835613997508,0.7296175704239838,0.7419073326830306,0.7048833417131326,0.7147990966287036,0.7208508336507192,0.6832312604401238,0.4543808027075342,0.6890806208040825,0.7355333785099569,0.6652663766203091,0.6763622724868221,0.7084444483192202,0.6888077191410841,0.7248476902633467,0.6670863574104778,0.6641857530872258,0.6955422874673115,0.28327739463972906,0.7172860672237965,0.6924602000675252,0.6927056693789224,0.6910259493658236,0.1672305227036322,0.6071509539392459,0.7167602248354853,0.6573387222969981,0.5690403215664452,0.623945062674837,0.5217761397553726,0.5876493838200176,0.5776722616020254,0.6855471913362462,0.6605600529622294,0.5615595980443605,0.4750660759098793,0.3090169825308902,0.7058750720033262,0.6788878801978001,0.7636373824210372,0.7501739760115876,0.37206013203243954,0.6996753156739917,0.6723773788322875,0.6493825203823983,0.4650310223910504,0.3997393653171471,0.7216592330893908,0.7422244068421029,0.6714043839861747,0.6984553048553114,0.6647096587693255,0.6741140555072012,0.6179169008900818,0.6657289069889387,0.6957253399350226,0.6132625207595258,0.7162705101776196,0.6482772813281124,0.6184198415158688,0.6554284611517324,0.6514377027249244,0.5538533037376815,0.48028143427425307,0.6604497758287957,0.6428048400249561,0.6486019636122256,0.5271462780265977,0.6035149757660665,0.44566257827874467,0.5179415711653261,0.49083252473361666,0.6304978667114216,0.7429139201444521,0.6604117011242222,0.7368009914842677,0.7730345486517751,0.7377824618607177,0.7466618424846383,0.5134906614542842,0.5807720016778831,0.7560534238728714,0.45044128378446746,0.743257729138053,0.7297302517249228,0.7372536034270456,0.7367590308315767,0.7335667373863448,0.7066386294207927,0.7124491097494676,0.12562763211257053,0.6308673644273816,0.7516808579878438,0.6756177090131013,0.451784695668251,0.55676917517921,0.5440733006976113,0.7554967213765656,0.5077347047290314,1.0,0.7476104161054127,0.7175860032385717,0.6936645449607245,0.7382386540766638,0.6748595949672171,0.6756568005305684,0.5474173957894554,0.537264248146364,0.5473583107146053,0.6747050493235098,0.6573397307066804,0.7201753641168479,0.39113966244642234,0.4965927241536653,0.44122781101210046,0.49132739657381175,0.18401295260500983,0.4374453038224395,0.6021098892367049,0.6425318019992518,0.6737446388181738,0.6975996848034753,0.6601199598709565,0.5444942928594461,0.4729240842931246,0.44106153344432275,0.42642856020984715,0.5399668432076865,0.5660559808631817,0.5956762357574115,0.7454113658031881,0.7298620982807417,0.7490180743024474,0.722650602568817,0.731935175868693,0.7547654261521268,0.7581125410598262,0.7443898688265211,0.699166365247509,0.7425233174574287,0.6481794795769098,0.6945690835775616,0.7253069432467502,0.6694580958569678,0.713101740493033
Instructional_Support_Scaffolding,0.6547241365647329,0.7384259571754027,0.18262960721378443,0.6065074166495193,0.7532097562398204,0.625750942788828,0.6185103333550089,0.7596981186464693,0.6987960533685319,0.730598524402014,0.8037701261032495,0.7953703629831984,0.7294819685440219,0.1776254037783815,0.8055868537903219,0.3945607822122333,0.7238634342930205,0.785127850259034,0.7923713681315525,0.816654180135835,0.7878926181066275,0.7263116245965284,0.7592586046277549,0.7996310421272621,0.8120332273114685,0.7786693799468393,0.7425532089842778,0.8127378632293928,0.7365546976932226,0.42924548803791746,0.7635219808319306,0.8012199623108572,0.7496095579895299,0.7392837252039629,0.7942394819863694,0.7518172985920577,0.795328137754174,0.7323555937490003,0.7370849008219015,0.7576794324634498,0.2970983984808745,0.7720708025317906,0.7602734968657735,0.7451515443576218,0.7089466595082806,0.23576916222270414,0.6792325945115991,0.7778057757737098,0.7462094888975817,0.5959234300213313,0.7052933414997214,0.5618268124129133,0.6430884008526166,0.6418574954289512,0.71703690623231,0.7410748848757179,0.528914328973318,0.5140221035711765,0.3687669852677042,0.7727206412541603,0.7601601817970769,0.7940400335152428,0.8224186764020659,0.40588682095412276,0.7612592363597103,0.7688163969858129,0.7329913529170635,0.5458705927838456,0.4734014674752428,0.772331497250196,0.7881705542042166,0.702992464583591,0.7639800766207981,0.7111786246731135,0.7324351045224546,0.6680867335351339,0.7460853360231084,0.7475285190378561,0.6904807503818626,0.7865737480218262,0.7094866649681439,0.7034571900999428,0.7655018005816234,0.6811291967357727,0.6269121746001886,0.574364330785163,0.7320998128401143,0.7315657942274,0.706088995641989,0.496992158726652,0.5801778870028087,0.4694015278720716,0.5531866726572685,0.6175595312669612,0.7023429954472978,0.7818481228175231,0.6782666942640121,0.7750513699830713,0.779125203387797,0.8012164100138234,0.817769078235226,0.6106551595160639,0.6605914563027203,0.8250925576988972,0.45774742389979983,0.8281512547135832,0.7823694757515491,0.7776689253270566,0.7955019961568707,0.7821652912463981,0.7833526988842375,0.782818012958349,0.08031954551317554,0.7028336784784261,0.7596113996723771,0.7002113594375828,0.5472454240462123,0.6018286461140243,0.6194351295869153,0.7737902530895039,0.5939652771195357,0.7476104161054127,1.0,0.7881658892338922,0.7526851379727096,0.7907752485651655,0.7779411218212945,0.7290484945812545,0.6175746018369604,0.6314826921590755,0.6529879662850493,0.7552507139378479,0.651908803044219,0.7902287502091493,0.44462662013957377,0.5606912908338219,0.48008586896153116,0.5154625253737903,0.16819848819337363,0.48327683953376155,0.696995688590208,0.7047772244716836,0.7320709181836075,0.7346157751338582,0.7561455335998234,0.6497560283754075,0.47728220365523394,0.46168561730825547,0.4439339889336708,0.5838519323019562,0.592632020929166,0.6903784086439677,0.7917561747402988,0.7870704525216051,0.795747285203856,0.7921472412135756,0.73531380706312,0.8188098102555575,0.8302979639026368,0.8077804517939638,0.7726143084804376,0.7897029665408787,0.7242543080603826,0.8144124900446895,0.7943011100950094,0.7485266359974413,0.768590843876353
Instructional_Support_Scaffolding_Progression,0.6794578107493473,0.7243757050804744,0.14245508146945887,0.5562060616280822,0.7509626458924076,0.6337922436770881,0.6055762163985569,0.761899852345929,0.7034208729260543,0.6625622701617248,0.7533929924202111,0.8157826007766266,0.7759029441887532,0.1764951421334781,0.7740121644020138,0.4343987071292082,0.7283361994834603,0.758456172182763,0.8026301460678957,0.804834276712484,0.7994198246119273,0.6936384840709378,0.7226356409681958,0.806646555945133,0.7833801194042112,0.7517318916436571,0.7559725136909156,0.805112375192874,0.7369088933844508,0.4512458740470821,0.7357495353125592,0.7953444936862861,0.7473250143580938,0.7168329770326407,0.7884408777125358,0.7638601663649234,0.7804627603407465,0.743111010879788,0.7302588344086468,0.7667793952133695,0.3135050209937547,0.7725689176039113,0.7802283038624523,0.7558718011468911,0.7406032444381578,0.1931857006977193,0.6723269117398025,0.7507455758251785,0.7558048991910642,0.6137655892129703,0.7158808724403676,0.5799638062481818,0.6514662404780067,0.6275585815651051,0.7352393679080296,0.7491320105961189,0.5374929548236823,0.5497532127198226,0.35674968140237484,0.7422403848411778,0.7472748434581226,0.7815486050557797,0.7843137924748249,0.3570291031481296,0.7217843766738631,0.7533653180304007,0.7008727641323494,0.5015945490118623,0.41953871999040904,0.7674595328414484,0.7747337488716054,0.6770568331623872,0.7541998739584771,0.7024085227373343,0.7402045216723769,0.6303355802791885,0.7422493118618796,0.7553981742002506,0.6546477556450804,0.7505442793012982,0.6969259741600219,0.6832240596105801,0.7010412830170047,0.6457272457177521,0.5667428612676562,0.5205995973084729,0.7092331409314221,0.7134788717700369,0.6714343504413088,0.5140254408178804,0.6026288841691381,0.436022533335021,0.5227649134750371,0.5812874816535143,0.6598196054369074,0.7815432798209454,0.6389880004318147,0.7591417064257522,0.7926837999614662,0.7781392343804172,0.8057663370952673,0.54038682072596,0.6544376613697261,0.8043696337402665,0.42697389408612324,0.8098882018090573,0.8191194843275552,0.7967561321267022,0.8026939236043718,0.8035169452221024,0.7751875167905695,0.792226496657075,0.05958095547589419,0.726218027523332,0.7764520639642349,0.6936483994279691,0.4819690573575086,0.5544125620162549,0.5762870265766068,0.7737061940487358,0.5382197127713155,0.7175860032385717,0.7881658892338922,1.0,0.7592278749500765,0.794159506213489,0.7207227321660293,0.6834235865120375,0.5443067935977016,0.5770712819260981,0.5982824041484884,0.7222409800006161,0.6495741825824983,0.763273667629288,0.3910835567197626,0.5239375246751266,0.4293240105315123,0.5028905477769324,0.1640982696489924,0.43250405802805747,0.6527162382560365,0.6475796210916399,0.7140862277700805,0.7532843826272492,0.7226155851396758,0.6070099746526447,0.4578991703646854,0.4328494223543608,0.4262214423649327,0.5632158814487943,0.5622398481142434,0.7079149787621754,0.8024746424375401,0.7953635833848958,0.8102324434542314,0.7798668816866352,0.7538184884403739,0.8070963603907872,0.8072160501957443,0.8001272371653452,0.758633726918933,0.7785636607587242,0.7036385719557111,0.7821120951154049,0.7906490882251396,0.738710533103236,0.7884834209008584
Instructional_Support_Straightforward_Response,0.6983930191416358,0.7209057508524256,0.14821800584439157,0.5634882103977624,0.6922606805934126,0.6639392511996414,0.6640202281946719,0.7516633334240618,0.7252672248280952,0.6327553080145043,0.71891849053007,0.7625036050517984,0.7616324048078336,0.23096299684032745,0.7084708174537794,0.446916694859236,0.7083270508228618,0.7159955649801459,0.7774227273212593,0.7965055781958275,0.8000935055460571,0.647484336647392,0.6877018205765959,0.7447337166671885,0.7525673432445453,0.7631904915557608,0.7339546289346955,0.769949129260508,0.7313600025773158,0.4229140293029836,0.7009506584348419,0.8529914055668647,0.7700896714030967,0.6981274668983912,0.7997892298185273,0.7333492677139827,0.8192290945062217,0.7124127347349843,0.727779873407437,0.7484514192383652,0.27973897686270777,0.7791829529061379,0.772361849318381,0.7542169964468778,0.6825203457991031,0.20022332272872254,0.6214814323909171,0.7589981339545779,0.7357936921501108,0.6496697166338354,0.7317751434744975,0.536282006187684,0.642595334631813,0.6304925125249015,0.7004797070312109,0.7323907103921349,0.5064282335475311,0.48978944196121643,0.30028386134387136,0.7123102153362155,0.715544775415913,0.738779667650106,0.7529161563701748,0.35915536169977985,0.6813800523402486,0.7124100355754321,0.6676914101685991,0.4643120403491411,0.38951172412721663,0.7477840440841971,0.7506159796699826,0.6138631027757523,0.7382783066289186,0.7005960410700889,0.7483974689727022,0.6209424372927446,0.7046155134482015,0.7259958186507652,0.6380609086545825,0.7313585539349466,0.6487101438017343,0.6479958033730628,0.661646304803551,0.601730090993545,0.5664634106265033,0.4853922654566281,0.683539339532314,0.690449804971836,0.6473209156677927,0.47916939003840253,0.5721484000285654,0.39878095487572546,0.5084468836889073,0.5253835974845963,0.6153969941404279,0.8093470189686806,0.6083027820063347,0.761286905763914,0.7852769497031965,0.7383769047075021,0.7871886266863443,0.513124129087391,0.6099585877683608,0.7784046314078621,0.4163783813137477,0.7823262344038281,0.786816177464206,0.7849215548043321,0.8079843015564823,0.8086321612154149,0.7396092348306049,0.7571592332632276,0.09395525408227118,0.7214634565269752,0.743148307513489,0.618966765337028,0.4307625662947161,0.5027109505528543,0.5343453625928025,0.7733092893798398,0.5081011115353394,0.6936645449607245,0.7526851379727096,0.7592278749500765,1.0,0.8401691894120132,0.674832833211985,0.631700776646098,0.5391128773296544,0.5470058972094298,0.5516090749336231,0.6854070656569794,0.6161527800445432,0.7179970144439342,0.3973133128304371,0.4754269154936998,0.4174117448497304,0.49687959835875867,0.20056697162372963,0.4240002449922158,0.6226893143148349,0.6139171779625684,0.6970453558885074,0.7375643108143177,0.6723890841784524,0.5340675505262025,0.4213207936061844,0.38893576171898486,0.3683244428205502,0.5100303989944478,0.5684165852482108,0.6349531045531791,0.7879835319288797,0.7913349293767714,0.8035343283222811,0.7611252180554211,0.7265624121727964,0.7757547554934682,0.8124701574086012,0.8011617754599911,0.7143226517629537,0.7691895599294198,0.6627759784131818,0.7360534469223943,0.747941613011437,0.6780447349725203,0.7395194321875969
Instructional_Support_Straightforward_Response_the_tutors_responses,0.7063188171163768,0.7429008511508751,0.16232462968394978,0.5743354572557134,0.7093030842198496,0.6534837837057461,0.6678093922953907,0.767850796210015,0.7275114293424815,0.6525891106385907,0.7333378710313094,0.8083546515860758,0.8059390788537425,0.2191912398493895,0.7524057871057661,0.45914914841037424,0.7392875805281217,0.7491282552417393,0.8159081324772677,0.8247522935058897,0.8092840710618042,0.6602211358018653,0.7026254657679348,0.7893588077787271,0.7748872856073864,0.7778901980654055,0.7730397892982358,0.7967251849198924,0.7546633536810029,0.442458792489709,0.7448145306263051,0.8580728089266214,0.7793589936940716,0.7176338187800361,0.8084200496399419,0.7756592702955515,0.8511590477999427,0.7374884892883126,0.7586939565081381,0.7736090830816841,0.2983566290593126,0.7934792859097679,0.784918448980353,0.7718026413558826,0.7251687790685141,0.19956223634765308,0.6564985841032508,0.7741198582060747,0.7534668529313494,0.6492795938029413,0.72100447334204,0.5627286127151649,0.6583797310675785,0.6359843424367495,0.7181979253369903,0.7507026948734346,0.556035647491267,0.5052362622542337,0.34379088575278677,0.7436908099995285,0.7257376929992445,0.7752038067791925,0.7706135345665811,0.3805152891470165,0.7093287957452414,0.7411482220216082,0.6716636648247779,0.4699004778102607,0.3948486175089553,0.7814101212767144,0.7932220996352279,0.6514755879136853,0.7526366564474649,0.7282093328492328,0.7622882556000868,0.6519373514525881,0.7344868084457725,0.7574711756037559,0.6453654187093124,0.7571580047927176,0.6770569789242806,0.654593251807651,0.6762041386500427,0.6425720868504539,0.5739893258135853,0.49597596848315684,0.7068441558962393,0.7200894295617977,0.6594204330121949,0.5170911708095998,0.6158024946121194,0.4208701251914761,0.5309854143310269,0.5345815422334431,0.6352976679456169,0.8391339355790466,0.6414158066672411,0.7921059049147243,0.819501456788227,0.7777530558668394,0.8000070091921146,0.5206795405851178,0.6189739203948202,0.7980837872591132,0.4297604978946904,0.808089858830602,0.8254137207621929,0.8050641755256748,0.8321683065843442,0.8453272970638056,0.7668554053041217,0.8048532727487107,0.10332290747979832,0.714489844926126,0.795570510639533,0.6498642922810158,0.4464471580907312,0.5354048049620751,0.5522489015705905,0.7933173429766756,0.511701381293572,0.7382386540766638,0.7907752485651655,0.794159506213489,0.8401691894120132,1.0,0.6983562806046141,0.6617133966505565,0.5472275023544769,0.5504116202468444,0.5655982593130557,0.7096920434155752,0.653240688616602,0.7336112804824598,0.39365902957383614,0.48674135487179554,0.4210749255448033,0.49634945328082214,0.18785756943573226,0.4311626416632752,0.6158952241303627,0.6327187757329132,0.7196324418611536,0.7625758751491981,0.6858029167848656,0.5528112040396982,0.4621513566248534,0.4169657071389016,0.3938407935147113,0.5465438655732499,0.5666042536123362,0.6555807868305262,0.8158071915331607,0.8078888219100467,0.8156516041307044,0.7900763767084075,0.7533883944068382,0.807573103920958,0.823137188421823,0.829568641118055,0.7284763629624447,0.7972593651490122,0.7024777664808516,0.7672425720045802,0.781506477948766,0.7191029144448613,0.7604382640937128
Metacognition_Classroom_Culture,0.643012987142818,0.7073141697147258,0.20841609823248206,0.5806912619526033,0.7213263259772944,0.6086349421874604,0.6146348394140365,0.7452764935171543,0.6833897487882004,0.6767377885514847,0.7135122885032461,0.7439051431500385,0.6665342382807173,0.20634193466699455,0.7211129200814931,0.3484790821876727,0.6672695884673738,0.7344713238686117,0.7155672927851748,0.7642969584766767,0.7236855707495494,0.7141533323669261,0.7115327773280297,0.7137950198202018,0.7428009164062179,0.7387439326457778,0.6812691753757253,0.7392260906416307,0.6835911545064679,0.4172730714905801,0.6824128655806844,0.719347386502528,0.6789742218405379,0.6800406778341938,0.7354645370609812,0.6983546107008174,0.7093470579530874,0.668248227172671,0.6614584228422122,0.720549336140743,0.298790316879338,0.7292303020219035,0.6954675169132993,0.7173889709016559,0.6467868455052324,0.292638839228074,0.7076262395378308,0.7280793447714602,0.7067727490697499,0.5935162895687172,0.6510988169103136,0.5322549536289831,0.6061438151772677,0.6427622557669922,0.6727907575359632,0.7157561898808951,0.4756349618227731,0.4751723004607297,0.3598207891886292,0.7340358164393719,0.708705853454008,0.7233337279763797,0.7394740315292336,0.4043667503216139,0.7106210844782759,0.7139399258761594,0.6832942071669056,0.5322959240016962,0.4750519370756516,0.7017696102058226,0.7040519421753852,0.67772140327691,0.6855384586354687,0.6674793722002867,0.6884989942993684,0.6097725093061916,0.6867992823809757,0.6728073933278387,0.61381184628239,0.7414810682766637,0.6556306056645618,0.6687363386207587,0.729961175288463,0.6281574626710638,0.6069873117901775,0.5671089521394331,0.6792396396856171,0.6789312675635656,0.6725498041077644,0.46325860455482654,0.5528808898743078,0.44699694476987595,0.545768834880879,0.6173856912095821,0.6712293499871381,0.7104048268495675,0.6605480924533668,0.7110597197879851,0.704717383468872,0.6970020640521077,0.7504715869599441,0.5974533206476272,0.6377703074718526,0.7555424587823159,0.4557055302738701,0.7784215363728977,0.7033791741436122,0.7104467187738988,0.7144386174031822,0.7156367983164839,0.7081812018785191,0.7067967433334879,0.04410259673133595,0.6616813655847961,0.6834549711299697,0.6655586335379508,0.5367484570906977,0.5838899919881435,0.6181400086259388,0.7168632030585329,0.599794081972268,0.6748595949672171,0.7779411218212945,0.7207227321660293,0.674832833211985,0.6983562806046141,1.0,0.7037965147463928,0.5825969414976598,0.6391045775463537,0.6353385009820205,0.7196768353470098,0.6369061505732979,0.7531878949958157,0.44450539152192153,0.5514571360102541,0.47666944626166374,0.4903637102412247,0.17562127332755922,0.4912678106965465,0.6731118571327344,0.6924522464191695,0.6813505711429078,0.6959724018301043,0.7047805038160233,0.63816397608597,0.45421800868952744,0.4488616308895304,0.4502095535537282,0.5288530704469669,0.5912068241170079,0.6715685430806486,0.7393437528108182,0.7305862976592074,0.7474724829650359,0.7318802285150835,0.6694230752079526,0.7515324127252901,0.7626971839807769,0.7555133581233587,0.7186255402849023,0.7254665344055129,0.7191241492598054,0.7681923098316548,0.7268831462276953,0.7022442966472765,0.7363085413273578
Metacognition_Critical_thinking,0.600281130667853,0.6495279756806844,0.21037105744326853,0.560403019307082,0.7355694774723665,0.533904105253142,0.550547355246622,0.6696904919445633,0.608646542918799,0.7281033182415579,0.6937982949288871,0.6751002992768795,0.6218434767963736,0.19494960820903517,0.7330038287555133,0.24815044883190288,0.6022526698060865,0.7139730596152547,0.6858094755576365,0.7143349058634076,0.6763289472625214,0.7381267152675719,0.7156247311262317,0.6898453876492874,0.7169826827049042,0.672354127833059,0.6395768712080342,0.6972973493496084,0.6414364957722648,0.3711619224868017,0.6590506523587755,0.6893721622452048,0.6326055117916003,0.6664737133884537,0.6828949428754324,0.6517749413228636,0.6556737399731105,0.6264483215023797,0.6232224602363907,0.6415084231357987,0.2594520495211513,0.6656035713557749,0.6419528283871757,0.6558616753627903,0.6227864737834988,0.3134885410894769,0.6561924158771125,0.6732435683473287,0.6488029607700726,0.5051159585531517,0.544353752968829,0.46450603345198094,0.575309326660456,0.6046546637189212,0.6217549711012709,0.6489926697453621,0.43844909285635,0.438824901844085,0.4120228373597411,0.7260639385203008,0.7056085085121224,0.7151337651399374,0.7228445050106034,0.48946522139789245,0.7542278733708171,0.7114998366741494,0.7023824853386219,0.5816345075252732,0.5389749556663954,0.6775337618005667,0.6963928920235596,0.702755616188312,0.6368271317300468,0.6219449213259911,0.6300458629585748,0.6162431571358712,0.6775346947622789,0.6478230182877063,0.6394169916381078,0.7152900596890989,0.6741414873605837,0.6414037721734742,0.7298911825618722,0.6900339301987684,0.6641028322148079,0.5959006182984036,0.6955183643940408,0.6845564603216665,0.6940747150112213,0.42985519183602783,0.5177696991531815,0.5389387389315193,0.6170697474904597,0.6525989035750458,0.7401892938998764,0.6729163860305136,0.762452169293041,0.6978185194632153,0.648280882240505,0.6836209579164093,0.7042734611290786,0.6451089611356249,0.600774818980268,0.7177713034264018,0.528914157674115,0.7410907363565087,0.6638938159510844,0.6774296074011512,0.6672218264725961,0.6700351313810909,0.6950937228536285,0.6563451733968174,0.08830153744336035,0.5605678249433532,0.6556669308733929,0.6934774975655531,0.6193345812802342,0.7091365374913643,0.7127581953721599,0.6888010373378302,0.6491295831231073,0.6756568005305684,0.7290484945812545,0.6834235865120375,0.631700776646098,0.6617133966505565,0.7037965147463928,1.0,0.6964461985681029,0.6300831661104086,0.6936722886366307,0.7736551279175223,0.702157836518213,0.771956097577919,0.49873788805014885,0.5965769355237364,0.5435475072846466,0.523140614227735,0.1878394816702163,0.5590139436838554,0.7231282326164394,0.7527217005080582,0.6492418726591834,0.6471008348484096,0.7016476191712265,0.6537484237829085,0.48402486904389014,0.48457850212974446,0.501452169589016,0.5974635667790404,0.5976597950822697,0.6639681481409357,0.6837502810796138,0.6699367971663978,0.7071714584844712,0.6994400120287759,0.6269831047141806,0.7153921729129569,0.718475431078764,0.6915967718567085,0.7520968933502299,0.7052428014277525,0.6932804853845311,0.682460564360275,0.6841031763122714,0.6545165458360308,0.7073199307673107
Metacognition_Error_analysis,0.49741774681502465,0.5382295244915146,0.25650230517094574,0.521917925768783,0.6329593249415693,0.42649640712849973,0.4413473021893464,0.5631579675351376,0.5102177920778915,0.668463798951404,0.6290140579323047,0.550329810412494,0.523672077825018,0.21056597226237073,0.6481160375925082,0.1500959507658609,0.4720472285129227,0.6237764041394602,0.5521749917147625,0.575676910513988,0.5338794576132616,0.6561420249258304,0.6333684113489846,0.5908259097005509,0.6036575911145187,0.5578723828610151,0.5250150507308498,0.5797380439713077,0.5483210352341361,0.2829420831710862,0.5701376796922635,0.5830277014015156,0.5363541845950106,0.5691336283803807,0.5825339791069887,0.5479276531992168,0.5689441179509731,0.5431157146716286,0.5225873215220342,0.5347617513164792,0.20925984091946476,0.5480457225521623,0.5084258386066659,0.5408605867832316,0.5068025470663805,0.3376093741185242,0.5732470220332512,0.5720001210156508,0.577938338241422,0.3962076207584086,0.4341461246826265,0.3812922953609977,0.5237258754854233,0.538516927880606,0.5023947425006975,0.55645712887636,0.3548197437609714,0.34345005775660187,0.4097159706982003,0.6533231301441533,0.6033122210404289,0.5991090916783113,0.6217746110582193,0.5051934353724699,0.6403310254456726,0.6118924865039005,0.626622338255189,0.5553570482068676,0.5274061133071055,0.5765151767625617,0.597641109511606,0.5964152581281352,0.547165347590875,0.550154857738696,0.5439009557801726,0.5520917785607024,0.5651126025585205,0.5411488424894569,0.598354813426401,0.6245081496839043,0.585374513817989,0.585467215349101,0.6546395565567321,0.6337910117498686,0.6310153042678214,0.5685007983985544,0.584596356480115,0.5820881589612319,0.598652840907537,0.32478899009195805,0.40369012040255703,0.49288236080796116,0.5729073308017093,0.6123925463578498,0.6483503348715066,0.5498241483280684,0.6335881135299396,0.5749448706694774,0.5360755843580208,0.5984021996105664,0.6060904031139935,0.6271843544865857,0.5218827257658806,0.5989148896874664,0.5360247439979481,0.6149786727066544,0.5316984809499716,0.5497233130904008,0.5575698595058197,0.568558206727445,0.6072759616408115,0.536442679613999,0.04217465213432763,0.4501631508274567,0.5212383901199755,0.6027966670793905,0.5987777080359453,0.6416958208085739,0.6533739598789943,0.5479910513944409,0.6187173721757095,0.5474173957894554,0.6175746018369604,0.5443067935977016,0.5391128773296544,0.5472275023544769,0.5825969414976598,0.6964461985681029,1.0,0.5935553098230717,0.6340313240108664,0.6555273038767423,0.6288436741930522,0.6602389824507695,0.5559331548541965,0.5646148817227898,0.5626711027598266,0.5268981963991729,0.2260760292733058,0.5765890051898958,0.6621373437094153,0.6883939614811042,0.5753352380250032,0.5293236109958063,0.6105722152078394,0.6298574064001228,0.4968750886331748,0.4712441507293819,0.5161665476339519,0.5631266756934825,0.5452703168013092,0.6146844460530377,0.5714873038302614,0.5694325746567345,0.5911004017000164,0.5992620409073052,0.5101042093693428,0.5834717111445226,0.5928299897574069,0.60904603393116,0.6510146630139618,0.5740969760953717,0.6184138674278802,0.5994143057781423,0.5562261153965059,0.5663660995357033,0.5751615568001418
Metacognition_Exploration_vs_Explanation,0.46153008443217086,0.49445098894963485,0.23001999044297994,0.4569007173176306,0.5854139782042551,0.4339980171069372,0.4717510537820035,0.5210178436032469,0.47955095790191793,0.7442234587214908,0.6256773001780543,0.5502793376107066,0.5073316094329605,0.21428483736920353,0.6747737819125771,-0.025332730806218336,0.4254962666959875,0.6254325546396742,0.5244579583050555,0.5704849610223663,0.5364176393024163,0.6999690622738279,0.6361856576167594,0.5833223792639061,0.6251206455095059,0.5472080468823182,0.5104690249840492,0.5892314970593443,0.5763263398823393,0.23246668135817602,0.5349707696798868,0.584540010393668,0.5428662218645669,0.5498538187869202,0.5687526123066287,0.5563728557355833,0.5525808488471518,0.5337058567011701,0.5532026244012824,0.5396430784915844,0.17352950017204474,0.5488876360843481,0.4788969547647179,0.5201725950515008,0.4608586066963848,0.36635297817759876,0.6175220882141467,0.5431929057584297,0.5427012932196679,0.4222890278613545,0.47100072888480254,0.3848963742514372,0.5338113284462215,0.5351881993859655,0.4908504139618026,0.4976607356500183,0.30331466721044775,0.3548177115482481,0.29304670806385724,0.7000612932120884,0.5558255513095077,0.6043027534244289,0.6352645100292721,0.5126233787621666,0.6175342358819838,0.6655622918882227,0.7366633174312179,0.7973693977111037,0.7790981113436338,0.5760525817349973,0.5735301499952714,0.6112786152761833,0.571119742880099,0.574352320895765,0.5661328476848483,0.5801054661670317,0.5625364158384601,0.5079815602984186,0.5259246921291063,0.6584432771388944,0.6922973257823802,0.7002539552871319,0.7108311987039414,0.5488626425181592,0.726184798937089,0.7618624586969748,0.6079111932978424,0.5774448139150209,0.5606266060082333,0.2428726174433622,0.3355841835464485,0.5349055862625883,0.6249689288852986,0.7842277125251432,0.6868966602506429,0.5109049183979668,0.5636176213652849,0.5267467148282478,0.4895247552227257,0.6063593449442705,0.5920438016389863,0.7674362532532315,0.5708584089034493,0.6177206830119268,0.43262094668278145,0.6298573880944134,0.5551083795679644,0.5307431439597383,0.5433884075472937,0.5381506022449375,0.6558228192378057,0.5716710156515743,-0.04239683358666641,0.4800474710072651,0.4516852824488624,0.5765412969108417,0.7184272959885564,0.5335728005725875,0.7558783682335786,0.5014703912865688,0.783314075874185,0.537264248146364,0.6314826921590755,0.5770712819260981,0.5470058972094298,0.5504116202468444,0.6391045775463537,0.6300831661104086,0.5935553098230717,1.0,0.7910667505570063,0.6574057732663977,0.5375293705068241,0.6270194675556446,0.664975205231877,0.7912789184745093,0.6283980481845326,0.5119899727173228,0.2553877765770516,0.614968740003768,0.7918130650658955,0.7120737778429063,0.569741671416291,0.5255371648812268,0.714069204635082,0.7421132167316508,0.4078860020561835,0.34037185582615426,0.4669525855503742,0.4012756768430171,0.4551861932659045,0.5376737684915268,0.5277799911440769,0.558708488188043,0.5732544307183827,0.5255271149744154,0.4980377918446102,0.5815458561496699,0.5733855911146846,0.5745404131727568,0.708408947468743,0.5534314612479353,0.5617594147130294,0.5806092268095142,0.540245108433611,0.6027618567492463,0.5675513993298015
Metacognition_Generative_questioning,0.45584296806194113,0.513068898629786,0.2275971427102256,0.48446425067748067,0.6534475545276198,0.397382211564315,0.43810279759985177,0.5462587646679985,0.47190483717073545,0.7840854305194331,0.6788222790525354,0.5714235850361443,0.5470030594095715,0.24717106640541903,0.6960455353560537,-0.020663467063811718,0.44073925266685343,0.6543139654012273,0.5435618794627403,0.5875854770909877,0.5373155166904774,0.7812331625687456,0.683300013898089,0.6153169245098518,0.6537600573961484,0.5561426457315636,0.5314346547626072,0.6059888934335145,0.6175028038034636,0.27682906435471244,0.5886244479575712,0.6060719823880111,0.5684586530546004,0.6111728637544257,0.5966870372021308,0.5904752175477428,0.5668966832972283,0.5508909550068513,0.5773766443989927,0.5422104109135067,0.1852107050046607,0.5392979584805774,0.4831642050172471,0.5294285845987932,0.5007233311030282,0.35386183496284235,0.5956163123634556,0.5311554687984065,0.5363509632382495,0.38633043472055417,0.4330949672169589,0.3902474824557326,0.525926068438424,0.5514779207645966,0.5025407040092237,0.5279224517575108,0.3198749795616921,0.3722309999837917,0.3641802866655168,0.6992924022458653,0.5909078506331218,0.6153469618340239,0.6513415529172786,0.5260698810050832,0.6719443313544997,0.7268748840313185,0.7828881263155804,0.821727402111864,0.7969343043711675,0.6219201585205829,0.6091306283145688,0.6172228518926349,0.6071708300734251,0.601131063552122,0.5816369505029776,0.6153057560894766,0.6530926674886967,0.5862332163666064,0.5862043613601803,0.6834821652211333,0.745577566632864,0.738142263923988,0.7605902932678309,0.6127042848187518,0.8140202058073247,0.8033561541442964,0.7076078312638056,0.6829648735201679,0.6034698292333996,0.3335808984030779,0.4167702236121048,0.6025840845407828,0.6689744904066356,0.8114977013530394,0.7676944008062567,0.5416026422211453,0.5913383624827079,0.5724757032748711,0.5246248241062332,0.6355217113021753,0.6230414260991494,0.7703883764511728,0.5689227281286512,0.6366323757847934,0.5268971785283546,0.6348898475176887,0.5702557103308814,0.5583355988974261,0.5633420165508795,0.5776173938303468,0.7090331616364444,0.6066394932634824,-0.021438306353495078,0.439535811238857,0.5045703661490183,0.6384637618555252,0.7629511248232098,0.605607955938356,0.7831975784972737,0.5300168255842922,0.8149283842096869,0.5473583107146053,0.6529879662850493,0.5982824041484884,0.5516090749336231,0.5655982593130557,0.6353385009820205,0.6936722886366307,0.6340313240108664,0.7910667505570063,1.0,0.7216899689122329,0.5650299514488217,0.6913691692348461,0.6578637509688976,0.8284167760015642,0.6476504331294802,0.5588520633840011,0.256135124537604,0.6024195175211731,0.836457666368824,0.7595100940414747,0.6103571879022015,0.5203619839300221,0.7104774414143512,0.7307263675485731,0.4496413583323059,0.38882888734171256,0.4904427350775603,0.47854373840042214,0.49777942822050375,0.6244845408943599,0.5528014635258561,0.5756286676330996,0.5944403548758197,0.5804598573995643,0.5203952769751657,0.6211100624098281,0.5851586304473145,0.5971387129358148,0.7666960313403858,0.5916300475628199,0.592431238401139,0.6125808200766469,0.5616164030632623,0.609165718468613,0.6189061946681188
Metacognition_Higher_Order_Thinking__Skill_Development,0.6243281271899929,0.6602587518125534,0.1856031756858225,0.5688193373057601,0.764549599815616,0.5658477443759892,0.574279537035239,0.705677095302688,0.6237705644041924,0.739909221698727,0.7409098490171573,0.7349764626552093,0.6851007312264343,0.22894111181000276,0.7648123411207811,0.25338453653399307,0.6281992707272286,0.7343152158703836,0.724642917478894,0.7294783026675304,0.6855419393371184,0.7901914924500627,0.7620833925363323,0.7393948346006066,0.7555435227309993,0.7189204520893789,0.6903348082512429,0.7433139658563815,0.6619996750420235,0.40006067588894184,0.6766992912447125,0.7162815672077822,0.6685213510574891,0.6891047593975069,0.7182922131188217,0.6767614546182221,0.7139348834676305,0.6614521232403451,0.6399978013466116,0.6770841776313087,0.262615573121876,0.693661589404311,0.6780243558643138,0.6978264997250959,0.665926789548134,0.3174783579576665,0.6530864625031096,0.7139884721416055,0.6811746884481619,0.5347882350996147,0.5955152990959526,0.5032957817748653,0.5867870345521057,0.5979905392761204,0.663298453857524,0.7036133117935461,0.4643734660809937,0.4587960227698768,0.4076932000413781,0.7631583578663058,0.7259062306594228,0.7306380789406138,0.7549710921567961,0.4939524435517014,0.7643342309128229,0.7537382826222159,0.7570965952898904,0.6258189694010006,0.5668670453352174,0.7010640505729445,0.7246723702384169,0.7407824719960998,0.6650788122103702,0.6477303183228638,0.6577373016164817,0.6127093822000235,0.7171173002601341,0.7058006618165708,0.6548451156551002,0.7599490303328599,0.7211766984407962,0.7088786681089738,0.7710421912016667,0.6785213831927761,0.691163762845815,0.6357271937322361,0.7286144515468458,0.7448118404020024,0.7113790557932667,0.4466054785466206,0.5458386951270752,0.5090087821209607,0.6083306915522801,0.6921339625615947,0.7637374922205798,0.6948296407095914,0.7283440036735613,0.7291610312052927,0.6855676113946729,0.7213816479736659,0.758286518710544,0.6667742652325663,0.6267897401904052,0.7694299472743801,0.5300740513686484,0.7652849526732469,0.6965318952154333,0.7059909259212696,0.7172991378642545,0.7173381515234605,0.7460552068958862,0.7200969571199908,0.04536923635960714,0.5866866954771992,0.674899175596575,0.7083677448379669,0.6268347355522828,0.6582229128298982,0.7209820941324956,0.7008835516460449,0.6690539092934443,0.6747050493235098,0.7552507139378479,0.7222409800006161,0.6854070656569794,0.7096920434155752,0.7196768353470098,0.7736551279175223,0.6555273038767423,0.6574057732663977,0.7216899689122329,1.0,0.6926062513463639,0.812942852279155,0.5151625339822605,0.6312316379129865,0.5470740535764217,0.529670387917188,0.20757140325381881,0.5736141885770801,0.7557621070373721,0.7419900210445732,0.6592806321111592,0.6897842714750073,0.7391398631067462,0.6881407629437892,0.4927961265079981,0.4822436488167986,0.5033937389424407,0.5714733041310502,0.5788534293728543,0.7263145295354219,0.707697982162673,0.7217528817300952,0.7351990358326592,0.7317119921865229,0.6704843812036676,0.7520355485981756,0.7396089302519416,0.741562326902735,0.7813969813584457,0.7346788207075988,0.6842116692598876,0.7484293627612055,0.7136122889590443,0.6966232984699773,0.7521379452310635
Metacognition_Justification_for_Knowing,0.606715238615042,0.6430135626449386,0.1959647932155205,0.569903248650545,0.6653232151191296,0.5612168630639592,0.581388404742673,0.6783170977933195,0.6153860857927544,0.6137130551121147,0.6252172900541333,0.6279169492174637,0.6137301444899771,0.1961903470562627,0.6747593816114102,0.28361209544050603,0.6058477706154124,0.6576685555993458,0.6338362568673088,0.6623789082462787,0.6450781650413231,0.6389565635890266,0.6586204866732893,0.656891561295241,0.6740660007225396,0.6485531047837192,0.6090022505900392,0.6515257082065042,0.610336277499011,0.3547165164230679,0.5996843984475186,0.6450725025687515,0.6107220368302789,0.6179331296946688,0.6455738787300876,0.62313326602981,0.6565390482781007,0.6100537684479924,0.5805138526705973,0.6083929996874188,0.2321555445638748,0.6562106121457497,0.6302646667413556,0.6563523677898416,0.6023587640296129,0.30191628085083944,0.5709323803758849,0.6716376580901119,0.6337885549930014,0.5525152210351707,0.5431563947507339,0.44119986451713494,0.5567058415353469,0.5792513875402262,0.6041465190094475,0.6282687212130469,0.47292865707760107,0.39629862829559576,0.38347688960632903,0.6578479117458835,0.6723502586368507,0.6593177431400278,0.6567237110969883,0.4397066554974878,0.6698995972994077,0.6486212041994444,0.6435021086289443,0.5132397035746801,0.4536798816714055,0.643835837454482,0.6680222250650991,0.6712553804744962,0.5897658124105499,0.5886332081443242,0.6145466505911873,0.5792034173499587,0.6180480934685293,0.6117983568519543,0.5997536961893922,0.662565661918883,0.6113557624577912,0.5985078595541121,0.6263324215932986,0.6690577510904274,0.5695650731476402,0.5217673833531955,0.6012701011684192,0.6210082911316681,0.64789809992059,0.41756117946766436,0.514782227052931,0.46138875497618226,0.5639096123420724,0.5508809389314991,0.6536677746535846,0.6492616525884429,0.6738622255490757,0.6763998482924217,0.6456152567450456,0.6252181730094346,0.6701627818748415,0.5530967987241684,0.5447402580318073,0.6873004999857484,0.48161578291843155,0.6865766526022952,0.6384919610141913,0.64393364513528,0.6525447308183718,0.6461792262313388,0.6478769060190208,0.6198086092376597,0.0687959327468539,0.5504912906669422,0.6384249166024814,0.6534639585499635,0.5304713693035391,0.6253050441517528,0.6062749489703986,0.6753918644746097,0.5209848776501935,0.6573397307066804,0.651908803044219,0.6495741825824983,0.6161527800445432,0.653240688616602,0.6369061505732979,0.702157836518213,0.6288436741930522,0.5375293705068241,0.5650299514488217,0.6926062513463639,1.0,0.6912587982710892,0.4208159613068017,0.5173871483241771,0.4147658000336935,0.48218304611747603,0.10424744352801553,0.47254411045356715,0.6114474946956864,0.6657866954745553,0.6461092067287413,0.6630766381347728,0.6402817883702431,0.6047596670434605,0.4895026290989354,0.486691451187404,0.4495808388149744,0.5701468674921323,0.6167065456322944,0.6028803970769102,0.6522559527311321,0.6463928847550516,0.6826610753909347,0.6873220438307198,0.6219451023423391,0.6755559698357398,0.6937361250992551,0.6778933917434922,0.6642582266593232,0.6705285163943083,0.6901973972747063,0.6482386071211986,0.6547087119628349,0.607373931638253,0.6547260093816497
Metacognition_Learning_Exploration,0.6617932390555129,0.7228576885791091,0.22596512669812796,0.59839678868434,0.7807461012468845,0.5955059336563953,0.5982175904434621,0.7446081816988404,0.681480070430505,0.7234748880478655,0.7752401864282825,0.7747407563813993,0.7127051163274554,0.23682475338307826,0.79113596649336,0.33221254240683157,0.6992702218177204,0.7799995873319526,0.7625166645209628,0.767093637303296,0.7570510028314076,0.7618309717874587,0.7716253981326426,0.7923101077507115,0.78904620041958,0.7476250634382573,0.7205782308983003,0.7793634739794374,0.7139506064372294,0.44906702266154186,0.7344188763026676,0.7556225594729619,0.7166129131996843,0.7308501934640615,0.7558426949530967,0.72649590499447,0.7419968381381721,0.7041480288582331,0.712308862816116,0.7154965809664051,0.3057550500029729,0.7440749373308748,0.7107324125228929,0.7250322717566524,0.705692310873162,0.3064050776617247,0.6841717452776727,0.7396674842577716,0.7185244413488611,0.5668578369921835,0.6300722680698109,0.5483997650719854,0.6113442042772559,0.6178096657236088,0.692712789338381,0.742373942125969,0.5074910628156684,0.48141732111470137,0.4358291564768923,0.7774836186324706,0.7685475774553774,0.772461596305721,0.7837395171715048,0.4456262961827528,0.7872960484303543,0.777388408484461,0.7449951240587651,0.5741628450668086,0.5170341297036709,0.750197658935224,0.7714253093914394,0.7388397510516007,0.720839829702145,0.6890384674896619,0.7019697928772717,0.649712831802909,0.7770976631458778,0.7538264889846594,0.6875070649440355,0.7790067519086147,0.7393977127832879,0.7071873168340964,0.7655924321340951,0.7010187664001831,0.6701640683619332,0.6033184558448195,0.7784957561587111,0.7827379607134476,0.7128975693271445,0.528028624246372,0.6142909660715894,0.5059452618612185,0.6032617466153705,0.6368568925778536,0.7560544355601431,0.7516834052635375,0.720722038617005,0.769505441438536,0.7440126319599241,0.7631727685594358,0.7971639640667811,0.6397371686653155,0.636306345835961,0.7961860978606341,0.5158440766606192,0.8014485544796037,0.7413806157501005,0.7583997318489564,0.765760547502279,0.7678893157702554,0.7704497600290837,0.7333597098191807,0.07263942486490547,0.6297372394474454,0.7396185000549638,0.745281142029271,0.5785495716114027,0.6515147435849351,0.6689505168937772,0.7567068745854503,0.6334285208760353,0.7201753641168479,0.7902287502091493,0.763273667629288,0.7179970144439342,0.7336112804824598,0.7531878949958157,0.771956097577919,0.6602389824507695,0.6270194675556446,0.6913691692348461,0.812942852279155,0.6912587982710892,1.0,0.4769088745220984,0.5943011374959319,0.5025426783910695,0.5529742631686315,0.19928931952133197,0.5206786470676841,0.7434815285638116,0.7374083979926748,0.7185267403485781,0.702174686327398,0.7365979327886304,0.6424393663355303,0.48057603592346804,0.4844760379984605,0.47437180095251213,0.6069910417131794,0.6038987048837255,0.7536713179150133,0.7647900210124688,0.7667816679493537,0.7842873417785562,0.7785209413903195,0.7002328724107987,0.8100757264426373,0.7889911291222532,0.7872972214711595,0.793309942409917,0.7957700384301285,0.7273723391258238,0.7768879469101276,0.7764957424347939,0.7362048648510946,0.786119032565374
Metacognition_Metacognitive_Promotion,0.33415573696448014,0.345145211612661,0.1737630106795992,0.3335377851633377,0.44223072022416104,0.31007372845377623,0.3638114589450479,0.3861118890445797,0.36227939260285097,0.61216028637733,0.47625210376099747,0.37172616144913756,0.36637570011714804,0.33722088507233744,0.5120958193891836,-0.13529930992990047,0.24681469559633817,0.4468056784779123,0.36242161966505854,0.40634634158555105,0.3670238632342713,0.5645595574842979,0.4881570228492691,0.42057997462300895,0.45200739882133373,0.3728598884051861,0.33688407066370174,0.4130317790960981,0.4179665068200518,0.12358329097205967,0.38421377332433576,0.4086864570570174,0.3889009990699924,0.41353490704821505,0.3993673240737649,0.3886763242342121,0.39332524353910137,0.3729920992331804,0.40488201273966196,0.3614779669951075,0.1104051971561267,0.38218843015225873,0.29704190826584437,0.3528575601556124,0.31613649181347014,0.3990808913565661,0.4775061651216847,0.38225107398470554,0.36014660377623336,0.30608136540072967,0.2729309288455951,0.2580154298293773,0.40167502344644435,0.42166582996903507,0.3397018791343867,0.35139362093328386,0.18401590107921043,0.20347334179575058,0.3192082721593086,0.5230240143958469,0.39296630094363505,0.4238922889880337,0.4642845001536852,0.5817555387626004,0.46212221155180694,0.5065670097760416,0.5821210342803173,0.7018939726189912,0.7021773857249424,0.4115580676717912,0.40495195078667556,0.44107142488602163,0.4053251080102757,0.4294727832300169,0.389317267451089,0.45323567180413327,0.39523428076453704,0.3543444697358278,0.42474880594691455,0.4959684187947717,0.552797910203522,0.5702811972503375,0.5718316025348866,0.4739334989650999,0.6515140469844308,0.6774810818167699,0.4433371434919749,0.42925967947239635,0.4844594001610381,0.14276898066613067,0.21904706564105783,0.5278187215289734,0.601450797231076,0.6374240698306209,0.53909202185973,0.3631316559312094,0.45162973284302244,0.38051213589909244,0.35232516224878063,0.4221032232700998,0.42666898049508384,0.7193713836469908,0.425096709838993,0.43984372982385483,0.5319979196577418,0.4482014523281996,0.3816042184685828,0.3662134212828467,0.3710136864249599,0.3894852265543486,0.4839802161328476,0.38157055979922583,-0.04161883822269265,0.2733874528438962,0.31324727901908944,0.4128119997980164,0.6539649305810542,0.4286386284196248,0.6316107170911671,0.3521865086751118,0.6723253234234499,0.39113966244642234,0.44462662013957377,0.3910835567197626,0.3973133128304371,0.39365902957383614,0.44450539152192153,0.49873788805014885,0.5559331548541965,0.664975205231877,0.6578637509688976,0.5151625339822605,0.4208159613068017,0.4769088745220984,1.0,0.6828932131288917,0.7465314002064811,0.5649451824515761,0.4773545457386256,0.6951395180591305,0.658651415578632,0.5481453756571785,0.41530706421548585,0.370284589527269,0.5376388374496045,0.5708132386179935,0.36969741931602274,0.2707440380712198,0.3619566369721146,0.331388721356734,0.40869419443634397,0.4258348418953681,0.37482433758571126,0.4101022945657044,0.3985521456181567,0.3832938295015478,0.3342003644043502,0.44023460613716625,0.40472519250974714,0.4099457678126144,0.5578932529036478,0.3811793030199212,0.4206879536087757,0.4273730082691818,0.3731838050854964,0.4201863647879998,0.3954468270317839
Metacognition_Pedagogical_Principle_Criteria_Questioning,0.3916532690275323,0.4378583441966221,0.21525241975579026,0.4099949378762165,0.5478128343757935,0.35016294613307714,0.39624196002884116,0.4772329171617606,0.4170655734297247,0.7440665517142397,0.5957365384270416,0.4908113213864169,0.48615258679689916,0.23910609711424152,0.6317224783332689,-0.16224161493922254,0.34627810165604284,0.5645120836567558,0.4659155208126187,0.49949644853744124,0.4574016121965113,0.7001892891446637,0.6092886449109324,0.5463127489087916,0.5772030283334605,0.4672982115847134,0.46583127040488903,0.5384745916084348,0.5595356372066366,0.20569003943997352,0.5045976963470982,0.5245198212426129,0.4866835001038423,0.5091145332250905,0.5169251346820136,0.5385913634628335,0.4977978018379538,0.4966966663955357,0.5130428574604005,0.4759640410457113,0.14866576494096356,0.46124175465008355,0.4139846223415516,0.4546024241205976,0.4246870289372633,0.3718347643720321,0.5396352215488233,0.4827719217572538,0.4715039798676303,0.34904773363520497,0.3695193989161764,0.3671312778477574,0.47794375095199293,0.5175633552870629,0.4533843932231483,0.45731785806135766,0.2972968124634901,0.33539447960902047,0.3114737928970143,0.6463852464684945,0.5121056291362556,0.5546565521186382,0.5764467065591107,0.500505971664287,0.5909517012835465,0.6700192282727155,0.7439533176478695,0.9119386801766595,0.8952592202080298,0.572276519594246,0.5304042214035447,0.5553004629577943,0.5316780089894563,0.5527029473307329,0.5218432167307184,0.5409782738608301,0.5552905047937045,0.493894335414004,0.5086055303175121,0.6088686218547973,0.7295797316679258,0.7437664975604955,0.6896960953975693,0.5667624437703035,0.7819613514045621,0.8634342658354073,0.6142305853326253,0.5955773399249373,0.5566665907937309,0.23762718172196887,0.31525995174248367,0.5993557510363808,0.6498071916587062,0.8186247544647847,0.6957942772045898,0.45658028599373596,0.5222012264539626,0.49814505207304516,0.45020799087792734,0.5837830016983796,0.5382827850420733,0.7590990311791613,0.536041114387813,0.5555859768845057,0.4700627524001185,0.5579103984304934,0.49734842925764067,0.4803117088891481,0.48788228859665206,0.4915250381740593,0.6703766941971766,0.5426752873120066,-0.030824268426762128,0.3697029560639801,0.41966430970104956,0.5740804251204591,0.7467679739137837,0.513947965610428,0.7502908272149224,0.441246764537885,0.8338788854330018,0.4965927241536653,0.5606912908338219,0.5239375246751266,0.4754269154936998,0.48674135487179554,0.5514571360102541,0.5965769355237364,0.5646148817227898,0.7912789184745093,0.8284167760015642,0.6312316379129865,0.5173871483241771,0.5943011374959319,0.6828932131288917,1.0,0.6335583417689795,0.5137718975185693,0.23966279572833993,0.5842385717864037,0.8194344901622034,0.7075845015698138,0.5569102574416035,0.47175015860765296,0.6910573676534466,0.757783229781543,0.43475840772576047,0.3581348746165338,0.46693331906195273,0.41075711420126926,0.4254216265516011,0.5380011082611438,0.4727282985248662,0.49021108908473,0.5066581693039875,0.4785906366690474,0.45287612574155334,0.5454722339202939,0.5089725091786255,0.5198432852903027,0.7214837645415516,0.5085344090602809,0.5043191365063269,0.5227490827056932,0.4656514370758254,0.546586135150205,0.5390815436564504
Metacognition_Reflection,0.36896443842578247,0.3944220241331748,0.18043700604889357,0.359159265434258,0.48237592092730747,0.3228810026482874,0.35016757828942574,0.41630166741864166,0.3824967209447831,0.5894472650823481,0.5077961147609498,0.41586981179395527,0.3808973211015373,0.29105936775237684,0.5281181085370104,-0.06562389247981466,0.30211597709513904,0.476273651272534,0.4047241124413083,0.430546414326581,0.389536753841297,0.5702107471919597,0.5068920077832817,0.4215829407289784,0.48425911785237635,0.39472036741325967,0.3870317194314842,0.4453330039153476,0.4678181880059529,0.19044135282903873,0.45451692111055125,0.4373635413241177,0.39308883590562244,0.4744988839403644,0.40594857133704726,0.41302577933071916,0.4284227039721725,0.41656527924466613,0.43211050840111576,0.417804785087237,0.12016880560686356,0.40648368769486387,0.31608460403962696,0.3798353713935025,0.34074338784916064,0.31678560314036663,0.4972932555716289,0.4073354657941002,0.37753423708377554,0.3187502235964263,0.3139538591406839,0.2525793563093244,0.3945169557596133,0.4085422224771788,0.360590753196211,0.3802877862466368,0.2160338671731679,0.21191045713350667,0.29395992259273857,0.537975191442983,0.40687862037518335,0.4429965864499269,0.4954475193864031,0.5807652570894085,0.5387923717697687,0.5221337660463398,0.5747454381129552,0.6160047221838756,0.6297666037206482,0.4649064152166427,0.4534461655995151,0.4691110251253566,0.44509128032226725,0.47074099606707,0.42613645136823236,0.5322457985029412,0.4423318430642315,0.4128906498963073,0.5020054784559904,0.5196202227634089,0.5485095277638673,0.5608417894843726,0.6059807012299954,0.49899366780771576,0.6566540216696339,0.6259881400311389,0.4858267492918928,0.46384350524074797,0.47432004668478805,0.2044452832766683,0.27319658112614986,0.5083407707670139,0.5589119107501705,0.5960909617037633,0.5460824684248261,0.4087253567659484,0.4730590005442108,0.42294817911807797,0.3843321515376474,0.4558555351627211,0.4682468692946911,0.7359301188051989,0.42900270305552035,0.4503431936810845,0.5344407592311409,0.4504921101343161,0.40673697626841143,0.40409991248741994,0.41208996965301825,0.4281132481210576,0.5111952206980176,0.3848230877686431,0.011791969959814531,0.3098063037046162,0.34759899909244174,0.4313739839847124,0.6205527696201159,0.47362051497361723,0.6126240920323196,0.38506609900495425,0.6411732874903597,0.44122781101210046,0.48008586896153116,0.4293240105315123,0.4174117448497304,0.4210749255448033,0.47666944626166374,0.5435475072846466,0.5626711027598266,0.6283980481845326,0.6476504331294802,0.5470740535764217,0.4147658000336935,0.5025426783910695,0.7465314002064811,0.6335583417689795,1.0,0.6419760462050027,0.5405701781359314,0.7109143299205021,0.6636454636224748,0.5691914780841423,0.45364728262079373,0.390015614635128,0.5192449205527019,0.5397067124819549,0.3551626338558551,0.28788697560849025,0.34981237269081267,0.3265659158065401,0.40210068199105004,0.43667555399954366,0.4085376661776123,0.4170705638805118,0.42616753931780793,0.4129177037028997,0.3776603024808004,0.4811217863228977,0.43241516438438443,0.4434012438011756,0.5543725080694106,0.4150171995357862,0.4353925185700104,0.45140261581030616,0.3934156555017087,0.4539481319517091,0.43311079856137535
Metacognition_Reflective_growth,0.4095988192377755,0.4547251908504674,0.17196361950526431,0.3890520834557258,0.5298364198058977,0.361257124002452,0.3687866960711667,0.46825766414043624,0.4283407146419158,0.5316925013962857,0.5330992040913868,0.4964041561842864,0.47950180921686314,0.2933282572507909,0.5367248278332601,0.1280648210325612,0.4273134791403725,0.5357283608897073,0.47919703221003546,0.5136286580371008,0.46987065120010735,0.5570363135247394,0.5418953100308592,0.49874622273250063,0.5187997227042118,0.4628543047702104,0.46879822804813803,0.5035974767926459,0.5607556208862915,0.29302616908076046,0.5176670847887719,0.5206263297298493,0.46615859712204794,0.5684716563488587,0.4987083972410123,0.5134618813236579,0.4977204447894526,0.5087493444199777,0.5407633687247614,0.49436837454498317,0.16822285991730385,0.454793300023885,0.42025920324547406,0.4510620290611162,0.43228807325965424,0.23437869733944855,0.5079698439927623,0.4538055042957893,0.48018732076526743,0.3299714551392595,0.38685895440466217,0.29967905152186103,0.4365541366310834,0.4513839301115969,0.434200073918294,0.47187871697671036,0.29694379844569196,0.28843605381834475,0.35727042124185054,0.5471561154170784,0.4884413212427723,0.49162616711367846,0.5498325722417257,0.5124696768057916,0.5459790728870519,0.5671883967769451,0.5568704276019716,0.4875638824665275,0.4595317832139045,0.5560145399728116,0.5263601198417158,0.4887955681855503,0.5488401272804414,0.5787746938683948,0.511171108521318,0.5724826403498942,0.527061019475195,0.5019955904051299,0.5563089694485691,0.5724456383343249,0.5494204794626034,0.5449643043688628,0.5650116502981433,0.5212783825422891,0.570700262809228,0.5135786967633131,0.5263849908660354,0.5209500579900976,0.5145110553161939,0.3210757188961628,0.3729551676246837,0.49286003727662087,0.5077675886810324,0.484444252248024,0.5037849526863422,0.5072696238073575,0.4504209640307527,0.493164370019722,0.4931943920566962,0.5055508193836675,0.5488289364665812,0.5920042806062588,0.40914675146969826,0.5229679499791487,0.5330058137360698,0.5267888356314889,0.499243044106133,0.5054370090197421,0.5086447138718156,0.5062344929089568,0.5580068508903463,0.4671466280258564,0.031855803560622835,0.3743656215277309,0.4677452938287094,0.4800825859280733,0.4977982763472651,0.43144810260340805,0.5210058084188331,0.46863968896397884,0.5310290366849845,0.49132739657381175,0.5154625253737903,0.5028905477769324,0.49687959835875867,0.49634945328082214,0.4903637102412247,0.523140614227735,0.5268981963991729,0.5119899727173228,0.5588520633840011,0.529670387917188,0.48218304611747603,0.5529742631686315,0.5649451824515761,0.5137718975185693,0.6419760462050027,1.0,0.4590822202675423,0.5605223436898109,0.5754704699418237,0.5283295728113332,0.5226101754791413,0.4314500183665491,0.5132849930361425,0.46877199027108396,0.3720486237236696,0.3196222020086358,0.3446964515856341,0.3818650750691161,0.44792893056770106,0.46774616920436796,0.4909991162121892,0.49965542529215234,0.5138573688115343,0.49536489386605725,0.4640259087379513,0.534968308724374,0.5216352977887173,0.5189778898478862,0.5566415594883753,0.49838908913626523,0.4717711854030436,0.5021105843457222,0.4792633410736322,0.5161226029863234,0.485716059599103
Metacognition_Self_reflection,0.17957583226404233,0.1519171846864232,0.042459002596183286,0.10393798054414247,0.20051792395956158,0.1538794489225715,0.1877915536611986,0.1914937482277968,0.17409679215219973,0.21405261663846067,0.2256811275273653,0.18555659402869348,0.1454975954004562,0.3527283424957392,0.22277528495309035,-0.012132334869644509,0.1343049473316981,0.180047066664889,0.1820887801973351,0.2018355914881335,0.17193241855294528,0.20139283191151955,0.18874370068689642,0.16678714420021326,0.20446071401012766,0.13935736364844886,0.13497026076820334,0.19638159746348047,0.20034882097563786,0.09887945517715029,0.20410644195213493,0.18563451177917914,0.16072141592031663,0.20871874445409244,0.1602384533170278,0.1565329456597564,0.17952405624270865,0.16887226925069754,0.1858999852829975,0.19112677511691106,0.057668814902300344,0.21809653465228415,0.08241890643809656,0.15023046329398518,0.1080849863677813,0.15111382823459224,0.24195247853680427,0.1543675641933073,0.16178223547620496,0.16875488487403856,0.11861506521237081,0.11338058327389357,0.15719349606561728,0.16658216232299974,0.12393090981874236,0.14203656236795745,0.035760376693792825,0.02073447772922552,0.1366439356565362,0.21056893412875546,0.1393233689163844,0.15261180817676445,0.191094450840314,0.31245680099790246,0.20153886529656304,0.1996877206523948,0.20988928761633718,0.21453443277002776,0.2362590934932055,0.18520036670609827,0.17393797704642572,0.16305627185868415,0.18656967283041553,0.159284076047901,0.1466887633807377,0.2439018849813691,0.16084097822419052,0.1443985847996864,0.2406129625961013,0.22415281886144392,0.21554142649225572,0.22453859045233546,0.2588428191231234,0.19064958429690834,0.2892771804887052,0.23671805448881186,0.168455223739252,0.15097841388743433,0.21366900153998541,0.0892742015077711,0.10131686508208193,0.27489604958079117,0.23572835651606497,0.1960345824699677,0.18924828274482458,0.1874310230133556,0.1298604046236991,0.18414800178474416,0.1625246803323675,0.16972417242689938,0.19687129053012944,0.39414292894521463,0.15561540978652974,0.16785809309393898,0.3542663654555089,0.18069099448570253,0.1723497553361085,0.18202350761914904,0.17712960700235253,0.1697259855664219,0.2075838952063113,0.12763722010118606,0.006746754720878773,0.07795902277934066,0.11833992981590177,0.10911253751011651,0.1992356044572922,0.11655106184292968,0.2149568867581193,0.16898630417572955,0.2553490062588387,0.18401295260500983,0.16819848819337363,0.1640982696489924,0.20056697162372963,0.18785756943573226,0.17562127332755922,0.1878394816702163,0.2260760292733058,0.2553877765770516,0.256135124537604,0.20757140325381881,0.10424744352801553,0.19928931952133197,0.4773545457386256,0.23966279572833993,0.5405701781359314,0.4590822202675423,1.0,0.4729177249951208,0.2753376588910662,0.1922526170931333,0.18724107118826133,0.14787618424430074,0.1613337295129613,0.11546878646577441,0.1346696641723137,0.06516121768822114,0.060911232148343285,0.10587355702762477,0.15765754475878177,0.15745314981306074,0.15563218497749945,0.17406736437113668,0.17845043996129165,0.16143786373618058,0.13332115406650463,0.20588654110648924,0.17303648235026123,0.18991773106773785,0.20382789729291756,0.16373251821511897,0.1763511706045671,0.18471739382553581,0.15787747267580374,0.18217787877823002,0.15630769952157988
Metacognition_Strategic_thinking,0.39225801442352765,0.4120129317295495,0.18569639131363752,0.40040536358777956,0.5094791538412518,0.3292672069115138,0.38518581168784755,0.43648467591375023,0.38966615708951324,0.6023092532578161,0.49483237796956114,0.4299228429173454,0.3969155587129113,0.3473839791833007,0.536408182438279,-0.0028970156590218798,0.34630349417062395,0.46258155612072865,0.4113178575547404,0.44534828520461767,0.4145665528492643,0.5698403439346398,0.49863120421753415,0.4555852292248909,0.49574501391896497,0.4075431546152156,0.38923194714179077,0.4521424969640289,0.4581130851888479,0.17273147537021208,0.43109378441922275,0.4469497101439173,0.43130096389009326,0.4465583791584071,0.42866890464066154,0.42314528731222323,0.4395666967940279,0.41474320151301997,0.4082655447518627,0.4147835962436062,0.12192656879329412,0.4197450328519887,0.3579386268277527,0.4178374737949464,0.35446114833643816,0.3571091304836726,0.5019323446791495,0.45004154260679563,0.43284175417011783,0.3392027312509734,0.32360463881307217,0.2726922807636124,0.42096747901685905,0.44731243753379923,0.3669617123649919,0.4030431095331511,0.19060918935972967,0.23182891240376105,0.31227409992587846,0.5398662934751028,0.44551472929362007,0.47323135846661124,0.5225121899021331,0.5990055035348689,0.5064162758973798,0.5207525487674352,0.559479328424889,0.570792513660901,0.5721199887379166,0.4485300882171417,0.44901642488075266,0.5140922717976684,0.43053468325367616,0.4509552750686849,0.4201289458074375,0.46260189169330584,0.44889124207625863,0.40472252925905317,0.4684858931815004,0.5104811054490552,0.5422614326244095,0.5439674517505656,0.5755996283343185,0.4960374094695781,0.6082785738710601,0.5826971794925696,0.4702092816074053,0.46372751221600295,0.5164602779684825,0.18486870857194687,0.2551070494171919,0.5063899863253567,0.6033987751296769,0.5607395194097716,0.5413529510766167,0.41846705689210817,0.5156313883491799,0.425769585610994,0.3899806667674174,0.4346692597761303,0.45556273060701985,0.6680495349367941,0.4535505695302186,0.46844790202756653,0.5510760306471832,0.48528310103358174,0.40750380993136553,0.4180494101903471,0.438999171468621,0.4262776961436855,0.4979434220826588,0.41144701401033346,0.008669254940555952,0.31763571853309475,0.35471061328861964,0.4310618384529212,0.6178909728398366,0.4771237624470383,0.6261371909921664,0.3944619515108771,0.5986529326023704,0.4374453038224395,0.48327683953376155,0.43250405802805747,0.4240002449922158,0.4311626416632752,0.4912678106965465,0.5590139436838554,0.5765890051898958,0.614968740003768,0.6024195175211731,0.5736141885770801,0.47254411045356715,0.5206786470676841,0.6951395180591305,0.5842385717864037,0.7109143299205021,0.5605223436898109,0.4729177249951208,1.0,0.6380317951306619,0.5794224840733453,0.4506136656670125,0.4038731075485395,0.5305657088926101,0.536676939174122,0.3349238743724751,0.26237317998646337,0.3525099074251756,0.3401532082423998,0.47172483191375925,0.459708835728471,0.421807589581905,0.4466203423455304,0.43620698945337694,0.4291026556499925,0.3850640934174178,0.4789981713922562,0.45676243251501175,0.44411099659353526,0.567412097860798,0.44143896482168143,0.46536519433912193,0.4642878153176456,0.412620234506385,0.45128196712020635,0.44376205959454207
Metacognition_Thinking,0.52501218342724,0.5724741737231639,0.22919831654732653,0.504730568782707,0.6841267523726385,0.4790457763104923,0.4989063434900997,0.5994256404923934,0.5474881362961769,0.7996498504216244,0.7292050124342521,0.6429630466452088,0.6016622349369237,0.2412406242214684,0.7480855278314135,0.03826736217478767,0.5033115638056165,0.6919111573026963,0.6123758699831502,0.6371201264799762,0.5988802064265473,0.7941387542800842,0.7232477719207935,0.6869440104238236,0.6975917860287025,0.5998930222645225,0.5983621456564382,0.6715966798446482,0.6578834110571323,0.2984770994495227,0.6257831227150031,0.6611108759155134,0.603706405149022,0.6430797398900199,0.6298189496021982,0.6395846778880466,0.6255503203475934,0.6150453313275905,0.6250984297403982,0.6098824217817064,0.2313952218990232,0.5913077411049223,0.5518687099143583,0.5747893822679796,0.5633049465204558,0.3823501635677253,0.650440504863086,0.6135211566589436,0.5928876048026808,0.4583316564164708,0.4958230933002587,0.47191267349244725,0.5454264108977106,0.586643041666723,0.5699740707839671,0.5923667521627166,0.39302285060860204,0.43418027472117543,0.3581996164643533,0.7423743573375713,0.6315612668997098,0.6838150304849064,0.7052070352552448,0.5491279849578495,0.7091451519019091,0.7616872732551165,0.8039364282769286,0.8213153248160887,0.7862043845813458,0.6789389840462114,0.6714600336203224,0.6742690177462557,0.6535873002524343,0.6385103578788449,0.6294962810024919,0.6349134211311122,0.6727995033771615,0.6154120245677994,0.6245317230868408,0.7241959156985907,0.7666607755448819,0.7627238191498736,0.7869169978335324,0.6540204897318188,0.7974828988335386,0.802133858988912,0.7111026027711358,0.7049141666941382,0.6621431705143944,0.36146693205332453,0.460764715338481,0.5992289773576688,0.6779046819550058,0.7979726083202507,0.7915095239439299,0.5910532581355161,0.647517581122234,0.6402036805181688,0.5826528788060688,0.7038120334327284,0.677254251291685,0.7799749647215479,0.6227587861663836,0.6900854233466124,0.5332451260557832,0.6811928454272643,0.6256753688071931,0.6100663171709979,0.6186659630532179,0.6117176483625038,0.7563707298886483,0.6561773853402235,0.04617830199957694,0.4899615116232568,0.5724508935853109,0.6795150117854636,0.723505651775916,0.6234874684530545,0.7813413635082793,0.5840837039642692,0.7885509660543115,0.6021098892367049,0.696995688590208,0.6527162382560365,0.6226893143148349,0.6158952241303627,0.6731118571327344,0.7231282326164394,0.6621373437094153,0.7918130650658955,0.836457666368824,0.7557621070373721,0.6114474946956864,0.7434815285638116,0.658651415578632,0.8194344901622034,0.6636454636224748,0.5754704699418237,0.2753376588910662,0.6380317951306619,1.0,0.782849817447565,0.6407656183875194,0.5840907219794007,0.7652130255728002,0.7854906162748052,0.47881655989383326,0.432022082739282,0.5025329248354508,0.5019504235081214,0.5208243264728595,0.6485457307912188,0.6183779990358584,0.6317243369305887,0.6503656726215953,0.6258340095790423,0.5920032982699387,0.6893577451594416,0.6503043761923503,0.6552273784678897,0.8050613761925783,0.6519537672428088,0.6288433861834246,0.6556877804319489,0.6017136363464594,0.6465412041829828,0.6670512304371068
Metacognition_Thinking_aloud,0.5491039803716483,0.600679383101899,0.28347761228569246,0.5735524712776374,0.7171972711842381,0.4658241127321024,0.5194351493095896,0.6392843992099483,0.5605433008695084,0.7750811698363241,0.7174439144313557,0.6438863099915628,0.5928941661660151,0.22881542985284992,0.7419514469669544,0.1142609578217176,0.5544355882079415,0.7260904877250921,0.6337779372794351,0.6739809517524321,0.617589509005027,0.7597784041050225,0.7143124086656659,0.6783078796713553,0.7118631868782902,0.6546421848901328,0.5981013527336824,0.6782233269708637,0.6619153615293046,0.3523511063707767,0.6645238171379756,0.6554557579314457,0.6287916337979861,0.6639268432501879,0.6612500089927585,0.6365205619733233,0.6297206741199277,0.6150018570660348,0.6367846609295755,0.6208163385265946,0.21320343740495387,0.6138773022796116,0.5910634298697875,0.6105416919193305,0.5605784267953271,0.335105608767872,0.6310256396436069,0.6367572995092087,0.6229531354544708,0.469892689099515,0.5065988348221324,0.44622705300551285,0.5589068955310174,0.6047061771344892,0.5773054162228496,0.6179914642784465,0.4020094230757478,0.38754605104250817,0.3695949740519967,0.746549571612846,0.653894857023395,0.6834934632508707,0.6988182046870212,0.48480286786870236,0.7190345695415126,0.728148122967501,0.7376484526566426,0.6939993320037017,0.655699373934122,0.6819373415504195,0.6915548592065015,0.6994740930576477,0.6461510778981315,0.6435201835898029,0.6229870674994418,0.6447039088179065,0.6707395098460469,0.6338219109521509,0.636347878298671,0.7103301412602137,0.7195479083885139,0.6913835498624827,0.7326161734036949,0.700956814907614,0.7491728355506831,0.691187874715454,0.7128621223474643,0.699752614864243,0.666687210993322,0.4162192706941477,0.5073727660608782,0.5888803066427356,0.678217620044083,0.7249561600784392,0.7645703002272363,0.6356855470753526,0.6705287893703873,0.6703130484389874,0.6087730314093748,0.6859246102117337,0.680136921352254,0.6980558987814943,0.599699131929081,0.7078632083257763,0.5353625321978883,0.7083502143743152,0.6417663475657971,0.6496876682930637,0.6419746683269713,0.6391383900683846,0.7050473064361631,0.6506404146823895,0.05165849184855028,0.5234605437034701,0.6196314468987114,0.7478989917428956,0.6988149657316485,0.6393316616947395,0.746323393672886,0.6268236072037348,0.739793457208025,0.6425318019992518,0.7047772244716836,0.6475796210916399,0.6139171779625684,0.6327187757329132,0.6924522464191695,0.7527217005080582,0.6883939614811042,0.7120737778429063,0.7595100940414747,0.7419900210445732,0.6657866954745553,0.7374083979926748,0.5481453756571785,0.7075845015698138,0.5691914780841423,0.5283295728113332,0.1922526170931333,0.5794224840733453,0.782849817447565,1.0,0.6599529777156585,0.6050940594761756,0.7290713136287291,0.7090273402171435,0.4837891281585172,0.44221642819450074,0.5042561736777703,0.5709205219637805,0.5545227596048597,0.6645025131805202,0.6279649870189732,0.6464293051923982,0.6554051707825466,0.6717416128814101,0.5803272443425906,0.6827454769504626,0.6758558942780994,0.6717663194825457,0.7687626584208631,0.6611477776723788,0.6880040927123985,0.6522347506247388,0.6365611516295618,0.6705641193090933,0.6729847030056887
Mistake_Handling_Acknowledge_Correctness,0.6079526971759145,0.6709278554065983,0.17770485323863833,0.5562464535145324,0.6880287043281782,0.569828952622801,0.5618581350289534,0.6851531683047856,0.6488635288865818,0.65082960858398,0.7342861625222519,0.7135604640198515,0.6996429495575957,0.21755325601653486,0.7345467897179315,0.34477156940744913,0.6768434274538995,0.7404069801884127,0.7380421544955058,0.7377061834998782,0.7233890631908122,0.6604573040830022,0.7099171578062122,0.7368614791949635,0.7491526994258695,0.705356414810581,0.6733278887860301,0.7513079126778198,0.7874485570855501,0.4186526832536851,0.7422543861625704,0.742135658965354,0.705888598098773,0.7328578070066539,0.7355308317031122,0.7517579874042827,0.7211090720522338,0.6773786977025732,0.7624517019985337,0.7135109693644156,0.27626859862286085,0.6899100797029804,0.6869711161319715,0.6829140800504953,0.6509413308914227,0.20496803065824754,0.6086558032522682,0.7022901174833589,0.6791201598199116,0.5637093626077858,0.6150565968585608,0.5310495785179171,0.5846889282540719,0.5756626252701083,0.6505589080307703,0.6666427831074916,0.5067949619297751,0.4465888933764957,0.348853526192774,0.7224147864088774,0.6799908001896013,0.7269985616364241,0.737331074708818,0.38177951400763666,0.7115159833300849,0.7456052960678247,0.7234728447041334,0.542826977154097,0.46997083924835675,0.8132425621604495,0.7694228973016093,0.6287604586526674,0.7753929267459253,0.7640154008560188,0.7469457508447348,0.7393542713195829,0.7331064691368366,0.7230094925178356,0.6834057017945729,0.7672128684807747,0.7110332849859429,0.6768443943297265,0.7122019741205577,0.6812517101137929,0.6232175427748811,0.5630312137951126,0.7306738323269819,0.7295509330802374,0.6638628084497779,0.536340491382275,0.5999416248254904,0.4979802798912042,0.5588288590560685,0.5725881350610972,0.6421253690167238,0.728933582324569,0.6064731671737601,0.7182458323208822,0.7181021650294894,0.7518935104304756,0.7519834469041835,0.5607352650635965,0.5824049363580935,0.7474460019451322,0.45225982397699216,0.7571106107940875,0.7125514202996514,0.7346538213939002,0.7366092195837352,0.7295010989747899,0.7318983964417995,0.7200832297097891,0.1069757916354925,0.6268061797580063,0.7301449201661991,0.6861952452657922,0.5112793069714623,0.529531313190461,0.5530102156389793,0.7186856805317583,0.5632402871685699,0.6737446388181738,0.7320709181836075,0.7140862277700805,0.6970453558885074,0.7196324418611536,0.6813505711429078,0.6492418726591834,0.5753352380250032,0.569741671416291,0.6103571879022015,0.6592806321111592,0.6461092067287413,0.7185267403485781,0.41530706421548585,0.5569102574416035,0.45364728262079373,0.5226101754791413,0.18724107118826133,0.4506136656670125,0.6407656183875194,0.6599529777156585,1.0,0.664585886214476,0.6817008446661343,0.5759209263343265,0.48317724279246715,0.4235946891410583,0.4371055457570202,0.5503211406714198,0.5576679910503066,0.6436192756511494,0.7316696732252943,0.7186839496830035,0.745023480461173,0.727579024692243,0.672342539108898,0.7418949939343852,0.7269497449000126,0.7567949638386249,0.7140983854187761,0.7302137702921344,0.6835978745588224,0.7109134514415555,0.7164873740246115,0.6878978526540174,0.7093139289043029
Mistake_Handling_Error_Identification__Correction_Precision,0.7604293787067371,0.7811091025765599,0.12101137692263822,0.5782623710241571,0.6899751197880252,0.7029508601392657,0.709391572261822,0.7929319843178901,0.7819467093172667,0.6326512341661741,0.6690262272575226,0.7404810975248697,0.7102670443296465,0.18268128835505845,0.7098753207274724,0.3970155158692882,0.7029087735989438,0.6912266499563647,0.7556526363739529,0.7782678863173429,0.7805648029611696,0.6511765019535415,0.6641910167826224,0.7203306615450603,0.7214098868326363,0.7480935536557256,0.7067670639935639,0.7280411673508742,0.6499322516522668,0.3982823763531889,0.6545608060485115,0.7466129514688842,0.7145881820887648,0.6245196557878836,0.7620897173643558,0.6847629347406844,0.7564689319000962,0.6729426697413958,0.6472735237332585,0.7419173277430469,0.30229015436947876,0.7934378086167208,0.7353172116908893,0.7748359777192335,0.7110806354735905,0.2172315178964602,0.627307584906963,0.7851550640982623,0.7561888569687228,0.6959373212545574,0.6746130633198524,0.5128811334741488,0.598536270630687,0.5807703896690702,0.7190248589824572,0.7146225584014857,0.5109504310500356,0.46515643539465007,0.3165161563688853,0.6959032628822143,0.7323870932460904,0.7415818821044898,0.7186793405208712,0.3784002951355769,0.6633333531036745,0.665945406825633,0.6292505385409844,0.4513254199677683,0.3889602422640561,0.6953751126599712,0.6959291317525645,0.6627731713936651,0.6480729444270416,0.6193268289735219,0.6575788247010419,0.5769490460717651,0.646296109579407,0.6715864299186534,0.573236844236201,0.6985110489882399,0.5869841737725233,0.601168417795879,0.6210385502927519,0.5984934157063184,0.5001459523487367,0.4599605827940417,0.6178900451415006,0.6300635523949043,0.6221588972728344,0.4535093786186185,0.5670678692062074,0.36816413418314486,0.47023273892115647,0.5230714056223044,0.6014635738930716,0.7657186132267183,0.6584208655483681,0.7457962158591005,0.7747994005818453,0.7083018043720648,0.755717712825122,0.4978271039611723,0.6414545418625105,0.776661961924178,0.3689652709862439,0.7656844966857446,0.7449548104558233,0.7447929848431233,0.7570767902469767,0.7494079046953358,0.7006142502085748,0.7128613185916823,0.0811549946301351,0.6926989264538556,0.7236830007023981,0.6456557376566363,0.43838290881697484,0.52153663055291,0.5216107575247073,0.7994827843622224,0.4988635194433467,0.6975996848034753,0.7346157751338582,0.7532843826272492,0.7375643108143177,0.7625758751491981,0.6959724018301043,0.6471008348484096,0.5293236109958063,0.5255371648812268,0.5203619839300221,0.6897842714750073,0.6630766381347728,0.702174686327398,0.370284589527269,0.47175015860765296,0.390015614635128,0.4314500183665491,0.14787618424430074,0.4038731075485395,0.5840907219794007,0.6050940594761756,0.664585886214476,1.0,0.6821013630108855,0.566062655765117,0.44122664206385276,0.45060470928594515,0.3924670202997614,0.5453354525300905,0.5964193625550548,0.6270784784868487,0.8050698368955993,0.755717041659017,0.7749590244099582,0.7585024331976309,0.7117892750077237,0.7541260504591664,0.7867391400429097,0.7858150917804558,0.6816169441634083,0.7497862791226677,0.6823918720021388,0.7374092954569046,0.7653851475772623,0.6640970298922215,0.7333744825518965
Mistake_Handling_Guide_Mistake_Discovery,0.6140064276084353,0.6550415559428389,0.2083501367315503,0.5295768497911852,0.6964981509221452,0.5777233742303823,0.5926964509490882,0.6815348424838827,0.6419204495133887,0.7549452538592121,0.7180437171893473,0.6907964546257075,0.6423672045253641,0.15029147801795179,0.7664271812768819,0.1915777531133329,0.57634171028818,0.7158605160750844,0.6871260839170779,0.7085741655980644,0.6910654880076513,0.7502828467450823,0.7043358420704393,0.7037091823500812,0.7154069779458633,0.6840670505625195,0.6581311521819193,0.7151866138155193,0.6593731960467079,0.3570895692772204,0.6420854426928007,0.7002913241936496,0.6601481428317016,0.6334623362603653,0.7037354752717312,0.6810224251505717,0.6903108335811753,0.6498039546615338,0.64199893082235,0.6604174091130505,0.2517013934444459,0.6877657254452225,0.6514001411745005,0.6508469758587945,0.603575847838254,0.33360594520292525,0.6850830493403943,0.6887200576044938,0.6817519187053375,0.5640119112388223,0.5825427357872313,0.494773150972505,0.596902071257036,0.6038572284304587,0.6345282115090031,0.6651118722492764,0.4416025655154111,0.45705952946578,0.326895936160754,0.7526766198976073,0.7157449083308637,0.727288360608013,0.720669100505268,0.45006304890348614,0.715215479448317,0.7296493774073542,0.7419794809012895,0.6840469057868795,0.62901710341992,0.6929283948439802,0.7020046473555491,0.6865643763956479,0.6662266757019313,0.6567900281627612,0.6639857868160336,0.623151609480323,0.6520972750561924,0.6352897320825872,0.6059379770355539,0.7448251342649039,0.7027096885205644,0.7134771521207826,0.7468706115985082,0.6408750808523341,0.6554713875664483,0.6766338072986429,0.6713239278956907,0.6747609007228955,0.6738247495908346,0.396796062149762,0.4909996423294739,0.5148723926079732,0.612847625827315,0.7299532367540136,0.7244038280446079,0.6627388156572989,0.6543450121335712,0.6733826955709504,0.6651370850183075,0.7143112998368566,0.7234028015084661,0.6694555517068053,0.6606834825706045,0.7390307737443562,0.4402170165753852,0.7490671222532795,0.6876694181545638,0.6772652457969992,0.695881830468729,0.6854795628087782,0.7338236502050733,0.6964049698800846,0.04721507517092985,0.5962699655338716,0.6380573018849606,0.6883775708444749,0.64348413820693,0.5746705383854401,0.7027871300624973,0.6801038013964821,0.6753930675525402,0.6601199598709565,0.7561455335998234,0.7226155851396758,0.6723890841784524,0.6858029167848656,0.7047805038160233,0.7016476191712265,0.6105722152078394,0.714069204635082,0.7104774414143512,0.7391398631067462,0.6402817883702431,0.7365979327886304,0.5376388374496045,0.6910573676534466,0.5192449205527019,0.5132849930361425,0.1613337295129613,0.5305657088926101,0.7652130255728002,0.7290713136287291,0.6817008446661343,0.6821013630108855,1.0,0.7923238518601399,0.4482238130787503,0.44817706273655655,0.46480152234598476,0.5213864360909893,0.5245883007895196,0.6548235300848476,0.6891639613304572,0.7027847805892942,0.7168021616598829,0.6882781861301864,0.6548965176052501,0.7364829778346712,0.7320744268415813,0.718265929733633,0.7742954482878011,0.7006200387358672,0.6677700984645378,0.7093963327679373,0.7010103912227538,0.6656015718847026,0.7065450269430308
Mistake_Handling_Guide_Mistake_Discovery_guides_the_student,0.5050070420337528,0.5277844283957736,0.2304459905079583,0.4713247470615135,0.6043748876656715,0.46204169994938377,0.48525945600401066,0.5507671596536946,0.5272758091584437,0.7451668317757763,0.6179859499727758,0.5711646213368952,0.5502650050325426,0.1349556089417019,0.6976065184342946,0.022852779067337056,0.4311932511348692,0.6245875480382207,0.5404763015938259,0.5681400369855852,0.5522006003447156,0.7106795968086748,0.6349481733499961,0.6185095281852447,0.6056552187619737,0.5622650580156916,0.562782800079299,0.6004051880121839,0.5464900953892289,0.2401957035554227,0.5286151831430904,0.5836635614517309,0.5344197813451871,0.5231961539617768,0.5793523004803992,0.5893995297052186,0.5692268716035352,0.5613866526007601,0.5220769599963715,0.5472724599086002,0.22465950460138695,0.5593818820391249,0.5201025748494092,0.5431227811928077,0.5303545613825766,0.392693753803612,0.6152505607249277,0.5823269340264176,0.568527101373155,0.4378768861966128,0.45793305030965237,0.4391068723157224,0.5152421112113751,0.5459989974722953,0.5592070167832929,0.5506025538243376,0.3881723244613016,0.4155616008617738,0.3161775816746329,0.6788105626805128,0.6152649684369841,0.6332253102941119,0.6305163964059181,0.4685427758773371,0.6191325932648429,0.6631067585957957,0.7220474620510996,0.7624693721683721,0.7276152974616467,0.5744414465524997,0.5847219218528149,0.6302849548159981,0.5590264005357978,0.5711251606050288,0.5606332141142111,0.5317174772257242,0.5629809998476076,0.5225534306109736,0.5191993657410457,0.6441437039170587,0.6737415714927094,0.7062139312642293,0.70445818956084,0.5785350786386187,0.6593249806777661,0.7446012430265098,0.5894618163959786,0.5846910049363818,0.6179266997106688,0.25160989598161765,0.35488436874256324,0.5023205729434284,0.6139498236685114,0.7839818790818328,0.699574016243975,0.5114008464575793,0.6264186914440714,0.5738043886861975,0.5325948093422421,0.6371430683056217,0.605065683193925,0.695658789950077,0.5982824648480577,0.6465919569499385,0.42164552222737,0.6355691680253032,0.5575921979343154,0.5450469484652509,0.5541092607890516,0.5505394947749994,0.6743566868941114,0.6126770061430395,-0.0507209204247715,0.4749678753820208,0.4912774555633758,0.6115517950469225,0.7035830448448595,0.5728817516490916,0.7355016511433135,0.5443528317688462,0.7095158967269974,0.5444942928594461,0.6497560283754075,0.6070099746526447,0.5340675505262025,0.5528112040396982,0.63816397608597,0.6537484237829085,0.6298574064001228,0.7421132167316508,0.7307263675485731,0.6881407629437892,0.6047596670434605,0.6424393663355303,0.5708132386179935,0.757783229781543,0.5397067124819549,0.46877199027108396,0.11546878646577441,0.536676939174122,0.7854906162748052,0.7090273402171435,0.5759209263343265,0.566062655765117,0.7923238518601399,1.0,0.46220259545324827,0.4305992697680517,0.5110914029887325,0.4865382376317248,0.4946703777042809,0.5863399571346006,0.5734789659252184,0.5588938841906786,0.5846280797720538,0.5618102070307819,0.5597756805064332,0.6184887113400436,0.6011255024110792,0.5935260696544228,0.7242613016927562,0.5719956539115236,0.5944027643254631,0.6147222129757735,0.5547561050207669,0.5989927833187751,0.6172253226696712
Mistake_Handling_Identifies_mistakes,0.39432848110883517,0.4390178760515429,0.1855008576671692,0.40643600331194296,0.5003023107271239,0.3467922073912162,0.3457946859418781,0.48356483179166626,0.42946930892107754,0.46885423933150966,0.46929420962632684,0.42487149164502713,0.41995968287798113,0.17851022177894202,0.5118288522379252,0.11189815182813034,0.37998899495338256,0.49607207816793,0.43168530585513554,0.4506726652500522,0.42537807842114383,0.5017224160946849,0.4523631095005682,0.46708118440920154,0.48031980834829074,0.42690843523114086,0.41259208145607007,0.445949762378649,0.44980829001495565,0.23258191419234203,0.4880531664875673,0.4648688874070151,0.4474245775803515,0.4440464587829682,0.4638843818942417,0.45180308607051783,0.43831342661524264,0.42210063672154685,0.4419598119943947,0.41160362620059077,0.14882844218550126,0.4387653526389175,0.43093484378823194,0.42882459666580625,0.43263820383678064,0.1657427970364792,0.39352290788168753,0.4598475856694727,0.45469309790051177,0.32410265927653176,0.34397991352590374,0.3087429106592914,0.38378187449466655,0.4136021067646273,0.3788793936008841,0.425956997197293,0.29347284916705585,0.28419499208565263,0.3467524861499438,0.4945338674623984,0.47697507390121835,0.4844950700882457,0.4761916231381684,0.3320091360016137,0.5019076400994423,0.4738805770379162,0.4875388570619705,0.41729682801529183,0.40337341383382586,0.49281146967508177,0.4844456420427552,0.42753261254455,0.4366401537310942,0.42761790442502745,0.4262310767768971,0.44714286122335073,0.4186349209869331,0.40910044329372436,0.47212483084624196,0.48701566234397464,0.46345195121879285,0.4533620012229293,0.46274463304306074,0.5348472457936861,0.45699635138313505,0.43014239715931474,0.4434236807700822,0.43920910350826314,0.4985711640734422,0.2603738787941354,0.32383526140321406,0.36814470042004205,0.45636384457390006,0.44080120162068026,0.46208009161360697,0.4434952345264473,0.47087110965961,0.47766704051746744,0.4420358928301245,0.48030625444659114,0.4772062040867242,0.42904519536646446,0.370118136173728,0.4750365806647577,0.4019486548077076,0.5024370734181813,0.4327447432371727,0.4519575699260087,0.47052287345558075,0.46143656896571394,0.46273502794812627,0.4281752389111407,0.05646211861944607,0.3653606870205309,0.46292417783865547,0.46163790805625615,0.42348417351716355,0.42081601248533224,0.41473435742053105,0.4597358815507895,0.45588055939872396,0.4729240842931246,0.47728220365523394,0.4578991703646854,0.4213207936061844,0.4621513566248534,0.45421800868952744,0.48402486904389014,0.4968750886331748,0.4078860020561835,0.4496413583323059,0.4927961265079981,0.4895026290989354,0.48057603592346804,0.36969741931602274,0.43475840772576047,0.3551626338558551,0.3720486237236696,0.1346696641723137,0.3349238743724751,0.47881655989383326,0.4837891281585172,0.48317724279246715,0.44122664206385276,0.4482238130787503,0.46220259545324827,1.0,0.43768470625117356,0.45198118174118757,0.5211114881538393,0.4085992119090223,0.4610057423638581,0.46812588796951066,0.4409183874219203,0.4685553959524424,0.4895169035164397,0.41724689337768756,0.46264197272643587,0.4724758785807633,0.4602486039920749,0.5022849762217202,0.4415756941354646,0.47410355272715116,0.46889882840109776,0.4628501728337429,0.455463768923127,0.49710272682142603
Mistake_Handling_Identify_and_address_misconceptions,0.4171753464146775,0.4950849523783382,0.17506077705227158,0.35613705469104817,0.48872762925521374,0.3524585767397051,0.3373119692547179,0.48668072200920803,0.44849365366293126,0.429766967673371,0.4460638393008589,0.4282915382025308,0.4144078820423552,0.1497142632744931,0.4791690970282898,0.17996252392766113,0.38777656466148336,0.4637536131198422,0.44174522313701553,0.4395688300571085,0.43796070575250307,0.44658096656033425,0.4620674904702161,0.43595592162930635,0.45782696343764206,0.42174085281536305,0.4345172139797361,0.4338065681728218,0.38700326014718395,0.2651074447315458,0.4335825952626223,0.43616778343019114,0.36644742591210816,0.3777067588492277,0.4373971606827038,0.41701539288005757,0.4192675778424921,0.38082601439409075,0.3687571669488878,0.41256278825128395,0.18196994323419977,0.43562655686677293,0.4282355111546547,0.465585024353795,0.4431474963827885,0.1554319388002162,0.3736309543216726,0.4585055641934163,0.44138711184551366,0.2972948625347985,0.34812758001565686,0.3095552070999106,0.33520703430925775,0.36663974199307614,0.42864738462045066,0.45061722079935673,0.3524928618327765,0.27868981843511137,0.3189528367393412,0.46568950246237195,0.4795528143123967,0.4416302770528903,0.44011028365261284,0.2892512802303773,0.45236332135831064,0.4283491668371205,0.42913812856244676,0.36550146927199556,0.32483815420254925,0.44633480744986354,0.46703639061101787,0.44089798426726473,0.3845687494066475,0.3882905152266487,0.39136021857517017,0.3781205282504104,0.41575384708348634,0.4253266202125433,0.40451279547172,0.4625168973896051,0.4024832362357278,0.40965176553603105,0.4222278429963525,0.4769160962960912,0.37321593486826593,0.35209586234342005,0.43406156254464034,0.4218805032954978,0.4446779615640231,0.2850896339793598,0.3378717232245189,0.31150094781013793,0.3603773308250881,0.3934913800486223,0.4259268567787183,0.42733862423602315,0.4791196083581268,0.46686000116555315,0.4429656344558632,0.4607334181903123,0.4635851515450009,0.366026988943092,0.3671204875691493,0.4668650767499897,0.34179853408754324,0.4532964153860043,0.43163528333624324,0.43210320818374226,0.4116273003108826,0.43703317504997524,0.4469461313866563,0.4224149625650555,0.07874109580335502,0.35454779330823183,0.44586133630346225,0.460932071878069,0.33823585468116996,0.44874940976739236,0.37997159499112987,0.46975502773838806,0.3842414814189781,0.44106153344432275,0.46168561730825547,0.4328494223543608,0.38893576171898486,0.4169657071389016,0.4488616308895304,0.48457850212974446,0.4712441507293819,0.34037185582615426,0.38882888734171256,0.4822436488167986,0.486691451187404,0.4844760379984605,0.2707440380712198,0.3581348746165338,0.28788697560849025,0.3196222020086358,0.06516121768822114,0.26237317998646337,0.432022082739282,0.44221642819450074,0.4235946891410583,0.45060470928594515,0.44817706273655655,0.4305992697680517,0.43768470625117356,1.0,0.45491081974649744,0.4384254538765953,0.39057842152374095,0.4266869767884325,0.4661743023522589,0.4322546135846379,0.4597727164340682,0.484959658504281,0.43059359173389855,0.45709299155174327,0.4648416802066281,0.46248758826087694,0.4823611846325503,0.4631801742410213,0.4553267630372387,0.463388210007117,0.4453426509924536,0.44181676201564013,0.48776560603241653
Mistake_Handling_Mistake_identification,0.38175939337047726,0.4000091351226215,0.2176665191932722,0.37332901268532587,0.47180358681519824,0.29852726192142703,0.314140627267509,0.39755870372882063,0.3872895542931167,0.4935147559547231,0.45936755311243416,0.41991538087263647,0.3698017689590071,0.1084607243377977,0.4968724905083768,0.036455666609621136,0.344540652295188,0.506310101760167,0.40318939997471137,0.4346674913167174,0.39228535888155713,0.5109946393281387,0.46411050994907405,0.44267286289984137,0.45281577246023547,0.42345225118799534,0.37337311853734645,0.42520429518406677,0.4023003920588517,0.18412945423333593,0.4472874924014265,0.44329185518126846,0.39426685651554083,0.4233693113314127,0.41780799157242715,0.3976273296800827,0.4166677859256807,0.36596571392327165,0.37289910580536406,0.35121392215211367,0.14196798642602543,0.39923654591484115,0.40558831647769766,0.3910360861796521,0.39402529585104085,0.20079870432058675,0.3771447095909064,0.4313115772614491,0.4266981835495548,0.2808236087143375,0.33020251105652404,0.28577853677696224,0.3776039873063893,0.40610201795976747,0.3641102316437397,0.40016078432525126,0.25855506537411405,0.24521024051402524,0.33539227763069196,0.495489126798787,0.4399711406865439,0.45515470644001216,0.4442455378972132,0.33180051400182325,0.4473061012635656,0.474881253526703,0.48412904247264194,0.45455111999165987,0.437853495996474,0.4439060597531626,0.4630797996391249,0.4156483033971882,0.4039147166508823,0.393215134969529,0.3884351640312275,0.41812520320773017,0.42057926790092237,0.3805485882952547,0.44945776346310956,0.4553666434182615,0.4540208767645128,0.4667579615172878,0.45149831797524465,0.49178199020005225,0.4664249560386865,0.4610989911400796,0.4319956625344154,0.4370352228748644,0.4623331761352867,0.20565164566748292,0.26430783806143593,0.3801238386257429,0.4284477367855814,0.4782149557839322,0.47322335170140784,0.3959180901829065,0.4744325581644479,0.4310043316107919,0.4253006827237624,0.4461943190876594,0.41984296073847405,0.47229454943555055,0.38367251950712195,0.4609166218701801,0.3472313520272784,0.4840650332855616,0.4051957886316609,0.4243682122168432,0.42874376051359714,0.40162317336384856,0.44775116532031445,0.40239744856556575,0.02044079464434848,0.3531728384637046,0.4359733682361826,0.4800335346045164,0.4762856417984095,0.4534856194977448,0.45230278067064955,0.4318730851938097,0.4825485682846316,0.42642856020984715,0.4439339889336708,0.4262214423649327,0.3683244428205502,0.3938407935147113,0.4502095535537282,0.501452169589016,0.5161665476339519,0.4669525855503742,0.4904427350775603,0.5033937389424407,0.4495808388149744,0.47437180095251213,0.3619566369721146,0.46693331906195273,0.34981237269081267,0.3446964515856341,0.060911232148343285,0.3525099074251756,0.5025329248354508,0.5042561736777703,0.4371055457570202,0.3924670202997614,0.46480152234598476,0.5110914029887325,0.45198118174118757,0.45491081974649744,1.0,0.467377402302917,0.38493468498300826,0.4593338810328327,0.41794982223941196,0.41467132770987436,0.43714944458397836,0.4422976234320866,0.3803421430617375,0.434405911845316,0.44024452125778085,0.4415314329304012,0.5144611557706367,0.43415367016869194,0.44950603767515296,0.427469346342332,0.40742438664920316,0.47633018556207574,0.466891966331223
Mistake_Handling_Refinement,0.5104521513605234,0.5457858909995392,0.20043931666005554,0.5069325585132449,0.5846123660298969,0.4148364101325031,0.42374795893089523,0.5604699687311248,0.516218932459866,0.5350338829667491,0.5807516512019468,0.5418284395830087,0.5191582785092376,0.17425816285264722,0.5811080967760072,0.26094498552920414,0.5075998793926659,0.6009177393146279,0.5381119002560566,0.5694615959037822,0.5397804456144069,0.5707055772657763,0.5796509112770254,0.5559012018256578,0.5956141698454421,0.5593777804279991,0.48878013922081126,0.5450156104676352,0.5147187472603216,0.28807697706212876,0.571501105360862,0.5656915907702914,0.5414861898852382,0.5240832427351798,0.5725095433891872,0.5365362403007188,0.5427006284423799,0.5230206174899581,0.5035126812951918,0.5229421732660724,0.21520922949832463,0.5497670126469582,0.5502203160489796,0.539983736343697,0.4999558958508053,0.1676551544905959,0.4790669960617219,0.5639605953821054,0.5401456304815082,0.41370925628388705,0.45612469421644375,0.36578680396065116,0.47033836560260656,0.5159309091771345,0.4971903183771971,0.5379094900267305,0.3893993410356451,0.35491898259125304,0.3954215594839857,0.585747000328137,0.5786132574665005,0.5608087912583968,0.562090081215783,0.3120460930023407,0.5653469323328612,0.5570639222814389,0.5425926868773517,0.3948673932110037,0.3271118436832925,0.5793759413274162,0.5974844618023285,0.5140548723638125,0.5074033680847121,0.48422439085507124,0.5145169574258708,0.47031664185151406,0.5437295746686294,0.5366544538180736,0.5397468020716626,0.5693980305655664,0.5354048766519588,0.501162784507685,0.5097637107328389,0.5926524432582518,0.4732358304200801,0.4054471985841063,0.5595159531146803,0.5771895613677669,0.5770444681445358,0.3821342836572847,0.40724191870434007,0.4209133998864217,0.5000979482938243,0.4401774857030736,0.5230199390017022,0.5757020783725091,0.517890219848079,0.590415476934931,0.5625333501185602,0.5576318225022877,0.5847511098647618,0.42435856321175447,0.4737776938928019,0.5645368325726816,0.44740326010108517,0.6071316376055199,0.5316819078915936,0.5799696000762743,0.582710455853729,0.5824077519363734,0.5515048575152688,0.5340113207919638,0.06543581601728811,0.46773608717246173,0.5953518303680904,0.5706777484539269,0.4138134855024838,0.5089420791868411,0.4460650277678841,0.5776561564905307,0.442198242433912,0.5399668432076865,0.5838519323019562,0.5632158814487943,0.5100303989944478,0.5465438655732499,0.5288530704469669,0.5974635667790404,0.5631266756934825,0.4012756768430171,0.47854373840042214,0.5714733041310502,0.5701468674921323,0.6069910417131794,0.331388721356734,0.41075711420126926,0.3265659158065401,0.3818650750691161,0.10587355702762477,0.3401532082423998,0.5019504235081214,0.5709205219637805,0.5503211406714198,0.5453354525300905,0.5213864360909893,0.4865382376317248,0.5211114881538393,0.4384254538765953,0.467377402302917,1.0,0.5263072678405916,0.5644511567291612,0.5736911079565147,0.5536169360732143,0.5779923446699322,0.6007237428568454,0.5043219201561375,0.5795935713827888,0.5825497242447798,0.5713608046357144,0.6008852018785757,0.560145199872061,0.5915544745606943,0.5740221411432956,0.5895258317104324,0.5643630190396813,0.5854499120347626
Overall_Rating_Certainty_of_Knowledge,0.5812088433089908,0.6037884719989842,0.2048998374338245,0.5644248555373308,0.5801103386822497,0.5476303764967719,0.5777722377450464,0.6076615184124337,0.5987471504243481,0.550060578813963,0.5652844683736413,0.5410337208160559,0.5250309974952623,0.2550526467100757,0.5729273933476478,0.26094916955977177,0.520263221952981,0.5867045285586722,0.5607514282672945,0.5934237678290383,0.5747232092542133,0.5639684088277064,0.5992181483459369,0.5533588692721347,0.5927539932935927,0.5656938575784723,0.52557129268417,0.5691630623511481,0.5144680345206365,0.2889061460512776,0.5413985991635332,0.5817037938459021,0.5502455130226618,0.5518447443880579,0.5847482051866819,0.5546163523688911,0.6020590800694519,0.5312795738984305,0.5263634165701963,0.5642972651865188,0.2331269829833176,0.5893095769121071,0.5441655562741398,0.5846672875246482,0.5256865270167429,0.3077319106370633,0.5270577636908333,0.588741728225083,0.5828292421325914,0.5502464404867492,0.4907033806143736,0.37578401409845746,0.5315205950702175,0.5481533015039984,0.5297877452176781,0.5690023305396278,0.36253697945109337,0.3640699067510114,0.3571752794254684,0.5616282925420547,0.5698532845323581,0.5639495690922556,0.5745170678624406,0.4070210115015329,0.5597798093406039,0.5582852446037657,0.5473414623106917,0.4058812366250791,0.3539557967133793,0.5569751431207342,0.5667900320975867,0.548920717311373,0.525881145852673,0.514222359452032,0.559475951405734,0.501157620681601,0.5332494393860991,0.5294324687983031,0.530282571714516,0.578036480031277,0.52220556866653,0.532926636614745,0.5504823648629698,0.5454221095057937,0.500331413731891,0.4230851435837284,0.5224692106977896,0.5234214525605037,0.5578898105083588,0.3337426703808703,0.4135138947196149,0.39782853847139094,0.5307450184223838,0.4545630679017281,0.5225101705037306,0.5734398655392594,0.5755646537065972,0.5862931208600028,0.5698541275756454,0.5558326188550523,0.5966337767188894,0.47104400378069927,0.4840937285543505,0.5956315043992497,0.44099138033720225,0.6126151944436169,0.5377244557604433,0.5789316667079386,0.5686763857376425,0.5831790731535413,0.56382591378253,0.5246162185556269,0.06010146794474223,0.5161218166649149,0.5403304406216423,0.548243936390386,0.44773662405945447,0.517916404673196,0.4965148208191185,0.6152483123364947,0.4608298571699962,0.5660559808631817,0.592632020929166,0.5622398481142434,0.5684165852482108,0.5666042536123362,0.5912068241170079,0.5976597950822697,0.5452703168013092,0.4551861932659045,0.49777942822050375,0.5788534293728543,0.6167065456322944,0.6038987048837255,0.40869419443634397,0.4254216265516011,0.40210068199105004,0.44792893056770106,0.15765754475878177,0.47172483191375925,0.5208243264728595,0.5545227596048597,0.5576679910503066,0.5964193625550548,0.5245883007895196,0.4946703777042809,0.4085992119090223,0.39057842152374095,0.38493468498300826,0.5263072678405916,1.0,0.5471439925233871,0.6079839106638076,0.5720544967167124,0.6017082415254033,0.6081115266607033,0.5302814479531579,0.5887206562459785,0.6038079290866973,0.5932356168416215,0.5731821131334854,0.5786515151896914,0.6117453763591733,0.5868132879901776,0.5970270219454129,0.5269840245545934,0.5683806637750904
Overall_Rating_Cognitive_Level,0.5657378547995343,0.6230375484808762,0.20259020526315796,0.5302171863422384,0.7395611630354079,0.5151366362179832,0.4987364992050686,0.6598791037045598,0.5710942692287179,0.6431848426176825,0.6988775792200982,0.7106317863360957,0.643140350151309,0.25345450323969465,0.6980641535078473,0.3143416147591402,0.6123920896663338,0.7012165815669698,0.7027894076124542,0.6941929189111037,0.6656353197021413,0.7203931334555209,0.6969663032436157,0.7000768842068398,0.7081507431400024,0.6831469475715106,0.6406173121599634,0.6979990564442728,0.6442593179250198,0.4177289460555497,0.665064147527831,0.6793391865600048,0.6375645197007428,0.6413271012177026,0.6960142708310604,0.6272912758991709,0.6600713394561213,0.6162845467900373,0.6332871738180258,0.6416221064668342,0.2692254879381366,0.659373313251516,0.6326091860796761,0.6547529904831353,0.627737120617669,0.2651899952806097,0.6037049205132686,0.6581355952380933,0.6531079397882374,0.4874652623058584,0.590413190138692,0.4834167209477244,0.5695316631572005,0.5757538471394672,0.6030238141844761,0.6642199755652808,0.42640535988292155,0.4290749160031521,0.3744113004171165,0.7003843659978323,0.6653978258488094,0.6923809827968224,0.703768921795627,0.38162313272374365,0.6983128938457875,0.6958751119596278,0.6779776953067773,0.5217467782049465,0.4628365996423047,0.6669724432128752,0.6782440457321673,0.6464912142253553,0.6340992146642039,0.6132251199707783,0.6389803036550579,0.5646660871329492,0.6882135000762327,0.6858935571267096,0.6146065148106277,0.6883290424601861,0.6590045371391081,0.6416979377041921,0.6931427107070266,0.6338050739659885,0.5959630196812024,0.5533047866233047,0.6932840872025618,0.7027387069377944,0.6369067141175426,0.46706197412135064,0.5438691918411708,0.471378862205911,0.5366231506564536,0.5805380054342036,0.6682279922596309,0.6680945288169627,0.6366647151524598,0.6845585872097358,0.6589559125422793,0.6762957359865436,0.7045750868812712,0.5483998419500008,0.5508882492832404,0.6950189045187343,0.49087347877347337,0.7009480018553271,0.6748621074232783,0.6893068182497325,0.6862795822338584,0.6944515747677613,0.6885786023374842,0.6772456925955987,0.07513709098509096,0.5813122625230678,0.6548284387747302,0.6730376037425465,0.5069334770121358,0.5827396375923634,0.5989493482740408,0.6530050880193101,0.5866538168370883,0.5956762357574115,0.6903784086439677,0.7079149787621754,0.6349531045531791,0.6555807868305262,0.6715685430806486,0.6639681481409357,0.6146844460530377,0.5376737684915268,0.6244845408943599,0.7263145295354219,0.6028803970769102,0.7536713179150133,0.4258348418953681,0.5380011082611438,0.43667555399954366,0.46774616920436796,0.15745314981306074,0.459708835728471,0.6485457307912188,0.6645025131805202,0.6436192756511494,0.6270784784868487,0.6548235300848476,0.5863399571346006,0.4610057423638581,0.4266869767884325,0.4593338810328327,0.5644511567291612,0.5471439925233871,1.0,0.6760840449775435,0.6796722696001098,0.6917834832465777,0.6990861131459601,0.6091150279660901,0.6955526361188918,0.703348279779862,0.709795465576188,0.7178152183362969,0.6896499417205926,0.6517175445170696,0.6859213295524008,0.6825417983070271,0.6712765294932064,0.7242498359330215
Overall_Rating_Competent,0.7548137857999102,0.798997604651444,0.16244911293430123,0.5851898972559666,0.7360150826549957,0.6993016022882893,0.6972742078214669,0.8068881770413852,0.7736718513886197,0.647740522269795,0.7397850509065496,0.8196932155603714,0.7745496018371827,0.2103344749165827,0.7552444557094121,0.4833403035383627,0.7776902046364523,0.7595421638935925,0.8311527888912644,0.830789317559368,0.8438558515899017,0.6638263942243605,0.7204516400227011,0.7867633313745004,0.7825432963734641,0.7938107177309294,0.7657935403282627,0.798178590586661,0.7179222964860188,0.4731688799142549,0.733978880757947,0.81648147016372,0.7692198506362985,0.7172578071324216,0.8120089903787191,0.7495553714610627,0.7977698185748887,0.7456785178098881,0.7244888742033447,0.7919748614883994,0.31633676893708906,0.8121091229662396,0.8119166701035786,0.8135089752846356,0.7427106906373141,0.20064926514633258,0.6715763965352275,0.800757719466075,0.7918705238971181,0.6866116639419754,0.7453328622659822,0.5633134426467321,0.649782961212894,0.6225975263799539,0.7584485401266199,0.7745500671908984,0.5617144279186084,0.5273604779598183,0.3663066938240408,0.7553940174216041,0.767504891095917,0.7709023256691394,0.7942693363559923,0.37223389502442217,0.7208065253942162,0.7353271304827598,0.6640746517386528,0.4507057734041026,0.3739868846437432,0.763128107937497,0.7869935635073982,0.6810607530279518,0.7431404198193996,0.6928273585396205,0.7358519678172285,0.6403615780015764,0.7313228481230922,0.7697667168436709,0.6591387572164713,0.7449193878698994,0.6533266857668608,0.6473676638552497,0.6884903310825895,0.6450524024831836,0.5377556419595565,0.47647541767019297,0.7046555838806353,0.7109382282470288,0.6621066842420548,0.5370946665644649,0.6298199682718388,0.41451084215526784,0.5163987621741443,0.5345355773770065,0.6366181665257781,0.815481993796886,0.676980338129795,0.8081810111858464,0.8341996625915146,0.7718862976019427,0.8275153886681575,0.4982458715611703,0.6198573759652934,0.8118288519315077,0.4239209204437591,0.8215556850321278,0.8112751861885446,0.8257800696187143,0.8136312902188653,0.8310739473935455,0.7471686967662816,0.775469993531206,0.13287525504609107,0.7566422964850608,0.7979082096647061,0.6865883582242498,0.45009420212776613,0.5512908115247303,0.5323459519517872,0.8385251986283959,0.5052227906395218,0.7454113658031881,0.7917561747402988,0.8024746424375401,0.7879835319288797,0.8158071915331607,0.7393437528108182,0.6837502810796138,0.5714873038302614,0.5277799911440769,0.5528014635258561,0.707697982162673,0.6522559527311321,0.7647900210124688,0.37482433758571126,0.4727282985248662,0.4085376661776123,0.4909991162121892,0.15563218497749945,0.421807589581905,0.6183779990358584,0.6279649870189732,0.7316696732252943,0.8050698368955993,0.6891639613304572,0.5734789659252184,0.46812588796951066,0.4661743023522589,0.41794982223941196,0.5736911079565147,0.6079839106638076,0.6760840449775435,1.0,0.8179151943832875,0.8344937971048797,0.832254254209373,0.7702493547771905,0.8248886010318192,0.8378389824962944,0.8537274104390234,0.7417643753696544,0.8077126021978016,0.731774991917043,0.7900411952064404,0.8027296477713274,0.7239706431744689,0.7957508647410493
Overall_Rating_Continue_using,0.6933049036129898,0.7467426052881772,0.17225218686041066,0.5622098585940136,0.743962866153706,0.6489413264286121,0.633317369480956,0.7697343478121821,0.7242076059513266,0.6697723174486824,0.7447692113991922,0.8042896778053726,0.788913279218326,0.1944474283297835,0.7474757576376508,0.457247803210886,0.743707676299585,0.7547133935463812,0.8011953512020777,0.8072036760723708,0.8250328608027995,0.665362051100947,0.7241916101510149,0.7878528947577866,0.7825785454000506,0.7867594271962528,0.7702788294466948,0.7926536520087603,0.7470684573404109,0.44858031492573436,0.7550478511704155,0.8096845645460384,0.7736001691827149,0.7444517218721182,0.8130150884027695,0.7706910905074295,0.8102358054230316,0.7510843123665227,0.7519829991760995,0.7770803147477574,0.31261298810917093,0.7883398992980676,0.8029922496854976,0.772552404774771,0.7318212203794837,0.19915935122780326,0.6589860769125347,0.7947478656384459,0.7759991839491139,0.6283215862280718,0.712883581807141,0.5808553194475553,0.6512398839995465,0.6250829174733468,0.7284079582340397,0.7713210608155215,0.5377934287414897,0.516222174165859,0.34372410816546084,0.7492658894744747,0.7569054966364852,0.7700667752328324,0.7738529265026348,0.3627246696174612,0.719402690888327,0.7426297108331122,0.6931060510045508,0.47048300351039707,0.39249733155152544,0.7591608653155297,0.7829723924907193,0.6745169150273596,0.7643213680209541,0.7254643846528641,0.7699871042718646,0.6445459956181671,0.7518248538605793,0.77921497587542,0.6679965634690588,0.7708011553712354,0.6877704465378642,0.6771064530410419,0.6921828900835889,0.6399354116844782,0.5601381070312047,0.5007035111419718,0.7254311581961408,0.7312918119426977,0.6806265484016539,0.5157444194643148,0.6187474441163474,0.4308292453437184,0.5217245970753102,0.5465677179811868,0.6352428526065402,0.81628463018457,0.6318669977862745,0.7718797777844875,0.7910173092062189,0.7714705765230053,0.818969607803538,0.5292566818180439,0.6558355300263554,0.8155517776431274,0.4344061706664817,0.8181361723665806,0.7836301230426141,0.7957509928606595,0.8121731866841854,0.819406606021153,0.7594884392447625,0.7753810972815318,0.08851074169961909,0.7377363346573284,0.7685393505125825,0.6625049100025591,0.457004136826864,0.5514436818482187,0.5694500309524156,0.7909283075097423,0.5230731742347654,0.7298620982807417,0.7870704525216051,0.7953635833848958,0.7913349293767714,0.8078888219100467,0.7305862976592074,0.6699367971663978,0.5694325746567345,0.558708488188043,0.5756286676330996,0.7217528817300952,0.6463928847550516,0.7667816679493537,0.4101022945657044,0.49021108908473,0.4170705638805118,0.49965542529215234,0.17406736437113668,0.4466203423455304,0.6317243369305887,0.6464293051923982,0.7186839496830035,0.755717041659017,0.7027847805892942,0.5588938841906786,0.4409183874219203,0.4322546135846379,0.41467132770987436,0.5536169360732143,0.5720544967167124,0.6796722696001098,0.8179151943832875,1.0,0.8317967548762358,0.7867778429515939,0.7703945695449933,0.8143703505596576,0.8351400433429935,0.8213736285306789,0.7473243099181509,0.7900304011472006,0.6899244785323014,0.7984060090216222,0.7996026905131868,0.7021906552826785,0.7765002129015866
Overall_Rating_Future,0.7213733356152049,0.7635187437910665,0.1897793248054327,0.5858864475589566,0.7477033787161809,0.6546038444086738,0.6679218773456244,0.7941792208032599,0.7372121628150795,0.6693737177911121,0.7614027132130192,0.819891107744122,0.7684299601121598,0.20799617955538577,0.76738483636141,0.46685601158194373,0.7786807447406753,0.7734874343333986,0.8138807465636342,0.8385041513506435,0.8300677539410051,0.6868297628431197,0.7462536282865864,0.8065112588364735,0.809797848937244,0.797875339928613,0.7453735771867005,0.8153872063045569,0.7550079110654051,0.45344458247221187,0.770022059152454,0.8294402139228849,0.7811010729308785,0.7509782043208324,0.8215819020719433,0.7783624212040845,0.8157105480516168,0.7558292009665144,0.7668169327214438,0.7836912063915386,0.32361329308372794,0.7948855928612869,0.7996580465220987,0.7842558649520652,0.7258695595667662,0.19484341511959388,0.6633997536705923,0.7939647261058502,0.7905762262638238,0.6446228410724048,0.7397373292549718,0.5677329494305542,0.6479439001144579,0.6368103606125919,0.7337527878606239,0.7723744187733903,0.5371557970425794,0.5260191383259841,0.3447554232289221,0.766857274061262,0.757670257390285,0.7757505694349918,0.7856379262663851,0.3618659130605857,0.7268065885009346,0.750308400604422,0.7004285913728108,0.4910553617378934,0.4109050444255307,0.8000988977068106,0.81067417305015,0.6736001395564167,0.7734035066219377,0.7341722495426489,0.766147403616077,0.6751173141595213,0.7604154865332869,0.7801262691846095,0.6945241420488178,0.7830135398048412,0.6831501252192559,0.6744887767148234,0.7026086196125234,0.6586701441754672,0.5814180966667348,0.5150481848387105,0.7427559869937678,0.7361770324592343,0.6838427076453132,0.5404477767263317,0.6304862501402172,0.46265941100319785,0.5464599587743049,0.5531294373226278,0.6479885311154132,0.843227979275455,0.6699476267161154,0.8013410184691345,0.8184011107956928,0.7808552579308512,0.8384952314651639,0.5290403975704719,0.6429476857347781,0.8114689654856865,0.44622275426535835,0.8337028012620661,0.8011937776995345,0.8135192124758275,0.8321359692570196,0.8389525076665914,0.7632978334976269,0.772842233194129,0.0729669833544037,0.740668903575767,0.7920283718199941,0.7057885003823666,0.46923512293330466,0.5827108756183178,0.573953433241777,0.8268088385202876,0.5396549713539532,0.7490180743024474,0.795747285203856,0.8102324434542314,0.8035343283222811,0.8156516041307044,0.7474724829650359,0.7071714584844712,0.5911004017000164,0.5732544307183827,0.5944403548758197,0.7351990358326592,0.6826610753909347,0.7842873417785562,0.3985521456181567,0.5066581693039875,0.42616753931780793,0.5138573688115343,0.17845043996129165,0.43620698945337694,0.6503656726215953,0.6554051707825466,0.745023480461173,0.7749590244099582,0.7168021616598829,0.5846280797720538,0.4685553959524424,0.4597727164340682,0.43714944458397836,0.5779923446699322,0.6017082415254033,0.6917834832465777,0.8344937971048797,0.8317967548762358,1.0,0.8164508310736694,0.7602488935769179,0.8325394587738814,0.8408602372325334,0.8377487593781769,0.7487621038098837,0.8002988650656401,0.7284713350157026,0.8070939334068147,0.805717320863635,0.7289019991420222,0.7977498560498927
Overall_Rating_Intelligent,0.7282721319788905,0.7759935355809277,0.18040420549840488,0.6052916546892135,0.7495453763990322,0.6566125028411077,0.6636160015706961,0.8086974844702751,0.7355533118977055,0.6556437843427827,0.751913312305389,0.8018240216751756,0.7379480433353849,0.21462047044599983,0.7560825153528338,0.44172190951934603,0.7724272869003359,0.7813032810898666,0.8165061163665122,0.8166502569894565,0.8052070851217339,0.6861486347591963,0.7424914972785126,0.7869354722775584,0.7940981941028443,0.7978200002074826,0.7135115079459194,0.8005004470028139,0.7153445219839395,0.4745672785190927,0.7519441765174649,0.8070098749131922,0.7369402498959856,0.719839342894528,0.7948871251401591,0.7181330551836611,0.7776130006051064,0.7151914779508918,0.7224950349896243,0.7603267020539678,0.2863427508407108,0.7856837391038725,0.7883802855124142,0.7868424637004098,0.7014850740053539,0.19150604077912056,0.6454004744179148,0.7890038803075072,0.7681171914892461,0.6467316043046252,0.7288175817807065,0.5409579689809857,0.6301818681389707,0.6209553506627746,0.712544076750233,0.7551867846689353,0.5340211281853834,0.47647192230334945,0.37815705213739137,0.7536753529008178,0.7540405064526096,0.7505278210190115,0.7802781775716384,0.349835190126884,0.7271607649138321,0.7348947781376731,0.6702951573757919,0.46800497581211,0.398736347059445,0.7653906922713789,0.7777272773464527,0.6727846120341794,0.7292126804491508,0.6825404918432555,0.7130639225326144,0.6494312468672856,0.7343954489747504,0.7441505951233831,0.6794215993003694,0.7551091487998864,0.6590427480824558,0.6442953007423552,0.6812438678681236,0.687067945869367,0.5812124834928798,0.48758555361456934,0.7283805251544428,0.7200483366764948,0.6704774257338466,0.5384313208358582,0.6261201182154966,0.44996390836782146,0.5514300683598603,0.5384207432393485,0.6516451162177922,0.8036908553546096,0.6583044604531731,0.8084360525163582,0.8087581837958912,0.7466857457666243,0.8079012566689308,0.514756016993723,0.6141281761830523,0.807534264260407,0.4564424049763317,0.820989044014585,0.7874698733340014,0.8202611465008883,0.808775226610367,0.8091981359250171,0.7287948174851222,0.7461465686182304,0.10804963306685261,0.7231092614751337,0.7833625974430257,0.7152217812401878,0.4613616118759832,0.5646731790226798,0.5515171649318114,0.820898538130996,0.5346663758724327,0.722650602568817,0.7921472412135756,0.7798668816866352,0.7611252180554211,0.7900763767084075,0.7318802285150835,0.6994400120287759,0.5992620409073052,0.5255271149744154,0.5804598573995643,0.7317119921865229,0.6873220438307198,0.7785209413903195,0.3832938295015478,0.4785906366690474,0.4129177037028997,0.49536489386605725,0.16143786373618058,0.4291026556499925,0.6258340095790423,0.6717416128814101,0.727579024692243,0.7585024331976309,0.6882781861301864,0.5618102070307819,0.4895169035164397,0.484959658504281,0.4422976234320866,0.6007237428568454,0.6081115266607033,0.6990861131459601,0.832254254209373,0.7867778429515939,0.8164508310736694,1.0,0.7118273029719544,0.7956591712082192,0.8385838782520185,0.82718036784247,0.7451135253297331,0.7924748586558743,0.7429576191201825,0.7822507270217804,0.7942867465537643,0.7321048933034284,0.7838172148431897
Overall_Rating_Learning_Goal,0.6695413832118844,0.7166884144677388,0.10866873436157874,0.4869280014515751,0.683736067229275,0.6210908747218491,0.6147422481721729,0.7246482382509344,0.6936889963582512,0.5965847145123768,0.6852499440485016,0.7592520241484834,0.7546881626187831,0.13509049960529196,0.7160941820803806,0.48765075660384344,0.703319215905993,0.7069731867393106,0.7500722324823362,0.7420377355000028,0.7609702077010944,0.5982755793491543,0.6580953746883459,0.7326594736161931,0.717831965250752,0.7105158651974272,0.8038874798192636,0.734910643116491,0.7041445118624376,0.462060608457425,0.6831161843638273,0.7540494225746296,0.6781107334365638,0.678161148707274,0.7348202806285997,0.7410815570073315,0.7401565292110067,0.7574929352051994,0.6941921238822112,0.7679865758457638,0.3647829707376902,0.739599191489709,0.7368424295321869,0.7394412712277426,0.768174925404867,0.11572780380435925,0.6061808528717028,0.7401862617253433,0.6914022566288885,0.6012963458032514,0.6840567937192378,0.6369686439990796,0.5811170190392572,0.5720056719033281,0.7592504642708725,0.7060213655821389,0.603588074411642,0.5633873148718646,0.30388605575631444,0.6659151974609702,0.703786819476494,0.7560879565594464,0.7340085568712031,0.3418799298290401,0.6787686850210904,0.6867788415287736,0.6484970094403926,0.4406561995279489,0.368911051627122,0.7093468364555684,0.7315770983455971,0.6681640977414226,0.7388920841310042,0.7073162699642223,0.7298266752872915,0.6167616871237578,0.6962861223187151,0.7474778130194617,0.6226736329657774,0.7165687446521161,0.6435421552065418,0.6424398058815393,0.634579981210844,0.6262173704012651,0.513241447306824,0.48492507624200565,0.6590504227212826,0.6721532237728691,0.641989343686485,0.5174182706831345,0.6018658158174885,0.3555303693759646,0.4731993349792804,0.49248301167826253,0.6064991170958551,0.7483704627005621,0.6252078773564643,0.7032355017490423,0.7607319536209995,0.7602272273090792,0.7596202177772358,0.4782419371931187,0.6011180988941134,0.7540348498159453,0.3785135504338149,0.731020276454378,0.7621361774890496,0.7266215006161919,0.7312812611084828,0.7412110937223084,0.738613923797355,0.7744561018431712,0.10590196975857061,0.679731227573875,0.7256705806754475,0.6265295445807259,0.42185795756982,0.5280402285125141,0.521284455793184,0.7479667206199505,0.4472904679127314,0.731935175868693,0.73531380706312,0.7538184884403739,0.7265624121727964,0.7533883944068382,0.6694230752079526,0.6269831047141806,0.5101042093693428,0.4980377918446102,0.5203952769751657,0.6704843812036676,0.6219451023423391,0.7002328724107987,0.3342003644043502,0.45287612574155334,0.3776603024808004,0.4640259087379513,0.13332115406650463,0.3850640934174178,0.5920032982699387,0.5803272443425906,0.672342539108898,0.7117892750077237,0.6548965176052501,0.5597756805064332,0.41724689337768756,0.43059359173389855,0.3803421430617375,0.5043219201561375,0.5302814479531579,0.6091150279660901,0.7702493547771905,0.7703945695449933,0.7602488935769179,0.7118273029719544,1.0,0.767492723918792,0.7602990813386264,0.7559649276245635,0.6792748409892105,0.7543230163409458,0.6319405861080769,0.7127550647132813,0.7387271401555007,0.666090610057529,0.7079641786055123
Overall_Rating_Learning_Objective_Achievement_Effectiveness,0.7101059486797023,0.7691637135323859,0.17910163319681424,0.5742228586265764,0.7624972673454304,0.6291471457919353,0.642734462993427,0.7785014073770462,0.7255035984546506,0.7079802751181365,0.7904809798916516,0.823452678187745,0.7648165242807781,0.21124310004869565,0.8008106575925998,0.42038173510372284,0.7361282404205156,0.7785070754289749,0.8267113599805751,0.8185437254519715,0.8125222983419284,0.7230400975361625,0.7641784801173964,0.7976663307396494,0.8095943152679564,0.7895150761533654,0.7623560517325393,0.8150212199199611,0.749301998029488,0.4861817635266789,0.7636570430700833,0.8153163679417266,0.7566422385863206,0.7540400279824939,0.8191768516351897,0.7685391465716404,0.7886518627039064,0.7462055483519809,0.750100734135213,0.7744426676529881,0.31747763405063034,0.7700731021123809,0.7678738649709799,0.7749146879939454,0.7470582998354666,0.25063297440889104,0.686293498365901,0.7882422387321553,0.7636905868040496,0.6184380544532214,0.708865310863239,0.5747633448613626,0.6509142781082495,0.6408343925657877,0.7638347288067513,0.7625718494867084,0.5536011296748236,0.5353784864449302,0.3572079117899338,0.7646312891404693,0.7669843076831623,0.7981061654109017,0.8063685694326181,0.40056527205985404,0.758630096616924,0.7651298112389789,0.7276624739886762,0.5239077306666965,0.4440420267248486,0.795973538313432,0.8023919858126092,0.7066147011186324,0.7504134505586463,0.735938339735359,0.7506066733099264,0.6823755552260393,0.7726547941090617,0.7774612166678606,0.6872379469331492,0.8041213360844196,0.7054982098314727,0.6912452789545187,0.738407639256794,0.6895247943789168,0.6161217726989037,0.5532024247259311,0.7432517168810735,0.7517680569437803,0.6995446299806511,0.5621861977930376,0.6686204947837859,0.46620420634704596,0.556567380707387,0.5902213474859058,0.6819390508800747,0.8102836017326098,0.6810882345860653,0.8023384286398284,0.824464671816965,0.7832374878235169,0.8526250921253881,0.5889052828992255,0.6457631232144335,0.8178596224745304,0.4637517507577176,0.8333068909106962,0.7992949011693582,0.803872349057659,0.8216257327424765,0.8168149050781774,0.7788484088262583,0.780389587124935,0.10377092361009452,0.7036461388252809,0.7913745235259313,0.7332467198323341,0.5175402492552407,0.5802988812990525,0.603526650616087,0.8048860172619293,0.5667799207257876,0.7547654261521268,0.8188098102555575,0.8070963603907872,0.7757547554934682,0.807573103920958,0.7515324127252901,0.7153921729129569,0.5834717111445226,0.5815458561496699,0.6211100624098281,0.7520355485981756,0.6755559698357398,0.8100757264426373,0.44023460613716625,0.5454722339202939,0.4811217863228977,0.534968308724374,0.20588654110648924,0.4789981713922562,0.6893577451594416,0.6827454769504626,0.7418949939343852,0.7541260504591664,0.7364829778346712,0.6184887113400436,0.46264197272643587,0.45709299155174327,0.434405911845316,0.5795935713827888,0.5887206562459785,0.6955526361188918,0.8248886010318192,0.8143703505596576,0.8325394587738814,0.7956591712082192,0.767492723918792,1.0,0.8310689938331651,0.8256847524047292,0.7729584745937209,0.8194504712878685,0.7270302952411091,0.7926710543715481,0.7913348828256871,0.7419582834792625,0.7987605639731804
Overall_Rating_Overall_Quality,0.7326228294606802,0.7834250533632057,0.19287423225036301,0.6105961997238549,0.7574618933808648,0.6660309633492247,0.6798041517104078,0.8035861458065177,0.7514403478072362,0.6986632475161454,0.7667277112697106,0.8170432664179669,0.7727278034791804,0.2059421389366703,0.7770926920342747,0.4524434528562662,0.7713584177361744,0.7914861966018945,0.8244479382652262,0.8477096615271916,0.8392105267598322,0.7003384548868168,0.7516613484320357,0.8140266704114287,0.8092171003163273,0.8113550925245553,0.7675735775760314,0.8145171886999001,0.7452589731362044,0.4735174212360225,0.7565644000137954,0.829356862993513,0.7847840984824879,0.7387153084059869,0.825031161236899,0.7666484485852535,0.8184917919897107,0.7519782464590481,0.7525202538047217,0.7946155071754565,0.3063513970716415,0.8137442243348499,0.8059107579519351,0.8024500245940254,0.7221377113857583,0.22781609594776134,0.7003877639401896,0.8117857974102639,0.8009807803922334,0.6645026196978692,0.749804747570254,0.5643134303098128,0.6722032563645175,0.661718612639867,0.7537246592369973,0.7886343135021763,0.5496823318292622,0.5167387315047407,0.34373098717359674,0.7702500291721484,0.7822020773583218,0.7873617751975978,0.8121454812992984,0.4023980814423877,0.7312523319378333,0.7464036832184703,0.6958315999309855,0.4902493335451404,0.41487182709213843,0.775099697579524,0.7923619565317843,0.7067607202540904,0.7530994044954197,0.7203435926381165,0.7499991092890965,0.6586205132385775,0.7401649691050103,0.7654888152476514,0.6843503194572191,0.7848344674273254,0.6870378823819407,0.6843711183511014,0.7259838724238331,0.6770195483863704,0.5775127209341494,0.5136872182973492,0.7259272603032735,0.72764649977878,0.6897428452462759,0.5281971127126168,0.6401885044424948,0.44090852887094545,0.5506383545806472,0.573915010198567,0.6677730379933668,0.8338999561411733,0.6740893015575037,0.8034951798035245,0.8339838928140935,0.7691224527378752,0.8321648186042869,0.5518047081572146,0.6533463576484776,0.8287317933894489,0.45441087040630823,0.8323329559908414,0.8070223195068281,0.8225144704570615,0.8439657908706246,0.8373595801378108,0.7661483246703021,0.7743115048282219,0.08296759293999285,0.7580630497144691,0.7864516316062925,0.7066627386167681,0.4846180054904107,0.5806527394275978,0.5820059164143612,0.8305487414979936,0.5512500481706002,0.7581125410598262,0.8302979639026368,0.8072160501957443,0.8124701574086012,0.823137188421823,0.7626971839807769,0.718475431078764,0.5928299897574069,0.5733855911146846,0.5851586304473145,0.7396089302519416,0.6937361250992551,0.7889911291222532,0.40472519250974714,0.5089725091786255,0.43241516438438443,0.5216352977887173,0.17303648235026123,0.45676243251501175,0.6503043761923503,0.6758558942780994,0.7269497449000126,0.7867391400429097,0.7320744268415813,0.6011255024110792,0.4724758785807633,0.4648416802066281,0.44024452125778085,0.5825497242447798,0.6038079290866973,0.703348279779862,0.8378389824962944,0.8351400433429935,0.8408602372325334,0.8385838782520185,0.7602990813386264,0.8310689938331651,1.0,0.8526144203350273,0.7629326638690439,0.8066668421234445,0.7534383098477518,0.8164891782137033,0.8193648527321813,0.7273225528151004,0.792415858089207
Overall_Rating_Overall_Quality_is_as_good,0.7310110518771832,0.7766076405641331,0.17749896660590167,0.6073138136854943,0.7573464326311031,0.6626505941488788,0.670481544592159,0.811335334832518,0.7454418699767328,0.6852982869912042,0.7859435716508423,0.8310985872929897,0.7912311059317486,0.21510204723394438,0.7843497571779469,0.45833611970017374,0.7772680929046952,0.7878728959918974,0.8226501919100103,0.840709499671253,0.8193193648252944,0.7101763386626306,0.7335460651871853,0.8207247678786425,0.7999954872666014,0.8005786634174599,0.7645675954102353,0.8288360382922869,0.7669153524183019,0.45271324577513006,0.7746332681392128,0.8276985828016137,0.792522431395342,0.7488385245269953,0.816029980480135,0.7862193818406595,0.824557351405338,0.753339750419559,0.7650527889373134,0.8005469580942769,0.31213084655619816,0.8160080002934693,0.7924399067438266,0.7860568788231402,0.7358816958843334,0.22896613334508895,0.6879134827339853,0.8063518111806663,0.7866849048563506,0.6499062864450444,0.742112932327436,0.5942488527046544,0.6715487673111334,0.6516907906050698,0.7431061062610925,0.7727817917167255,0.5731264330213266,0.5405600017778326,0.36921093024065343,0.7768814078084786,0.7656858486033327,0.8013091921553208,0.8029993694676095,0.39681148426582286,0.7423966228472936,0.7652855822863962,0.7121084147177849,0.4997222362729214,0.42567614111496815,0.8038045758311231,0.8080706976259473,0.6990185307301297,0.7753315692425741,0.740912637838163,0.7713611434103209,0.6681018499410785,0.7602678175907168,0.7776748544715214,0.682814731849367,0.8019051053155097,0.6959033350619898,0.6867575757280792,0.7217679114032292,0.6784477610193171,0.5989745999121856,0.5308921142074531,0.7358259580903952,0.7434409647103047,0.6972514707071444,0.533717315242668,0.6263548448587989,0.45134164588167797,0.5390029223062359,0.5771281972232332,0.671410342308186,0.82166691843806,0.6693389280476866,0.813667580681661,0.8245552358192327,0.8074292587278188,0.8406680248948923,0.5515560962963411,0.6571281784711768,0.8234091386524212,0.4598081080393832,0.8370685503036871,0.8118288397823638,0.8165176068204792,0.8346263424330848,0.8392583894508517,0.7814320146971896,0.7819098694443607,0.09183998633822006,0.7358460720531085,0.8008318104901954,0.697882687501254,0.4803157624235345,0.5892883720370461,0.5777425958850054,0.8263007195232877,0.554662724125351,0.7443898688265211,0.8077804517939638,0.8001272371653452,0.8011617754599911,0.829568641118055,0.7555133581233587,0.6915967718567085,0.60904603393116,0.5745404131727568,0.5971387129358148,0.741562326902735,0.6778933917434922,0.7872972214711595,0.4099457678126144,0.5198432852903027,0.4434012438011756,0.5189778898478862,0.18991773106773785,0.44411099659353526,0.6552273784678897,0.6717663194825457,0.7567949638386249,0.7858150917804558,0.718265929733633,0.5935260696544228,0.4602486039920749,0.46248758826087694,0.4415314329304012,0.5713608046357144,0.5932356168416215,0.709795465576188,0.8537274104390234,0.8213736285306789,0.8377487593781769,0.82718036784247,0.7559649276245635,0.8256847524047292,0.8526144203350273,1.0,0.7682909903811359,0.7953499469168579,0.7352184347302417,0.816480012865734,0.8094295843614573,0.7545615339848067,0.7986503562779024
Overall_Rating_Questioning_Effectiveness,0.6287323486415022,0.6688864529319205,0.21020929279779055,0.5500732505493673,0.7549737847286382,0.548440188685632,0.5691092849234561,0.7006238184582921,0.6356594640785989,0.7762084848744096,0.7849993816860724,0.7404111131896081,0.6880647412914521,0.23766079497673306,0.8012593627237072,0.21416090842207627,0.6267024804358966,0.7698412770000307,0.7282903430407813,0.7538407448207204,0.7177772197539626,0.7960837562094218,0.7450101399875592,0.7777102555464397,0.784696041892948,0.7183239450729686,0.7000189823720363,0.7709352592075395,0.713174189297478,0.39468765734868994,0.709713056890642,0.7546918862043339,0.7072147400797166,0.6958862504513947,0.7334241736488087,0.6998773512447072,0.7240012696764369,0.6810402744589451,0.6836894487773881,0.6896140240668017,0.2654723220487683,0.70200285797912,0.6864354190219594,0.6878005263758712,0.6566097792923565,0.3067865755455366,0.6778422982108051,0.7145461065792394,0.6968617445214192,0.5364705479431487,0.619039653340105,0.5195732392840401,0.6138258312583244,0.6264437292611803,0.6742398984992487,0.7000920224296105,0.47401121528797246,0.48271980091645394,0.38025500562702375,0.8075543793643609,0.7254949685208889,0.7798520162458481,0.7812339883577125,0.47882779428794503,0.7609659699137047,0.7883692830044745,0.7784956101013408,0.7003471584778708,0.6461896613154098,0.7470825614187809,0.7465825082558539,0.6983052035623633,0.7166731541728582,0.6911626754348084,0.697626483933633,0.6534291929291172,0.7518890837514134,0.7204166279887487,0.6677407188910158,0.7718779971833063,0.7697036350929805,0.7541046760135869,0.7840754850706638,0.6979963575726593,0.7209488284770498,0.7061455620746968,0.759615089306667,0.7525607015975921,0.7202467545918345,0.4392695280252685,0.5372229225268957,0.5504301152267365,0.6390946077135646,0.7271669972898545,0.777181578521107,0.7272061428165891,0.6806293069656726,0.7400630587332576,0.7228201465373676,0.7633854827858126,0.7758601598546921,0.6746607387577863,0.650356554944653,0.782445985301457,0.5256840308336787,0.7907290370508582,0.7375267791874449,0.7332737607684986,0.7414971894094782,0.7473386585360894,0.8027369060076811,0.7415308940493105,0.034597433702098404,0.620982123586535,0.6957720441266194,0.7309929832074129,0.6448427515148981,0.6097545651842353,0.7042790394948196,0.708561541260983,0.7116970887437186,0.699166365247509,0.7726143084804376,0.758633726918933,0.7143226517629537,0.7284763629624447,0.7186255402849023,0.7520968933502299,0.6510146630139618,0.708408947468743,0.7666960313403858,0.7813969813584457,0.6642582266593232,0.793309942409917,0.5578932529036478,0.7214837645415516,0.5543725080694106,0.5566415594883753,0.20382789729291756,0.567412097860798,0.8050613761925783,0.7687626584208631,0.7140983854187761,0.6816169441634083,0.7742954482878011,0.7242613016927562,0.5022849762217202,0.4823611846325503,0.5144611557706367,0.6008852018785757,0.5731821131334854,0.7178152183362969,0.7417643753696544,0.7473243099181509,0.7487621038098837,0.7451135253297331,0.6792748409892105,0.7729584745937209,0.7629326638690439,0.7682909903811359,1.0,0.741304160018604,0.689107563356967,0.7405330139435498,0.7221635210342985,0.7342225293989154,0.7646735973077275
Overall_Rating_Simplicity_vs_Complexity,0.7126118319943122,0.7785583827379524,0.15626673876844563,0.5582441186235748,0.7483523515289074,0.6323314861566833,0.6420123964700754,0.7864477861805456,0.7207210723878961,0.664586420707835,0.739073782699678,0.7918957037635255,0.7627344006903006,0.19282355501659532,0.7642545536461589,0.4426121333548228,0.7297702957729502,0.7515570573158644,0.8223492362590392,0.8083668528227812,0.80556388521445,0.6930298589141033,0.7315400989697104,0.7864398902430746,0.7790332672353452,0.7680069418193558,0.7676607378341497,0.7922996147347782,0.7221924899258618,0.49785508679593277,0.7300332919559874,0.8007111308830627,0.7081179477785123,0.722617903201607,0.7781097306556485,0.7348312814624038,0.7696161408930704,0.6866398779217865,0.7029880449955044,0.7509117840939028,0.3171092429303812,0.7812081877858952,0.7738248817627943,0.7748520561559281,0.7424611513896393,0.21338561772468148,0.6759649902407253,0.773352643488548,0.7191712253095899,0.6144906938313557,0.6810590087622014,0.5446983487482586,0.5907665101115692,0.592346524063461,0.7441082243465276,0.7492943587022103,0.5592300616752269,0.4841682035174616,0.34281763206578514,0.7379195373274288,0.7632720781617651,0.7760345299876196,0.7792277422262682,0.3687611274785816,0.7623549260192339,0.7397006823614068,0.6901144693315386,0.49082654202614695,0.41224965412110365,0.7502338198227588,0.7761159074493562,0.7008175788867046,0.7260601796432763,0.6850421971485197,0.7097674525691762,0.638845965113411,0.7537281715961291,0.7612163648206648,0.6420396070109294,0.7650707715738925,0.6860718981207744,0.671196342450233,0.697188216823587,0.6541515117752636,0.5842916591660746,0.5083552929866475,0.7272103633118496,0.743575270332178,0.6703993236570234,0.5759223528073609,0.6561282542986202,0.4453289882145753,0.5331453806118496,0.5627910383254563,0.68882774842807,0.8012261978098899,0.6764944016439086,0.7856909700146398,0.8118964893128722,0.7602229754697563,0.7944457047852631,0.5462363309153931,0.6195474864893954,0.8139940077477815,0.42324487094830315,0.7944852504065147,0.8083071283542888,0.8162529779959412,0.7847947378966551,0.780129188905982,0.7400659848479494,0.7797420005774841,0.13524107648264927,0.692875118110192,0.7968050965855006,0.7118982539031652,0.4723203405243628,0.592366045159281,0.5722022559147701,0.8009802425892475,0.5314244297372623,0.7425233174574287,0.7897029665408787,0.7785636607587242,0.7691895599294198,0.7972593651490122,0.7254665344055129,0.7052428014277525,0.5740969760953717,0.5534314612479353,0.5916300475628199,0.7346788207075988,0.6705285163943083,0.7957700384301285,0.3811793030199212,0.5085344090602809,0.4150171995357862,0.49838908913626523,0.16373251821511897,0.44143896482168143,0.6519537672428088,0.6611477776723788,0.7302137702921344,0.7497862791226677,0.7006200387358672,0.5719956539115236,0.4415756941354646,0.4631801742410213,0.43415367016869194,0.560145199872061,0.5786515151896914,0.6896499417205926,0.8077126021978016,0.7900304011472006,0.8002988650656401,0.7924748586558743,0.7543230163409458,0.8194504712878685,0.8066668421234445,0.7953499469168579,0.741304160018604,1.0,0.7121039528643289,0.7570657410398964,0.7852517580815694,0.7339095044728136,0.7595412255137702
Overall_Rating_Source_of_Knowledge,0.6855445237133843,0.7078556984139331,0.20505494294907906,0.6151810420535789,0.6928875993076533,0.6121673658257853,0.6449434044742625,0.7366879386066835,0.6868313947661575,0.6744444765251666,0.6828970612735921,0.6852414292498462,0.6438138175755436,0.23002916033905296,0.7048590713033943,0.3172603649961801,0.6617556311531918,0.7241655496180027,0.7169701562807719,0.7356923246602578,0.715940252653225,0.6726151447607137,0.7065810283917418,0.6966124745002951,0.7126561405231424,0.7193779951475858,0.6181881221375971,0.711190310074455,0.6437470069439896,0.3948083977893697,0.6577876676925213,0.7078327694055814,0.6639450364110764,0.6584914051467613,0.7177947030009644,0.6596692040765743,0.7073536894145196,0.640363303275647,0.6284755338811596,0.6750868769698551,0.265244441074339,0.7004294233729014,0.6711552155933114,0.712693705431467,0.6247840953583705,0.279258609540358,0.6395026801451853,0.704832360657834,0.6894818559755566,0.6133480859775937,0.6334060521152932,0.46285690370251215,0.6030985572674342,0.6184396365321472,0.6497508494182122,0.6887209481453073,0.43902163186687015,0.41658561717716497,0.33774739420742667,0.7108550528912483,0.6918009496428784,0.69062455472762,0.7140389786182423,0.40945250241056314,0.6878366967481125,0.6793090285703337,0.6289531759702851,0.49737477621412846,0.4466535034921379,0.6858199705229074,0.6861539236130486,0.6518127746507895,0.6405046282127193,0.6208232985341489,0.6449584724379969,0.5924946016665016,0.666030979744929,0.6555893051781382,0.6083810169759465,0.6826010911230601,0.6300639833494647,0.5974441334801343,0.659721970902058,0.6694556927602524,0.5911478577171055,0.5050828433136129,0.6665685528913299,0.650627157179177,0.6272731245443136,0.46219106425829204,0.558293707756375,0.428569046309626,0.5496879780656238,0.5883400091401791,0.6527909177002349,0.7022577348499175,0.6528951757329794,0.7126685834911938,0.714346840045035,0.6697534746909851,0.7249664359279985,0.5472772596620354,0.5607461336101088,0.7182933327667053,0.4552619201729435,0.7485741132523722,0.7051190367385982,0.7337431984306032,0.7005618113254306,0.7127453848242233,0.6627567327993115,0.6494750032141312,0.08727650426171218,0.6117452714056487,0.7008139579572302,0.688340825403333,0.5185990692086805,0.5756330162727878,0.6008727547471518,0.7286709399018497,0.5698581375366626,0.6481794795769098,0.7242543080603826,0.7036385719557111,0.6627759784131818,0.7024777664808516,0.7191241492598054,0.6932804853845311,0.6184138674278802,0.5617594147130294,0.592431238401139,0.6842116692598876,0.6901973972747063,0.7273723391258238,0.4206879536087757,0.5043191365063269,0.4353925185700104,0.4717711854030436,0.1763511706045671,0.46536519433912193,0.6288433861834246,0.6880040927123985,0.6835978745588224,0.6823918720021388,0.6677700984645378,0.5944027643254631,0.47410355272715116,0.4553267630372387,0.44950603767515296,0.5915544745606943,0.6117453763591733,0.6517175445170696,0.731774991917043,0.6899244785323014,0.7284713350157026,0.7429576191201825,0.6319405861080769,0.7270302952411091,0.7534383098477518,0.7352184347302417,0.689107563356967,0.7121039528643289,1.0,0.701406388682227,0.7109203321490062,0.668672463482816,0.7115610358059977
Safety_Fairness_Agency__Care,0.6593753888011538,0.7108882158493104,0.18884931680629688,0.5709047481972578,0.7390223750778369,0.6278504065008262,0.5919138014595278,0.7665990099431202,0.6968005251033734,0.6847657835825743,0.7528814896073264,0.8137744326271523,0.7617341929225162,0.2189949154717629,0.7648055314680197,0.44452920828326337,0.7293385653855498,0.7608248608878961,0.7634303515186023,0.8019193220560987,0.7807444822462524,0.6966082078195907,0.727647865074403,0.7965889152071636,0.7889039387387983,0.7663432131338962,0.7409819461642576,0.7927380184471289,0.7346090983045764,0.42339162467780994,0.7492564641460357,0.7767476775392238,0.7606470988229126,0.7276235198408156,0.7954634925450232,0.7591250794757598,0.7916175507905668,0.746798674241398,0.7421837246860683,0.7606916882431675,0.3205676401027432,0.7822157576987264,0.76121344550338,0.749978790388158,0.706552363341837,0.2594494940544659,0.6831548714061431,0.7650587346029359,0.7704837261616937,0.5976205665762209,0.7041671615100544,0.5795302511266882,0.6364766927176059,0.626179487396183,0.7221912662020958,0.7572321127031612,0.5382614861575448,0.5436482093289154,0.3702793771879416,0.7462992125250599,0.750221012368929,0.7578593266476378,0.7700686336484472,0.40018217479277696,0.7129184717717988,0.7448833417106172,0.7113848960526523,0.507285333590291,0.4280282259560768,0.7620690118918235,0.7785992624861943,0.6887989345441525,0.756919174479403,0.7124596842830774,0.7471977187963261,0.6332804284565082,0.7344340755115685,0.747775832403322,0.6590634782934566,0.7862310929005744,0.7056241762598884,0.6936850465119999,0.7218147358839057,0.6580301150800427,0.5875595260193598,0.536900938188787,0.7276146142662011,0.7285466367956764,0.7036979247532714,0.4872614547519098,0.5936324226996731,0.44584336694749216,0.5389329734441719,0.5950102883053184,0.6589159446227022,0.7743742988779196,0.6537418316745937,0.7756357297360941,0.7637949227415132,0.7764737710056038,0.8046882054373401,0.5699746451974176,0.6477817091320436,0.8040788806945546,0.4653210610999863,0.8054193505306286,0.7588764682742021,0.7629862605479345,0.8014744405718724,0.7879276976599108,0.7620353482370625,0.7517311122238769,0.06539378924931175,0.7210325357807007,0.7487550234823767,0.6697368740935867,0.4921393362313517,0.5604702858794723,0.5806776672967248,0.7686110971712266,0.5508686715916116,0.6945690835775616,0.8144124900446895,0.7821120951154049,0.7360534469223943,0.7672425720045802,0.7681923098316548,0.682460564360275,0.5994143057781423,0.5806092268095142,0.6125808200766469,0.7484293627612055,0.6482386071211986,0.7768879469101276,0.4273730082691818,0.5227490827056932,0.45140261581030616,0.5021105843457222,0.18471739382553581,0.4642878153176456,0.6556877804319489,0.6522347506247388,0.7109134514415555,0.7374092954569046,0.7093963327679373,0.6147222129757735,0.46889882840109776,0.463388210007117,0.427469346342332,0.5740221411432956,0.5868132879901776,0.6859213295524008,0.7900411952064404,0.7984060090216222,0.8070939334068147,0.7822507270217804,0.7127550647132813,0.7926710543715481,0.8164891782137033,0.816480012865734,0.7405330139435498,0.7570657410398964,0.701406388682227,1.0,0.784873087483206,0.72388497494818,0.7699793973074184
Understanding_Learner_Goals_Helpfulness,0.7118644977179194,0.7572911151700897,0.15693262945924988,0.5706900048370062,0.7371595265144115,0.6554321204424962,0.643651850279524,0.7884659425831421,0.7308544829035858,0.638733677621447,0.7232914646456131,0.7810005792846658,0.759626937987388,0.20112060370945628,0.7523486221686405,0.44055889317413455,0.7448650150636094,0.7437191179144429,0.7792445143895749,0.8176480345688301,0.8142700795243432,0.6685630693688945,0.7133538853187378,0.7877672718887337,0.7720668069631118,0.7736718895759646,0.7210636738243115,0.7721704854379219,0.7098029321349891,0.42739956616782554,0.7300980495765861,0.782389724744335,0.7496314128353359,0.6874340739684314,0.7929922522854624,0.7366614800277771,0.7892705181261982,0.724512586004422,0.7052403423385797,0.7659578109965186,0.3160959988037817,0.8141360988485503,0.7903582772891065,0.7840145074662611,0.7157153869597427,0.20747021698153637,0.6592004386391699,0.792465010102754,0.7746915217815354,0.6459290830951735,0.7293054308073347,0.5487462572487097,0.6235279476777711,0.6101795006766813,0.7225025346511553,0.7574141803810529,0.5416124494638064,0.5036599521226036,0.36386135835177724,0.7347525561558436,0.7485506012733351,0.7708412223816035,0.7559851832045383,0.353679427466608,0.7152323395909532,0.7201868697179571,0.6790546867092127,0.45415642179077814,0.37216223826336065,0.7384966977326571,0.7556218837246033,0.6562541064133158,0.7207668146156682,0.6818090922208628,0.704610616856499,0.62417519799686,0.7095980858220042,0.7335111295636472,0.6435187766704836,0.7448399101712802,0.6679906111939269,0.650501480958358,0.6750507285440283,0.6641468519050848,0.5529342931119702,0.47453238847525636,0.685509381994599,0.6898906667639968,0.6778773145185814,0.4969889207001989,0.5988919861486321,0.40000346137080306,0.5148226937423843,0.5299276585122533,0.6403820098123049,0.7811211335035924,0.6382042334640179,0.7920096006733736,0.7846503421773686,0.7511410128125696,0.7975910194404613,0.5067591770864488,0.643869062934971,0.8094672194503577,0.43161534161697745,0.7991437774485142,0.7814817568360432,0.798099494748571,0.8018495230724737,0.7960145778929822,0.7327005042919673,0.7520552544313633,0.0640307308282799,0.7405065718097384,0.7584094792920227,0.6683358602492023,0.43492061957184425,0.5529690848807738,0.5327844383298902,0.8043223740268469,0.5064895379615845,0.7253069432467502,0.7943011100950094,0.7906490882251396,0.747941613011437,0.781506477948766,0.7268831462276953,0.6841031763122714,0.5562261153965059,0.540245108433611,0.5616164030632623,0.7136122889590443,0.6547087119628349,0.7764957424347939,0.3731838050854964,0.4656514370758254,0.3934156555017087,0.4792633410736322,0.15787747267580374,0.412620234506385,0.6017136363464594,0.6365611516295618,0.7164873740246115,0.7653851475772623,0.7010103912227538,0.5547561050207669,0.4628501728337429,0.4453426509924536,0.40742438664920316,0.5895258317104324,0.5970270219454129,0.6825417983070271,0.8027296477713274,0.7996026905131868,0.805717320863635,0.7942867465537643,0.7387271401555007,0.7913348828256871,0.8193648527321813,0.8094295843614573,0.7221635210342985,0.7852517580815694,0.7109203321490062,0.784873087483206,1.0,0.7104286136148791,0.7733497432356257
Understanding_Learner_Goals_Identifies_goal,0.5927496375280742,0.6456581986387405,0.170197192759213,0.5579346754513484,0.7185846340557123,0.5233375010568561,0.5220301187112152,0.6929926152630517,0.6183311255506803,0.6677247195159253,0.745600223135389,0.7458091983321617,0.6907728130701777,0.20644047073258534,0.7403506999500248,0.3586908170904805,0.6491769015358028,0.7616325958043217,0.7429489772978993,0.721289561272748,0.7089438207660036,0.6964455571798353,0.712735646022288,0.7457176141308025,0.7588113977073561,0.6948248598987481,0.6719642338215601,0.7396016657548709,0.693370596639171,0.41229594134374214,0.7071910300293466,0.7242451777097304,0.6821875706778874,0.6787133241396414,0.7042371159880179,0.6931079052971459,0.7054974034281755,0.6654186269075323,0.6776317193202607,0.7020301333649468,0.2665763861131872,0.6866833394677692,0.7038466768119812,0.6894286047732661,0.6635915951018388,0.2195597498554507,0.6089244155785583,0.6885225787104549,0.68960675603487,0.5062183020265867,0.6315232071546858,0.5247766565786938,0.6055120845368719,0.5821455218497071,0.6721273141346172,0.7164577483451235,0.47739355815628776,0.49663630070968656,0.3638808366355959,0.7623395589240975,0.7026230296166439,0.7232551689841649,0.7588999210814111,0.4023535870411427,0.6962926571658216,0.7149927232522585,0.6912385197566759,0.5232278931959813,0.4687020108834068,0.7054784892803381,0.7242073956859164,0.6778681740859418,0.7013755143329128,0.656536272709875,0.6737250364898754,0.6072981895807374,0.704556972376652,0.6956430480071873,0.645340451969895,0.7217209562121679,0.6903372855977481,0.647822071415402,0.6896350050474996,0.6643854259503714,0.5966762693778701,0.5559128218370223,0.6812641348195175,0.6950833978270279,0.6733826917001295,0.4568192738943821,0.5262376753402327,0.47680755243127027,0.5446903439298327,0.5960004957670464,0.6545733402560132,0.7151253922246152,0.6390271760279552,0.7224420439852326,0.7119189358547245,0.7179733312322011,0.7516304667885455,0.5736190131027077,0.5805349003127317,0.7296225046475654,0.4432802528407474,0.7663086923386337,0.73592101245085,0.7227902159228209,0.7246900816123136,0.7403258091989384,0.7219799620250256,0.7209813540780969,0.04056494422249114,0.6308603819777843,0.7067102983081666,0.672576864006374,0.5055882447856473,0.5509608272086821,0.561017199700309,0.7028677814544286,0.581675290088687,0.6694580958569678,0.7485266359974413,0.738710533103236,0.6780447349725203,0.7191029144448613,0.7022442966472765,0.6545165458360308,0.5663660995357033,0.6027618567492463,0.609165718468613,0.6966232984699773,0.607373931638253,0.7362048648510946,0.4201863647879998,0.546586135150205,0.4539481319517091,0.5161226029863234,0.18217787877823002,0.45128196712020635,0.6465412041829828,0.6705641193090933,0.6878978526540174,0.6640970298922215,0.6656015718847026,0.5989927833187751,0.455463768923127,0.44181676201564013,0.47633018556207574,0.5643630190396813,0.5269840245545934,0.6712765294932064,0.7239706431744689,0.7021906552826785,0.7289019991420222,0.7321048933034284,0.666090610057529,0.7419582834792625,0.7273225528151004,0.7545615339848067,0.7342225293989154,0.7339095044728136,0.668672463482816,0.72388497494818,0.7104286136148791,1.0,0.7495428874367511
Understanding_Learner_Goals_Question_Relevance,0.6701443431392159,0.7212631708589533,0.16277323461345666,0.5572583937496652,0.7731085687003892,0.628278460886429,0.595879481073867,0.7688517034961577,0.6953534953351851,0.6800246233773857,0.7519442527060313,0.7803244023765651,0.7277729167883981,0.194419728258195,0.763920242758057,0.38407642205790554,0.6929075590964243,0.7575294771262959,0.7880419670008533,0.7879020539644346,0.769330258694376,0.7183678881390729,0.7274664105871246,0.7699982563082717,0.7732792693535191,0.768879539974948,0.7124376728840165,0.7809736335809285,0.6916967797524066,0.43786018744038896,0.7317330802265044,0.7742407891754693,0.7304080206638811,0.7089971987142649,0.7663539713981777,0.7152136467005027,0.7508947497133904,0.7006848342319655,0.6883855312487333,0.7404239583723528,0.29593813504095645,0.7649757328945321,0.7472898362515745,0.7655669660549335,0.7020397976787524,0.25495783428760443,0.6411652282023588,0.7665423868565702,0.7254709791417643,0.5983382957766645,0.6757724540612751,0.5433742352140238,0.6052929654574403,0.5990705096093781,0.7255511620247849,0.742022321400861,0.5235984815435627,0.5119101672002753,0.3671882178688671,0.7507678580482314,0.7508223388475348,0.772159788837796,0.7796643501405762,0.38251599984862567,0.7254323816253045,0.7389610809470661,0.6919720038335377,0.5089948199860688,0.45280107725411767,0.7395425785844422,0.7568663323199668,0.6811659129035922,0.7116879259444716,0.6783358400779705,0.7105384886889403,0.6246379267133629,0.7256634680073687,0.7290856037612493,0.6456253605315793,0.758022955736428,0.6859498988814823,0.6669105515025215,0.6970385969805418,0.6665951070063549,0.5888627543952983,0.5436336124932324,0.7052312755377493,0.7054439005839139,0.6807015994713838,0.49485587903437595,0.5907460611180282,0.4545072127556694,0.5220667824010237,0.6056862059193754,0.6984495868478763,0.7668140859337861,0.6743223733000865,0.7692395171239651,0.7679196150318504,0.7611361983422503,0.7956512559137014,0.5463739394388732,0.6270995891798139,0.796994840197791,0.45397219637559316,0.8116209445727288,0.7624534382035912,0.7779405707504459,0.7949051352964539,0.792704520555445,0.7558206839551418,0.7434185973607624,0.08442866817587148,0.6827925700787267,0.7477151925233727,0.6894297911547365,0.499339900614852,0.5782645204341046,0.5941920646867603,0.7615072529835429,0.5776849344554327,0.713101740493033,0.768590843876353,0.7884834209008584,0.7395194321875969,0.7604382640937128,0.7363085413273578,0.7073199307673107,0.5751615568001418,0.5675513993298015,0.6189061946681188,0.7521379452310635,0.6547260093816497,0.786119032565374,0.3954468270317839,0.5390815436564504,0.43311079856137535,0.485716059599103,0.15630769952157988,0.44376205959454207,0.6670512304371068,0.6729847030056887,0.7093139289043029,0.7333744825518965,0.7065450269430308,0.6172253226696712,0.49710272682142603,0.48776560603241653,0.466891966331223,0.5854499120347626,0.5683806637750904,0.7242498359330215,0.7957508647410493,0.7765002129015866,0.7977498560498927,0.7838172148431897,0.7079641786055123,0.7987605639731804,0.792415858089207,0.7986503562779024,0.7646735973077275,0.7595412255137702,0.7115610358059977,0.7699793973074184,0.7733497432356257,0.7495428874367511,1.0
