metric,Accuracy_Basic_Factual_Accuracy,Accuracy_Domain_Knowledge_Accuracy,Accuracy_Knowledge_Dimension,Accuracy_No_Contradiction,Accuracy_No_Inaccuracies,Accuracy_Reasoning_Process_Rigor,Accuracy_Truthfulness,Adaptivity_Adapt_to_the_learners_level,Adaptivity_Adaptability,Adaptivity_Adapts_to_Needs,Adaptivity_Appropriate_Response_Length,Adaptivity_Continuous_assessment,Adaptivity_Guides_Appropriately,Adaptivity_Guides_Appropriately_does_not_withhold,Adaptivity_Instructional_Adaptation_Effectiveness,Adaptivity_Leveled_Concept_Explanation,Adaptivity_Leveling,Adaptivity_Leveling_the_tutors_explanations,Adaptivity_Pedagogical_Principle_Criteria_Challenge,Adaptivity_Personalization_Adaptation__Learning_Support,Adaptivity_Proactive,Adaptivity_Scenario_Element_Integration,Adaptivity_Student_level_calibration,Adaptivity_Unstuck_effectively_adapts_its,Affect_and_Relational_Support_Communicate_with_positive_tone,Affect_and_Relational_Support_Cultural_analogies,Affect_and_Relational_Support_Emotional_component_calibration,Affect_and_Relational_Support_Fluency,Affect_and_Relational_Support_Human_likeness,Affect_and_Relational_Support_Learning_Exploration,Affect_and_Relational_Support_Role__Tone_Consistency,Affect_and_Relational_Support_Speaks_encouragingly,Affect_and_Relational_Support_Style_and_Tone,Affect_and_Relational_Support_Tutor_tone,Affect_and_Relational_Support_Warm,Affect_and_Relational_Support_Well_intentioned,Alignment_to_Constraints_Coherence,Alignment_to_Constraints_Conciseness_and_Relevance,Alignment_to_Constraints_Content_Relevance__Scope_Control,Alignment_to_Constraints_Dont_reveal_the_answer,Alignment_to_Constraints_Guides_to_Answer,Alignment_to_Constraints_Instruction_Following__Task_Completion,Alignment_to_Constraints_Instruction_following,Alignment_to_Constraints_No_Contradiction,Alignment_to_Constraints_No_Irrelevant_Info,Alignment_to_Constraints_No_Refusals,Alignment_to_Constraints_No_Repetition,Alignment_to_Constraints_No_Repetition_avoids_repeating_information,Alignment_to_Constraints_Relevance,Alignment_to_Constraints_Revealing_of_the_answer,Assessment_Assessment_Effectiveness,Assessment_Comprehension_Summary,Assessment_Goal,Assessment_Insight,Assessment_Synthesizing,Engagement_and_Motivation_Active_Engagement,Engagement_and_Motivation_Active_Engagement_promotes_active_engagement,Engagement_and_Motivation_Asks_Questions,Engagement_and_Motivation_Asks_Questions_asks_questions_to,Engagement_and_Motivation_Constructive_Feedback,Engagement_and_Motivation_Constructive_Feedback_provides_clear_constructive,Engagement_and_Motivation_Emotional_Support,Engagement_and_Motivation_Encouraging_Feedback,Engagement_and_Motivation_Encouraging_Feedback_delivers_feedback_whether,Engagement_and_Motivation_Identifies_successes,Engagement_and_Motivation_Inspires_interest,Engagement_and_Motivation_Interest,Engagement_and_Motivation_Monitors_motivation,Engagement_and_Motivation_Motivation_Guidance__Positive_Feedback,Engagement_and_Motivation_Openings,Engagement_and_Motivation_Opportunities_for_Engagement,Engagement_and_Motivation_Ownership_of_ideas,Engagement_and_Motivation_Pedagogical_Principle_Criteria_Feedback,Engagement_and_Motivation_Promote_active_engagement,Engagement_and_Motivation_Promotes_engagement,Engagement_and_Motivation_Stimulates_Interest,Engagement_and_Motivation_Stimulates_Interest_tries_to_stimulate,Instructional_Support_Actionability,Instructional_Support_Analogies,Instructional_Support_Analogies_the_tutors_use,Instructional_Support_Deep_Socratic_Follow_Up_Questions,Instructional_Support_Depth_of_reasoning,Instructional_Support_Engagement_and_Motivation_Clarity_Simplicity__Inspiration,Instructional_Support_Evidence_based_reasoning,Instructional_Support_Explains_concepts,Instructional_Support_Feedback,Instructional_Support_Feedback_Effectiveness,Instructional_Support_Feedback__Assessment,Instructional_Support_Guide_towards_the_answer___checking_that_the_tutor_provides_actionable_steps,Instructional_Support_Guides_student,Instructional_Support_In_class_Activities__Feedback,Instructional_Support_Info_Order,Instructional_Support_Info_Order_develops_explanations_in,Instructional_Support_Info_Presentation,Instructional_Support_Info_Presentation_presents_information_in,Instructional_Support_Interactivity,Instructional_Support_Manageable_Chunks,Instructional_Support_No_Irrelevant_Info,Instructional_Support_Pedagogical_Principle_Criteria_Explanation,Instructional_Support_Pedagogical_Principle_Criteria_Modelling,Instructional_Support_Pedagogical_Principle_Criteria_Practice,Instructional_Support_Persuasive_discourse,Instructional_Support_Problem_based_learning,Instructional_Support_Providing_guidance,Instructional_Support_Question_Diversity,Instructional_Support_Response,Instructional_Support_Scaffolding,Instructional_Support_Scaffolding_Progression,Instructional_Support_Straightforward_Response,Instructional_Support_Straightforward_Response_the_tutors_responses,Metacognition_Classroom_Culture,Metacognition_Critical_thinking,Metacognition_Exploration_vs_Explanation,Metacognition_Generative_questioning,Metacognition_Higher_Order_Thinking__Skill_Development,Metacognition_Learning_Exploration,Metacognition_Metacognitive_Promotion,Metacognition_Pedagogical_Principle_Criteria_Questioning,Metacognition_Reflection,Metacognition_Reflective_growth,Metacognition_Strategic_thinking,Metacognition_Thinking,Metacognition_Thinking_aloud,Mistake_Handling_Acknowledge_Correctness,Overall_Rating_Certainty_of_Knowledge,Overall_Rating_Cognitive_Level,Overall_Rating_Competent,Overall_Rating_Continue_using,Overall_Rating_Future,Overall_Rating_Intelligent,Overall_Rating_Learning_Goal,Overall_Rating_Learning_Objective_Achievement_Effectiveness,Overall_Rating_Overall_Quality,Overall_Rating_Overall_Quality_is_as_good,Overall_Rating_Questioning_Effectiveness,Overall_Rating_Simplicity_vs_Complexity,Overall_Rating_Source_of_Knowledge,Safety_Fairness_Agency__Care,Understanding_Learner_Goals_Helpfulness,Understanding_Learner_Goals_Identifies_goal,Understanding_Learner_Goals_Question_Relevance
Accuracy_Basic_Factual_Accuracy,1.0,0.8405797648118691,0.6022496009662469,0.556995515980968,0.8631446732335335,0.7272856238461018,0.9069277869389267,0.6092351905032453,0.6715522791265052,0.7013339570561006,0.5490332023701184,0.683200700848659,0.554303422174423,0.6640776131481119,0.6813257230546493,0.6678099889828416,0.7175863593810706,0.7194663629144129,0.5826731764950469,0.6827684835924261,0.6298810531152839,0.6772482425868425,0.6856011403549371,0.6498217256349019,0.4945793308426122,0.4277373387370499,0.5534968687603318,0.6762566841887766,0.5042024403936419,0.524229057187102,0.6623508223397591,0.5286256873711699,0.6348815324806864,0.5604619120446442,0.49811585908987316,0.4785008704863767,0.6775201120240715,0.6638242279508644,0.7649847208291706,0.27358322829093634,0.3673907283650664,0.6877223372503838,0.610537164321852,0.5637831430882271,0.5168862903353881,0.36656757673059054,0.3067476325462358,0.4479735565571338,0.7102503143580924,0.128505962962888,0.7185169415200354,0.6663805276072687,0.620545136383102,0.7085028151650814,0.6595119660094739,0.6196140253723437,0.57999729757304,0.38092382965766736,0.35248888622707947,0.5953703772441815,0.5517827975982316,0.5460923497625637,0.40799697289662384,0.5285032341104824,0.441967472417637,0.5653583676168474,0.5943896862468423,0.5475227689038996,0.5754449405823446,0.4820474246295916,0.5250113512759705,0.6241375198011525,0.4942353180379945,0.48697751647025644,0.4266411323784931,0.5427106546645961,0.5431689839697171,0.39525445966408884,0.4699057920195599,0.4956394848570934,0.4015084206371328,0.6173811652598795,0.7005492092197491,0.6017575122648244,0.7293157148866134,0.6148772540407582,0.6338915365133576,0.3600976889844125,0.5909417372664786,0.6944395201257593,0.6994163908720994,0.7211445711872213,0.7135423319062136,0.6937995769172416,0.6747758855381382,0.6434989729764938,0.6720527834132128,0.5042789061498404,0.6538270804690178,0.5837054537145241,0.48094670067292006,0.6259640960703589,0.5091635074940604,0.7929873589264582,0.43286057082747575,0.6333325887460491,0.688293947065722,0.6371272728870206,0.702247480437517,0.7072257517534989,0.6026982335956717,0.6697246174216748,0.4459896323078827,0.45270661864004197,0.62964752150304,0.6626402985075767,0.29735659220120036,0.4511910679225453,0.3906233781574347,0.5111297335893875,0.509307054566439,0.5736846175547818,0.540290141809297,0.5340135003642539,0.658880732100894,0.5701426696229946,0.7365307258672853,0.6513804203744945,0.6772784832162603,0.7150601128331696,0.7257851743919849,0.7152500841205348,0.6670867288752398,0.6768226812582153,0.6555875221483627,0.7157195413815759,0.6085669945535914,0.6386010011102836,0.6966885806528674,0.4776277186954038,0.6486666931707854
Accuracy_Domain_Knowledge_Accuracy,0.8405797648118691,1.0,0.7226278103319815,0.4893341509805431,0.7431439666751418,0.8451373290134316,0.8454164092230703,0.6932361007455246,0.813754980053987,0.824947727962649,0.6544558865578699,0.7771098060796608,0.6790610392073229,0.8055687309148276,0.8270765249294357,0.7890562176938962,0.8280852619184027,0.8070551812990527,0.6789659979495984,0.8145441817578887,0.7542030503614102,0.7728930929619222,0.7828814891950769,0.7751126602478556,0.6330903076540404,0.5489994807210482,0.6833363439811848,0.821982570392136,0.6181691394840757,0.6581801279438269,0.8115319237181654,0.6505803553885038,0.7867612515222364,0.6775394978720451,0.6419865876963088,0.5643087490187337,0.6916334216251546,0.8027036754840106,0.8348404188563517,0.29646351972103674,0.43585600642421346,0.831388213890038,0.7247885985525793,0.4983700777060404,0.5449255024595977,0.44788192178147485,0.32158829572558245,0.503674513320959,0.6903929697948753,0.13758444302400916,0.8239063339926381,0.7895367727712195,0.7545488686687415,0.8270308990326323,0.7656096402372969,0.7302122069773609,0.6947527924407919,0.43780267044439847,0.40266780928386386,0.7070877963288652,0.6774332749728773,0.6847324623117018,0.5231625269523339,0.6550617604891469,0.5638163278099139,0.6795382677674944,0.7293008726612097,0.6773207510782566,0.6773602266457117,0.5865145672576189,0.611988697244435,0.6947487459755959,0.6284696395373633,0.5911919954152323,0.5111403626362407,0.6676517108083936,0.6692753616651647,0.4742210507420247,0.5785569253808399,0.6128398541924625,0.4664090401996915,0.7224602867836132,0.8446812599485584,0.7001585886117244,0.8522123228142007,0.7685700409352304,0.7959957984605754,0.40950774669820883,0.6839028446956832,0.7844589104919587,0.8202692478892718,0.769988441465854,0.7621523577809111,0.8419925624497874,0.8283677725837552,0.7731714709253582,0.7685090693130836,0.5411989335232837,0.7885226225468477,0.7092278267463161,0.5719453733698118,0.7373720266349334,0.6108019501196829,0.8856558700578361,0.5337698019467737,0.7632706229612964,0.8050496472491759,0.7680142797410847,0.7827699611130062,0.8403687959116656,0.68959898651646,0.7795087822681837,0.5103380903766482,0.5400491860920162,0.7247202464023187,0.7657118534256042,0.34445560515111057,0.5267607256551547,0.44159889551834947,0.5870055568303867,0.596450382184533,0.6731674400253567,0.6820468292252118,0.6007346028413488,0.7557090911121931,0.7012868619998988,0.8675696898860047,0.8068803463502187,0.8215501884663827,0.8449575912032116,0.7830586076475351,0.8426113173881455,0.8274372039253554,0.8267127749549846,0.7661116043149571,0.8055460439348794,0.7090100203705276,0.7647632710516568,0.8081973580689639,0.5730493789526365,0.774730059840968
Accuracy_Knowledge_Dimension,0.6022496009662469,0.7226278103319815,1.0,0.38382919677137967,0.5459023131540421,0.7497168132947131,0.6199716621885759,0.7935735758289227,0.8010191510620831,0.7736480768435249,0.6913771852854076,0.7815467003249681,0.5911984302948908,0.7321774913445747,0.8069179308569896,0.7410414117072612,0.7808962837026057,0.7423132369627089,0.8592056844209653,0.8162417280819259,0.82597560604855,0.7565657095887053,0.7415883322782386,0.7752398218336451,0.7003569695609246,0.5262672799499003,0.6797207843700165,0.783652756724992,0.6520007116125993,0.7434817668229196,0.7888530259273417,0.7157021404406335,0.7640462932576084,0.7072955665460033,0.6984289532111704,0.597180192756556,0.6385783343520297,0.7137113698245726,0.7328457832582608,0.5236077216770995,0.6046811318772867,0.7560579316190453,0.6973564054806917,0.4117717325131254,0.46627703828606587,0.3587511545532854,0.3971464055825073,0.5999739187902198,0.6057380469657065,0.1741697525636014,0.7933422653020135,0.7718731887757555,0.8378342975865393,0.7997818961650875,0.8252422611918273,0.7849489738018824,0.7825666330154101,0.6966109024596584,0.6577187610987171,0.7304751986820591,0.7479057681008667,0.7555785285551728,0.5965725044957877,0.7243608779229072,0.6457833622553866,0.7378680749377273,0.7701031006040655,0.7163116573959956,0.788692530861099,0.7763962826412232,0.7174349265115504,0.714794192513073,0.7057314842616763,0.8365059938861684,0.7217767989981381,0.7574655026245427,0.7561179257092954,0.5545561137456453,0.5082034143609586,0.5347987017189109,0.7028364501451652,0.8503999805256501,0.7861536800223723,0.8331278005237193,0.7231955208090622,0.8101811931029218,0.8283299662159228,0.5738074090808059,0.7150902869416537,0.7862563970052859,0.7874541924238079,0.7389748833029997,0.7349921265140548,0.8100663743996944,0.8013869606031292,0.8282642600650967,0.7534263653958125,0.4619390627380952,0.6587290120132594,0.8081580837244908,0.7667943028237635,0.8310724778987061,0.7747994038613044,0.7566092357373634,0.7960977166836223,0.79589994687335,0.7977868462763573,0.8258939338639548,0.7039628669080041,0.7584566756704776,0.759643346032665,0.8614156375416265,0.7044866775939379,0.7953672938723093,0.8496993771513048,0.8336040703944231,0.596343215366968,0.7534576100523177,0.6159144077931118,0.7142261005505672,0.7045932559212226,0.8725498795916363,0.7543812473612134,0.5842030330758646,0.698551842711963,0.8638884359850856,0.7936735475367729,0.7991335188981695,0.8074233523871303,0.8001709574891713,0.7100633325974814,0.8295573322110374,0.8102931485587389,0.8194924738983951,0.8663413582163598,0.7716367123309663,0.8006581619346256,0.7900232872660498,0.7405348335165466,0.6647473639055838,0.8501834704768246
Accuracy_No_Contradiction,0.556995515980968,0.4893341509805431,0.38382919677137967,1.0,0.5805446117241276,0.44684050100204337,0.5162276332257361,0.43082116576791324,0.45654145911410593,0.47766836495412573,0.37534937207012403,0.48085472628314385,0.36416103636869024,0.4119027021434697,0.44209320989899437,0.42674136051253,0.47518546130113953,0.5018390616093763,0.37089259187212503,0.45447656853862,0.42053969310254574,0.4770544384633369,0.45172224553670837,0.44128803416150797,0.31791102701893076,0.2515008853234563,0.35472362817285363,0.4577799433629713,0.36378116142274053,0.3437059204204255,0.4550700540874641,0.3766010759117288,0.4311256088880284,0.42729841210337727,0.3368015683653129,0.41489823910239726,0.594761595667196,0.44161280139707426,0.5106749120812054,0.19650069832853823,0.28684966882954366,0.4796591286264643,0.4294035293724943,0.8752957148882384,0.41760353487533114,0.2840121878117243,0.31677845353413053,0.3447798728880969,0.5437345979225838,0.13321230571676893,0.4959028968781913,0.448992176348268,0.41663345939067276,0.47280329089322864,0.4261331434655854,0.4404362831373422,0.40169728938230737,0.27692276214063266,0.25427290167283007,0.4083244625106738,0.34329819513980486,0.3913195550639358,0.24964641803234808,0.38648909264395137,0.2576795425276398,0.37448462183783415,0.3952321459322553,0.3863469917393993,0.40471070922919095,0.34241279512904865,0.3947847592622884,0.4915003245923788,0.2787082096281066,0.3212783401729075,0.32007761394828166,0.3484394066302938,0.34949155207814947,0.22412178875376385,0.2610589570960901,0.28556599073625105,0.2796264077694078,0.38184300208119754,0.45029958615685917,0.37343986485909086,0.44688032613679235,0.41904533266325256,0.4271611264076085,0.21736095904399047,0.4265982341548987,0.46618341045315603,0.4586338609872693,0.5350181958693939,0.5275252985848392,0.45644946350031823,0.4497141555404408,0.44454519292381023,0.5024972166537536,0.42492245425042313,0.385553589427526,0.36011738953226974,0.32337396035752597,0.40170049565285176,0.3379557810742173,0.4991001564881153,0.2706115231117132,0.4013171345036452,0.4701232259565282,0.4173984092310005,0.4628122849560362,0.4733979620524148,0.45882496136331596,0.4274729032271053,0.33991826192300956,0.304914492008837,0.3971739914335016,0.43053948513495705,0.17938532862585163,0.31772639497911487,0.24458460667311677,0.3517789334427879,0.3428096615240028,0.38075024337651925,0.3235330532042527,0.39786781153270473,0.43253298601143975,0.34681590898071446,0.49521200349372496,0.4151066318693776,0.4425021008661681,0.5015640546717364,0.5330720824726544,0.4709518830211561,0.4246832297722429,0.4349118725950359,0.430493320298542,0.43835993108288057,0.3943859763629763,0.4675508110868996,0.487964936228615,0.3643524785328654,0.4123627688232727
Accuracy_No_Inaccuracies,0.8631446732335335,0.7431439666751418,0.5459023131540421,0.5805446117241276,1.0,0.6644403694815347,0.8446654586598877,0.5608458974360656,0.6073390426937313,0.6239597141914761,0.4975633070930928,0.6418973068442156,0.4834179736922462,0.5813111445058199,0.6086883660210475,0.5986484336466161,0.6449010737756989,0.6471959639966242,0.5407747094687535,0.6143284364693299,0.5677819700500862,0.6291028372212244,0.6038766129670445,0.5835981963243461,0.44454564062042146,0.3847066143681174,0.49680446642967097,0.6089811529637162,0.44756557298886807,0.47338566108897934,0.5952525011598482,0.494629397017106,0.5764471573616038,0.5159686618786706,0.4442762691094997,0.46608067104516043,0.6424090786882766,0.5856317217809988,0.7019966280494524,0.30341509897548563,0.37809915960678897,0.621400461016111,0.5529015238570306,0.5954106494955147,0.48657338771633535,0.3098789045288146,0.2886168015815291,0.43250811694876473,0.6749665637967998,0.17508873691942123,0.662044638702722,0.5926684511983329,0.5613141195607588,0.636890934333847,0.6009070042675719,0.5826555342666787,0.5445360774818109,0.3733559240528364,0.3430078489395897,0.5320291596592783,0.48989875313375375,0.49477165906628046,0.35727261196556426,0.49612692401342373,0.3922888086577201,0.5158666564823329,0.5341502071075972,0.4850895460007473,0.5538221173924365,0.44910066646546604,0.514204745056234,0.6065808279385265,0.4398087258246606,0.45088791662791844,0.42451345131571583,0.49744238384872236,0.4930276086991489,0.34526073477497715,0.4161071277777869,0.43262605133271426,0.39413985379476585,0.5625043823219458,0.618413244866549,0.5407300405570088,0.6228695958490216,0.5452824271326776,0.5685842547249437,0.32263872751483114,0.5644520766856329,0.6428677349344704,0.6386893071044676,0.6650992783568362,0.6577704161414785,0.6159639772114855,0.597106753559029,0.5887410428024369,0.6093052955652465,0.45843818437725514,0.5569953144217238,0.5368716818755542,0.45369706160846945,0.5701751288217689,0.48479115080517726,0.7061010348876363,0.39830402360402006,0.5671080382059419,0.6308520230126616,0.584562477158883,0.6423188780189112,0.6249385625095788,0.5770319417000804,0.6089399069568172,0.4403890273889856,0.4340810011446349,0.5870661722966459,0.6092912564749926,0.27543623725285504,0.43066609853860466,0.36277584149335435,0.4681954600205995,0.46841048399637003,0.5411841816044549,0.48020220398296587,0.49481466871559837,0.5999326579254547,0.5114453592284587,0.6679287936495008,0.5782626891911944,0.6162805947702191,0.6504371457690503,0.6469962828268723,0.6485298010254625,0.6014755450394598,0.6098108831071278,0.6027618639345118,0.643557134417168,0.5689446443908127,0.5961783180164285,0.6344616856772435,0.4563089470740116,0.585948075722579
Accuracy_Reasoning_Process_Rigor,0.7272856238461018,0.8451373290134316,0.7497168132947131,0.44684050100204337,0.6644403694815347,1.0,0.7505463673032534,0.7062558132416663,0.8196810089583034,0.8176088841237654,0.6612393457378092,0.7632925040371408,0.700166848259414,0.8296404748874744,0.8438300786846217,0.7809899309326856,0.8201602608040568,0.7819428504933459,0.6862584206865137,0.8261722902345601,0.756607490986472,0.7642137511090492,0.7880805764781023,0.7919265116637603,0.6544255363473092,0.5728565034071724,0.7265447992302929,0.8306412663697529,0.6207169943010908,0.6909299899946438,0.8173494117659285,0.6722247945703147,0.7889302720139161,0.6765261674251003,0.6643517448528715,0.5563888825670952,0.6729054778334225,0.8003538847502815,0.7851294769156785,0.32493777513064326,0.4644844174287229,0.8143243806402722,0.7082104474450286,0.47862606190097834,0.5305430998982893,0.4247315578059801,0.31195532687808625,0.5040596926416014,0.6332609865250376,0.16509368868598473,0.8095754820743024,0.8068261037759454,0.7788047396766756,0.8271178621494566,0.7848325789937931,0.7196134435499649,0.6954939241075899,0.44209853308013025,0.3974719290203255,0.693021030519938,0.705975256974622,0.7105356434139557,0.557851047846431,0.6700930283859906,0.5959058544081478,0.6861035457780925,0.737932534857384,0.7077884454637927,0.6834921971145153,0.6005027996481291,0.6201997389785926,0.6947792150184298,0.6543171964608533,0.6136698865905478,0.5248603207701737,0.6841956135637681,0.6881094664283809,0.4893436590385275,0.6073353303718897,0.6233379381932739,0.46275704466547607,0.7445413665180883,0.8449526157015499,0.7297774509805733,0.8425702211453934,0.7931959477680463,0.8182464043634976,0.46479058046379357,0.6848406418747403,0.7856533655847638,0.805115710428056,0.7512050415465346,0.7393388124833984,0.846004561689992,0.838154285216442,0.7748872420670779,0.7587244829606784,0.5222468303550949,0.7853863720735637,0.7518208567739337,0.5908711514982448,0.7701175643051743,0.6276270596042935,0.8403785384810672,0.5377005528866262,0.8066814141546149,0.8111932197117239,0.7789791518280923,0.7916104576991405,0.849179336582117,0.6941627326440997,0.801878026995574,0.5293703912895197,0.546052624161496,0.7538890697613632,0.7916186895460299,0.3789736694894774,0.5228490816720731,0.4824944222472041,0.6165796296536475,0.6180865252683678,0.6925415327831389,0.7195662230581222,0.5766334332007023,0.7659545929805001,0.7185937847867974,0.8575053033260622,0.8285822054325414,0.8264350255940718,0.8478623573190545,0.757596948697518,0.8556232540816271,0.8416534050980284,0.8463209021193784,0.782801791545177,0.807312214248733,0.7238563985708939,0.7701544995627562,0.7707422974593041,0.5594540773010681,0.7739492472806919
Accuracy_Truthfulness,0.9069277869389267,0.8454164092230703,0.6199716621885759,0.5162276332257361,0.8446654586598877,0.7505463673032534,1.0,0.6088797847988382,0.6907130320191532,0.71050820732426,0.550425532390195,0.6952813314896059,0.5559247528432449,0.6876825000909449,0.7011276896367057,0.6771249709461278,0.7204158578904208,0.7158124561033926,0.5827072048959402,0.6961160524110654,0.6404070923888482,0.6902913901855298,0.6813838593269358,0.6588777722655108,0.515863975098334,0.45800990757334925,0.5740293803617736,0.6830125201109777,0.4997212170146333,0.5430111228894939,0.677096008585321,0.5453869465573966,0.6495758817109519,0.5648686027663784,0.5169367907719324,0.48829999293919774,0.6758740285881877,0.6714175330122397,0.7616642776045472,0.2715850515414308,0.39394479972834234,0.716517361175228,0.6233412227263461,0.5274953861072136,0.5003169835905505,0.3676878683972876,0.304851381956812,0.4360752250742104,0.6928830726076294,0.13668177127244668,0.7296405807182158,0.6779951177296274,0.6373628194149125,0.7093445164753047,0.6639182762143558,0.6328578777559841,0.5988034023187101,0.3888233941877791,0.35848971621619014,0.5971034799011598,0.5640506031702857,0.5565489062215405,0.4189055185940299,0.5490228577109139,0.4536137665075035,0.5717130498328837,0.6087590007215763,0.5494555346888883,0.592841077573097,0.4981522571096459,0.5467142168364656,0.6219821109823819,0.5191158869002944,0.4981282827289374,0.4420951387142933,0.5547392425665488,0.5558061015958744,0.41144405829337016,0.49992585773408743,0.5186952245949706,0.39942799951787017,0.6251754852556175,0.7121226969819561,0.6233210323743373,0.736173300653341,0.6320045165173723,0.6491721124081014,0.36954792868649405,0.5940924621582843,0.6888698064386106,0.7047384846466689,0.7057232135365388,0.6982314738232873,0.7017567260835872,0.6850522765669852,0.6484787495544669,0.6589137753166091,0.4858058173544034,0.6744323648382441,0.6086234545081285,0.49123361156977147,0.648481872065173,0.5144715077717199,0.794682564334075,0.44157204753329876,0.6559111580828116,0.6934718275659227,0.6470898108358066,0.6993271804556096,0.7058409002662114,0.6082553894002872,0.678486907421534,0.4504766775858172,0.46318875427586803,0.6461744320949863,0.6791560120241533,0.307817885838371,0.45351763890396746,0.4023176574256002,0.5153357007865812,0.5306996700003314,0.58473657928265,0.562088977402784,0.5122598656438142,0.6695681544000076,0.5848583185929609,0.7463703224824699,0.6693177067574452,0.6984669651201912,0.726065774518099,0.7141364081642848,0.7262263590548709,0.6890175533628986,0.6933635951747459,0.6676489166903835,0.7176463797599028,0.6148014288360294,0.65106746224115,0.7091748108237323,0.4962081089671048,0.6525354468671921
Adaptivity_Adapt_to_the_learners_level,0.6092351905032453,0.6932361007455246,0.7935735758289227,0.43082116576791324,0.5608458974360656,0.7062558132416663,0.6088797847988382,1.0,0.8130979989451079,0.8142144597323847,0.7439509143741705,0.8546220966344169,0.5802758188847373,0.7085140088899091,0.8267290569755239,0.7723088392156843,0.8236822030554078,0.7965633886639201,0.8501419151493984,0.8584854942005696,0.859043362386985,0.8064956339836542,0.8102971331736469,0.8092875735279745,0.6797392476420192,0.5841764100086717,0.6613690219789767,0.7688939077107606,0.6619883813349858,0.6955846006110822,0.7980815916598776,0.7224311732856328,0.7505985278552353,0.730361436527818,0.658177862692835,0.6530905854327084,0.6966253317711123,0.7020815580155628,0.7666915360638478,0.5183919026647086,0.6383147753489905,0.7423439906544156,0.7339302214316771,0.45615511734324,0.5005816193944096,0.37280579461406665,0.39976664398934336,0.5687268211950961,0.6432603461414567,0.1871310365410089,0.848135549629635,0.8055069205836327,0.7795369881196761,0.8432127446540152,0.8653123729068757,0.8702497896122057,0.8644926693292586,0.7375441233016993,0.7016923926410602,0.7546018155239896,0.7168234169358488,0.7409074611368738,0.5674818472602983,0.7307952436406138,0.6075735229582606,0.7447212484649756,0.7632847456204722,0.7141022463613678,0.8646944650282472,0.8114197576169517,0.7939542971580809,0.8051352398228113,0.6324269087905918,0.8062051543949758,0.780179806521963,0.7533084682770386,0.7418619608963769,0.5157804545712803,0.5433197035491181,0.5765768813803249,0.7385706073496898,0.8428263166322825,0.7945464576415765,0.7830977688592676,0.7151621721384366,0.7921846297463766,0.8077044629121968,0.5117909684876857,0.8057664175711101,0.8534995458739255,0.8432789757823365,0.8007380469746035,0.8018459972145596,0.7971933698072077,0.7835582995650279,0.8709344985987565,0.8283728524410245,0.5030836749783676,0.622041163874941,0.7807959856380158,0.7359479454655475,0.7836639783860387,0.734118139179184,0.7609603928566347,0.7185229467438564,0.7251218772553334,0.8685309275520174,0.8636290289680835,0.6712498849121855,0.7212544582446514,0.8304053316254363,0.8414219997473976,0.7610962335822428,0.7752512707320526,0.8527266670592676,0.8406463749937423,0.49929842738392816,0.7873747958012788,0.5434252742572362,0.6515000010011699,0.6604800060907703,0.8404747541795838,0.6896692063415706,0.6195330970556364,0.6498844878455889,0.7668497266880956,0.8112972069246982,0.7734394629608627,0.8117872286113667,0.8148854673262178,0.7853781548090738,0.8487234372059906,0.7931061737349824,0.7917110399625806,0.8805370516075242,0.8089705028091733,0.8039890508449838,0.8327891866500524,0.8004117920505119,0.6662669782301787,0.8394284013728509
Adaptivity_Adaptability,0.6715522791265052,0.813754980053987,0.8010191510620831,0.45654145911410593,0.6073390426937313,0.8196810089583034,0.6907130320191532,0.8130979989451079,1.0,0.919000943546767,0.7616317901319434,0.8752414219347512,0.7629584280123375,0.8346353438931867,0.9285252907129059,0.8740307480268197,0.9167632983762704,0.8601196841653801,0.7793767655513735,0.9298553732093199,0.8683774643594269,0.8841953856437743,0.8687434297163423,0.8817244242691689,0.769150323906057,0.6643561745373496,0.801777996844068,0.8941291056556279,0.746662816295625,0.7733059783762376,0.9049308114960851,0.7889458328641068,0.8640766902698162,0.8191343269593799,0.7735871921684453,0.683796946004995,0.7451850219692017,0.8411243867619111,0.8404578050491681,0.3590035338100971,0.5330825530074172,0.8542314148038709,0.8084022501074818,0.4885009418132278,0.5591290969362216,0.4880166759811711,0.3747864670725086,0.5432302915567447,0.6733929459354099,0.16244742542931692,0.8905133792734308,0.8667092615351694,0.8093527129363859,0.9193494454775649,0.8507009498597811,0.8574948259710629,0.8364653716045573,0.5359287616580618,0.4911286810726907,0.806646753787498,0.7869265495253615,0.8266162739189975,0.6415940859463048,0.7931049736885779,0.6608468542971963,0.8161574954584725,0.8477155508100064,0.8168359414288947,0.8011023970776261,0.7215243389875392,0.7358155621307286,0.8125723595415549,0.6988440588190423,0.7182653870683334,0.626670388475714,0.8078396646854336,0.8034830730664907,0.5177446611455333,0.665899749878958,0.6795656369175814,0.545532350989538,0.7988587360559697,0.9181528158997424,0.7555437046243325,0.8504378563118029,0.8768315338648504,0.9079239184114752,0.4831684991530388,0.7526432026859083,0.848410016230986,0.902598676609059,0.8152066298094587,0.8120755405231832,0.9116939433146877,0.9001454143092903,0.8910388788472557,0.8509374053431931,0.5546850999424388,0.7923796836651263,0.7890271079513753,0.663795890663023,0.809179498121287,0.6923945112641837,0.87683004779143,0.6168615886153079,0.8054084184673479,0.9009781421133436,0.8627532223268383,0.7774047116411037,0.863182266388161,0.8073420763384883,0.843952921976092,0.6236852944994329,0.6469378529282338,0.8179827993621296,0.8635943221845842,0.41216925602801296,0.6188062908670373,0.507628554164688,0.6646328273472194,0.6657427447458174,0.7707299505395483,0.7380388923030683,0.6611916947825461,0.7606476734154982,0.7715634119406969,0.9083805929705698,0.8893523903206673,0.9094977991336266,0.9144892977701601,0.8085555509840009,0.913538958706327,0.9039017807017716,0.9002689956378848,0.8552130896038546,0.852529676777898,0.7747898186948903,0.8923306573493018,0.8570293831721606,0.6394436297065976,0.8260752939846709
Adaptivity_Adapts_to_Needs,0.7013339570561006,0.824947727962649,0.7736480768435249,0.47766836495412573,0.6239597141914761,0.8176088841237654,0.71050820732426,0.8142144597323847,0.919000943546767,1.0,0.799729842169103,0.8935727467849451,0.7773610257814844,0.8580941772386209,0.9307495235763971,0.8647459404735653,0.9458898486490492,0.896738270340396,0.7686749468629457,0.9280298254390053,0.8817019717079895,0.8887270168130657,0.9002148297544016,0.8913825425995098,0.7324142293889058,0.6210685132969929,0.7713362315493232,0.8967673296984101,0.7695967848073348,0.7395841652981391,0.9298993617556781,0.7695525915488417,0.8886887539710909,0.8143965850074958,0.7311822426378188,0.6898431231924196,0.7787934018857935,0.8746794496637438,0.8851547164503659,0.3713405234253342,0.5456200285609699,0.8681940121631139,0.8477614546307075,0.5050552380738704,0.5871496231418296,0.49444091744502494,0.3885921164582036,0.5610258811829206,0.6813898056822413,0.18369608339821833,0.91654864568028,0.8716644562427509,0.7941882010102042,0.9334215132153945,0.8470433340148307,0.863724334133251,0.8334136784189154,0.5364649628153059,0.48673114642553356,0.8066344505760475,0.7580530376512046,0.7902106281271936,0.6100355325539484,0.7770679078817238,0.6332721792695524,0.7821948570440304,0.820968723657063,0.7963984896813303,0.8091834425076863,0.7008206323570101,0.7416644722200033,0.816226213793687,0.6858750624502563,0.6885962583971273,0.6287933446722183,0.7640117465691972,0.7628736908722334,0.5150535355014707,0.6270644928339391,0.6497515919413114,0.5595698243497762,0.7846686785930895,0.9246970385022774,0.7518393167703291,0.8587212764545886,0.8684287910944626,0.8896143760851686,0.46201141652408867,0.7874632697448212,0.8812924726713501,0.9362320679012134,0.8536588708503635,0.8510900713356468,0.9280080458949754,0.9120243594466728,0.8976803487940334,0.8741482311014589,0.5808940361887076,0.7871760233761654,0.7743456225914123,0.6557383224505955,0.7950759226279355,0.6763630032754507,0.9081023444851767,0.585751432267029,0.7842114678249457,0.9321495778097005,0.8777053812011294,0.816487930483926,0.8841413251957086,0.8261832482737083,0.8278000347520094,0.6297111040384197,0.628599204367128,0.8081015341896904,0.8512810196718725,0.39660531620215767,0.6190098041109695,0.4840379501755143,0.6396913948766928,0.6713260899778544,0.7611204998647458,0.7212513673993904,0.6644386607849813,0.7570350562638516,0.745964058965665,0.9417623372103795,0.879450906733674,0.916908188057746,0.9130280626506604,0.8480468282866231,0.9203079272077254,0.8936397675458856,0.8922499418369219,0.8552487895794431,0.8577453604460651,0.7867812129210972,0.9127249638964539,0.8954312956469825,0.6379789876800523,0.8444585738807683
Adaptivity_Appropriate_Response_Length,0.5490332023701184,0.6544558865578699,0.6913771852854076,0.37534937207012403,0.4975633070930928,0.6612393457378092,0.550425532390195,0.7439509143741705,0.7616317901319434,0.799729842169103,1.0,0.8075770497041815,0.6188074827129262,0.6765554067489019,0.7670458648369374,0.7240448820332508,0.7932718027798229,0.7524357137346526,0.6974321326687293,0.7874859005485781,0.791466156867648,0.7783306297940593,0.7741128043268365,0.7380536800054501,0.6847035141723828,0.5268761765159925,0.6607085475948056,0.7732430150336217,0.7551949134391607,0.6769313802697704,0.7983027243488199,0.7312327303091997,0.7904212761518362,0.7640876556865267,0.670317393355935,0.6544156414149225,0.6667481783967618,0.7241544995869752,0.7167406195835594,0.3825690386345081,0.5453936858677559,0.7346834417766089,0.7517962488870747,0.42017399159174335,0.4486445130267584,0.34304193587361675,0.3995117171228661,0.548286146190114,0.5664408793169734,0.19891767012394077,0.7762302603937012,0.7384443938184767,0.6663975639575087,0.7758426897553348,0.7377403980877483,0.8122389515667501,0.7958937817613086,0.5568538282518122,0.5087514247299513,0.7503667513808336,0.6865449687061623,0.7089773963055136,0.563727232316837,0.7269892005147491,0.5704930159553463,0.7122333591312274,0.7243199047657572,0.7064587994663803,0.791144664430462,0.7174030306503125,0.7578458328587129,0.7372130786065961,0.5693353514618492,0.6649347895700067,0.6579036227566107,0.6926164799600398,0.700146554689411,0.4922033755368887,0.49546172842341374,0.5259737091715967,0.565755113926736,0.6913774844865908,0.7670467389477508,0.6569119890684917,0.6704070657439463,0.7333382225487365,0.7602345070614296,0.3955308669276053,0.7274839977788852,0.7690303083879912,0.7880169081231676,0.7399260362201044,0.7536976177218884,0.7879043718843396,0.7781517207662032,0.8076532324625901,0.8002819920827562,0.45535571962925653,0.6229617729653464,0.6812096754657739,0.6098078713985363,0.6849872337794656,0.6259401527244159,0.7334083339133787,0.5583272061832542,0.6362278802087289,0.7993648326070445,0.7760419196700534,0.6998579706720494,0.7543744477586249,0.774330792852123,0.7054257232281882,0.638575309107884,0.6042772510379582,0.7141012773869021,0.7308736409270645,0.3697621534322741,0.6122203561690418,0.4288195097048153,0.5823178938370273,0.60914971436911,0.6961700925474761,0.6154069258693612,0.5998870488988343,0.658269975934564,0.6762827083688269,0.7753621332447524,0.7537599649145663,0.7839029721027668,0.7466261292589185,0.722765949345644,0.76908792926349,0.7520265481895939,0.7527668607118063,0.7420385940737074,0.7227884265475722,0.736325497091284,0.8184215452933937,0.7716583650153173,0.5652759722380218,0.7212571001377991
Adaptivity_Continuous_assessment,0.683200700848659,0.7771098060796608,0.7815467003249681,0.48085472628314385,0.6418973068442156,0.7632925040371408,0.6952813314896059,0.8546220966344169,0.8752414219347512,0.8935727467849451,0.8075770497041815,1.0,0.6816593702482184,0.7818254636614763,0.8680589393718684,0.8510406477119169,0.9007408911175194,0.8852074033552467,0.7945007740099193,0.8943075796083245,0.8777121651364143,0.9009774225575797,0.861492436972028,0.8486780281064921,0.7273938556109727,0.6074832338733679,0.7289670823700944,0.8293283611822234,0.7182197117733277,0.7223877501176118,0.8649057665432933,0.7776031719295736,0.824079865413581,0.811503227826571,0.7126035226098155,0.7423722714126718,0.7903079433146355,0.7941836457631601,0.8636270741594513,0.39046122227093316,0.5788294503877793,0.7987631412929164,0.817802469095039,0.5217290440939564,0.5312702473626884,0.46723139672746405,0.39423055446061045,0.5419967235953225,0.7272601163538452,0.19150079709057544,0.9299051146325601,0.852949098350568,0.7610314562058773,0.9042164694076767,0.8594705432421638,0.9185451937932351,0.8941593449480063,0.6248746924433682,0.5774584615543995,0.8345764407334555,0.7500624795339235,0.7781181906145408,0.5993822811664348,0.7838061057134778,0.6244583545343544,0.7797002730469138,0.7985083088265427,0.7660100170517173,0.8661609891804143,0.7564624333220288,0.8333591540448315,0.8705185979247638,0.652403365786351,0.7344688978063019,0.7251122220311983,0.7604265110868503,0.7568658779867926,0.4982851312265812,0.5814154891602319,0.6136434991656642,0.6162446094167535,0.8105577094656632,0.858947734330777,0.7757529755720519,0.7927914314573314,0.8130440540791608,0.8440415055784315,0.46219855657009384,0.821514764960476,0.9109923241718619,0.9140970403037846,0.8915131086490806,0.9041256427293803,0.8580676645030441,0.8375348153160984,0.890094045710622,0.9027982320347039,0.5278741569456374,0.7342370117573213,0.7577011317894103,0.686031906228888,0.7931825226874221,0.6929105206458126,0.8571473533642704,0.599568226145811,0.7287078662838476,0.9283951366538626,0.8844403371278413,0.7582235148973756,0.8094732489237618,0.8634075539039706,0.8248133201437623,0.6982815978234688,0.6757045171836754,0.8203000137170041,0.8384224099565369,0.41860109401222395,0.6931638604616474,0.4933280948623706,0.6620404011774458,0.6778566753958273,0.7847900908003794,0.6917437449133168,0.7040300224898521,0.7286946609656421,0.7398350537956767,0.8714205145754664,0.8107372287057405,0.8560589976885585,0.8565431198481129,0.8600786824929707,0.8879462374759851,0.8267182630425648,0.8230078754299998,0.8503754242341647,0.8688398525856953,0.7905124488018105,0.909853598674638,0.8839877131561278,0.6647514043223324,0.8188062132927723
Adaptivity_Guides_Appropriately,0.554303422174423,0.6790610392073229,0.5911984302948908,0.36416103636869024,0.4834179736922462,0.700166848259414,0.5559247528432449,0.5802758188847373,0.7629584280123375,0.7773610257814844,0.6188074827129262,0.6816593702482184,1.0,0.7990811601506623,0.7530222529181085,0.7372206541149622,0.7496102983060031,0.7341083542718655,0.5265141876755844,0.7256821060088596,0.6723837128426234,0.7073016499599893,0.7355155532237516,0.7178971418381339,0.6544506237512696,0.5376349525576392,0.7382015759268088,0.7401491610662201,0.6654220230838631,0.6600393581625047,0.7436121144145381,0.6506049458654414,0.7223439540545247,0.6863410840472184,0.685563328401702,0.5573613743700743,0.6401937560582495,0.7882858983472959,0.6989854318175079,0.1499878432048013,0.31571250009164936,0.7014436414036302,0.6830740776650435,0.3876070650694165,0.5051509314583315,0.4857289311444312,0.30969741266776624,0.4279522019677497,0.5529619812417002,0.07177455531711696,0.7084182166069629,0.7256412543885671,0.6507011255474009,0.743231017714565,0.647640971749349,0.6281381794557084,0.6089960645201163,0.24175031867472788,0.1978940134503772,0.6731806069999852,0.6745359815742211,0.6884436971654065,0.555460825906701,0.6501783556276114,0.5596797711108328,0.6477314206887012,0.7034894137657182,0.7213580751554672,0.557131037948172,0.44603776741817147,0.5185427599594762,0.6446103601611017,0.6060143475172156,0.43783580419548407,0.3446811902641619,0.6234545469932412,0.6353361769048587,0.4192572829682777,0.5743164556496919,0.5869162807504242,0.2751551978401579,0.5759961116983316,0.7691169191254718,0.5793526180730711,0.7687254887701995,0.7358228030928419,0.7530075681245622,0.34898284265884427,0.5557302611548384,0.6596520739290344,0.7241814555771411,0.6829018218707708,0.6770636117037769,0.7537138399082502,0.7439963921102266,0.6706986753008419,0.6954192423648942,0.49972339158602536,0.7573654346900592,0.5980611953361169,0.4593473344251998,0.663700082563075,0.47428412542645204,0.734701756873335,0.3541067261631778,0.7004961157213054,0.7115189290270792,0.6370024416820986,0.691214515405042,0.7712334333559187,0.6107860976983818,0.6383981341463572,0.34880514324811446,0.3621161129863604,0.5790280758084536,0.6500282675265137,0.25513189502841305,0.3319081629096835,0.36180679040710007,0.5321264967907211,0.5239511636548072,0.5086285041076778,0.6087472032157422,0.5772436852341428,0.6806291363378049,0.5619271283589211,0.7512093825091668,0.7309736556700216,0.7308024639563409,0.7223548078621271,0.6683288323886976,0.7163740487680463,0.7298121198222868,0.7474920763788443,0.6219198600441591,0.6874712454734535,0.5547349162922216,0.7216569296228382,0.7046803542735454,0.4882026362776136,0.6263130563897048
Adaptivity_Guides_Appropriately_does_not_withhold,0.6640776131481119,0.8055687309148276,0.7321774913445747,0.4119027021434697,0.5813111445058199,0.8296404748874744,0.6876825000909449,0.7085140088899091,0.8346353438931867,0.8580941772386209,0.6765554067489019,0.7818254636614763,0.7990811601506623,1.0,0.8673036869188115,0.7946966946300578,0.8426580626728399,0.8085945028918184,0.6734013328027242,0.8312755286094332,0.7783027336393893,0.7747097102320415,0.8004131316668022,0.8176993373748169,0.6912837993389654,0.5830223962427603,0.7612012577317908,0.8312111254252086,0.6689714878218781,0.7124982764210445,0.8247896495739103,0.6966144066450589,0.7965328010204522,0.7146494147207312,0.7004677262373546,0.5650789514393342,0.7004202785043502,0.8561097069293592,0.7971610955094451,0.2946598076141794,0.4527693893442407,0.819468594646252,0.7383159792527284,0.44091508927578366,0.5227684855766471,0.4978205535730182,0.32924149591392243,0.5177479814699413,0.6045088592391289,0.13124842559415045,0.8285653618587894,0.8212634159924257,0.7741044682649224,0.8467151307044989,0.7782062915816603,0.7317862499894366,0.7033250345381105,0.42274055710188047,0.37489387716223355,0.7258819283475046,0.7294882635222993,0.7363464790517734,0.5902123973298969,0.6997301638487277,0.6072246614588185,0.6939877791487864,0.7612127738943371,0.748480464221289,0.6888716335881794,0.5782628667254188,0.6137492618167759,0.6967716659318612,0.6685256592843833,0.5928500800008171,0.5041845496628383,0.6896957104655695,0.6985150709650851,0.48805302396465583,0.6103791320215588,0.6281541002973778,0.45541421139114835,0.7319636417317156,0.8600640575906654,0.7211446162331602,0.8594828081054218,0.8248374573120894,0.8504988682958077,0.4420059624049265,0.6916373002449607,0.795590298495202,0.8348772389418305,0.7593621744225024,0.7449393279594713,0.8597711652503409,0.8517981426661815,0.7984122047474307,0.7621920858848096,0.5158802427091683,0.8225425611256018,0.7354775311100479,0.5839084360353965,0.7766960659766681,0.6145971976525031,0.8523174557116635,0.5127004683352582,0.7937514656355641,0.8208185333447217,0.7829163658392735,0.7752531505869712,0.8573100143886733,0.705060920841193,0.7829255609980201,0.5116459814192408,0.5319408228139386,0.7356225633612999,0.7763948635399375,0.355692738877586,0.506805889366195,0.46876326248493566,0.5922115999899855,0.6154670277257414,0.6637619270405313,0.7125281572707403,0.5945217813738717,0.7566331459539902,0.701424914841163,0.8660988798146876,0.8390138671821044,0.8410509348266235,0.8453334141259844,0.757721782168404,0.852838238981675,0.8426009035581825,0.8541198963214625,0.7726146781640502,0.8035073464422317,0.7041616181052998,0.8024750744918654,0.7999366192668321,0.570843168487109,0.775331678669051
Adaptivity_Instructional_Adaptation_Effectiveness,0.6813257230546493,0.8270765249294357,0.8069179308569896,0.44209320989899437,0.6086883660210475,0.8438300786846217,0.7011276896367057,0.8267290569755239,0.9285252907129059,0.9307495235763971,0.7670458648369374,0.8680589393718684,0.7530222529181085,0.8673036869188115,1.0,0.8689530523974279,0.9177901281972554,0.8567030763045776,0.797892904747567,0.9382586367637208,0.884183390146534,0.8610839484359797,0.87556179217729,0.9089810856641107,0.745162036289412,0.6511649658306019,0.7927084686206853,0.904071288898914,0.7419295446824791,0.766299071967043,0.9050475657420254,0.770696543801625,0.8693376055001893,0.7767930203738463,0.743381991711619,0.638099934972356,0.7276662065312378,0.853965993459869,0.8447899650145828,0.39494776192989023,0.5622730488330726,0.8690280781366614,0.8087312806377844,0.47808959233874393,0.5342892763098575,0.45809382850665664,0.3728967863508028,0.562182666215212,0.6432965730708546,0.1550853753834583,0.9074797119706002,0.8851426387381629,0.8267068078227843,0.9317773036986581,0.8731729794124448,0.8506903352167746,0.8310239078823917,0.5653872734361544,0.5238775985348105,0.7841701665978384,0.7783559409170583,0.7984797247533396,0.6276397022347431,0.7740694762372956,0.65158471974649,0.801282553233597,0.8439434061315274,0.8029616597148117,0.8132448363901263,0.7307312539716978,0.7282831206861504,0.7884991873340653,0.7160753540059217,0.7313493356345578,0.6441324210872772,0.7937261457209539,0.7961138941635462,0.5384385140091468,0.6640703654842366,0.6855182038987874,0.5884430184513402,0.8205859220928736,0.9257498156953061,0.7822383022015709,0.8644817510792057,0.8850704384061273,0.9191713246786172,0.49594868821651,0.7802502949155714,0.8699074811801836,0.9185806821132461,0.8245467104287549,0.8143209939673707,0.9330966306812072,0.9229718217888891,0.8989129404379033,0.8527351083796949,0.5307532132234506,0.8049939220450697,0.813399730290521,0.6743597668801384,0.8181466231852632,0.705060026113894,0.8871794485802805,0.6435582894361983,0.8208977140479029,0.9139863383288256,0.8912732872642671,0.8051458220223154,0.8807164005767302,0.7983494362039923,0.8612303747292114,0.6515360000779418,0.6713776650586899,0.8326156765681578,0.8742393385653335,0.4282289236587023,0.6497323877087227,0.5167594477534045,0.6486534658534021,0.6782614736028495,0.7922864537636365,0.7622930359449562,0.6358178393490387,0.7790662213403344,0.7860383156295784,0.9311460288095511,0.9049783700909501,0.9264763859055807,0.9284373985256457,0.8120479331690204,0.9335506330209669,0.9259062924874658,0.9255578560397694,0.8842358085534322,0.8666207994794579,0.8014462041413973,0.8792094506134568,0.8511267125137435,0.6441836505687024,0.8625472816866376
Adaptivity_Leveled_Concept_Explanation,0.6678099889828416,0.7890562176938962,0.7410414117072612,0.42674136051253,0.5986484336466161,0.7809899309326856,0.6771249709461278,0.7723088392156843,0.8740307480268197,0.8647459404735653,0.7240448820332508,0.8510406477119169,0.7372206541149622,0.7946966946300578,0.8689530523974279,1.0,0.9080402235981444,0.8751764634628473,0.7170445374154085,0.8813402423842821,0.8174721975013622,0.8641917715062574,0.8762335673684964,0.8292206186171449,0.7074043868668268,0.7299087878922812,0.7579853607752708,0.8284377220938284,0.6837111234643155,0.7196625240072448,0.8562547083206105,0.7268366669436627,0.8143812567483326,0.7427815343794919,0.7003651194122427,0.6265100302226538,0.6994420721887786,0.7921007581033509,0.8019797596629156,0.3013821625711554,0.4707306342961809,0.7816802449014737,0.7506986763249329,0.46610227641949387,0.49603198121499337,0.4632774784097484,0.30726795517488614,0.47893991983751605,0.6439904747491699,0.16352114597276465,0.8667164157480671,0.8278862979783838,0.7369535559336102,0.8711555236865829,0.8246183992669391,0.817666702991124,0.7907383268769518,0.497572549344854,0.4551076611269316,0.7869737238311004,0.7410998331963218,0.7547629590082258,0.5930273046706244,0.7370328212823132,0.6320460710812092,0.7827271254440813,0.7990475863870893,0.7477877249282661,0.755213228687621,0.6447722383477007,0.6952001635060322,0.7897593801811158,0.6521721168544495,0.6439991339223373,0.5762425623835581,0.7694735322607279,0.7631239093311475,0.4685803489077393,0.7359717358604162,0.7538960859900357,0.4990242528802012,0.7714724527005512,0.9005607595045986,0.7043083031422177,0.8810060338480551,0.798289865760823,0.8327172901050586,0.4193744829198889,0.712031249564075,0.8189415152507659,0.8748270405861942,0.8339849850129822,0.8283128145714127,0.8534543795788024,0.8488997767001186,0.8227141521073257,0.8393056107915801,0.48085338754086554,0.8136401016266012,0.7415713181738821,0.6049687884076052,0.7532082225445496,0.6504052029347631,0.8504192031776047,0.5505519832551942,0.7477210497633316,0.8540850068657778,0.8051279267289947,0.7525480826023867,0.8246568804625742,0.7504099341366931,0.7881427554273354,0.5775217663996849,0.5919952145278077,0.7703230308183159,0.81865169397999,0.34926291153776784,0.5760647355399815,0.4443277380419199,0.614983029358869,0.6076392787057255,0.7065651154130385,0.7111843445839681,0.6645821225051483,0.7263689800981794,0.7178550769704578,0.844400453180242,0.8039526795839753,0.8311438448670064,0.8425265871781321,0.7721549395206826,0.8540987008314995,0.8281717176708727,0.82800707308647,0.7934387160001283,0.8734667505221612,0.7310819879303732,0.8219348844572641,0.7953313474841911,0.6076325250615218,0.7708842392160824
Adaptivity_Leveling,0.7175863593810706,0.8280852619184027,0.7808962837026057,0.47518546130113953,0.6449010737756989,0.8201602608040568,0.7204158578904208,0.8236822030554078,0.9167632983762704,0.9458898486490492,0.7932718027798229,0.9007408911175194,0.7496102983060031,0.8426580626728399,0.9177901281972554,0.9080402235981444,1.0,0.9307350369727629,0.7713703176591061,0.9401194652453146,0.8704646839247162,0.8876395059492386,0.9148849900654067,0.8820693289382526,0.7223661643578239,0.6570216646775469,0.7695450425724301,0.8947362412951283,0.7559522682652715,0.7362426661675783,0.9284404720812741,0.7603326374634501,0.878644258877738,0.7962381176119674,0.7228666664239572,0.6748680774596492,0.777517640660204,0.8570681899172442,0.8775194747863103,0.3689006972627577,0.5335686870882588,0.8528594068766203,0.8280460680717212,0.5063680820929075,0.5599254478662906,0.48640770411082057,0.37685052000720337,0.5585292668576979,0.690461449344405,0.17075013754192095,0.9245718891897601,0.8595233414765444,0.7839932323617986,0.9291022884697433,0.8530448616517172,0.8578569236797869,0.821480759782199,0.5473964137562676,0.4990472322773167,0.8053880422846408,0.7532078316233223,0.7810653105671522,0.6047007491811334,0.7674480846390219,0.6213717234209153,0.782639287388716,0.820755082001808,0.7687927480946902,0.8065251828723073,0.6941509344027392,0.7362538686452827,0.8109428297517965,0.6729740309287802,0.691549530912541,0.6203259447593332,0.7708659177243896,0.7683102236062601,0.48999090105178605,0.6636883475991242,0.6887599737915129,0.5612183748048548,0.7889736909653551,0.9453040979074261,0.7524058459749183,0.8861041069834127,0.8460467933210059,0.8798623181163673,0.4449948089123401,0.7767757344087504,0.8891884386400118,0.9397610990385643,0.8783775865818513,0.875993190763085,0.919894903601854,0.9090343680324331,0.8912277521112579,0.8882392603033173,0.5523716220897503,0.7992386408316132,0.7842629379664633,0.6362635838256026,0.7904508793142048,0.6828763017533415,0.9206799255496797,0.5918159365116811,0.775229294202281,0.9264625381824914,0.8748017155906511,0.8164507426696141,0.8839169477562883,0.8089577793132933,0.8304342405610806,0.6278800739819264,0.6364191168147881,0.8067682806075451,0.8503733316119295,0.3894679275732501,0.6281605114479176,0.47413285102111286,0.6348961644245121,0.6559077669776706,0.7592292000336994,0.7239140928139228,0.6701079079262664,0.7614225060689811,0.7507199817199011,0.9227747992540303,0.8583136218204522,0.8973792554994983,0.9085505523878478,0.8375865815812373,0.919080662024464,0.882169571699667,0.8763871007987808,0.8583655839134878,0.8775321582752846,0.7906449967995732,0.889136801626138,0.8766515994809982,0.6337691074787788,0.8322378623469526
Adaptivity_Leveling_the_tutors_explanations,0.7194663629144129,0.8070551812990527,0.7423132369627089,0.5018390616093763,0.6471959639966242,0.7819428504933459,0.7158124561033926,0.7965633886639201,0.8601196841653801,0.896738270340396,0.7524357137346526,0.8852074033552467,0.7341083542718655,0.8085945028918184,0.8567030763045776,0.8751764634628473,0.9307350369727629,1.0,0.724692788154355,0.8907036052334942,0.8222665894572615,0.8649268967205531,0.9073539771924257,0.8374116196760362,0.6758686380571719,0.5979057165506751,0.7263673128945031,0.8369440889529633,0.7094124887683833,0.6908834972203661,0.8681518822022085,0.719993234403192,0.8235573608591878,0.7595857988091604,0.6799875917399526,0.6679390689845877,0.7891942164224086,0.8269126555780841,0.8873687893738399,0.32995590844671474,0.4812804540683375,0.81378993959631,0.7899602226843991,0.5318497189782235,0.5715062833235004,0.5074070216939092,0.3701462950529332,0.5191486590885088,0.7167065338737195,0.15799183603570566,0.8998151878163674,0.8333079139135803,0.7428158025579606,0.8878314059920518,0.8174442578712954,0.8240173250185053,0.7893770386710695,0.5132701876014486,0.4599700246139819,0.7773724277646699,0.7148636209574091,0.7343272000835928,0.5623442291720093,0.7283903794408149,0.5874081968979941,0.731108892104115,0.7716554137678794,0.7320126790189273,0.7617462124931711,0.6338020041782353,0.7128879570311021,0.815950544089554,0.613833678598566,0.6334146507681837,0.5849579013402254,0.7156340167656294,0.7059976692257683,0.46108423952125105,0.6097356191094437,0.640017887062272,0.5168433546494714,0.7533954140722351,0.8994676097409824,0.7129315785282364,0.8721918948274352,0.7968306883016872,0.8185429341476145,0.41480763201544013,0.750715970815305,0.869311427056738,0.905330584639822,0.8997487535456511,0.8902698497251369,0.8588499312429577,0.8439571887500645,0.8383618077275886,0.8795968728674745,0.555036524594106,0.7842912607389385,0.7264498438321372,0.6018852310294133,0.7514138145271628,0.6421279971370595,0.8885746474167036,0.5294869514020548,0.7416172000969136,0.8935150835572755,0.8233641928979797,0.8021342077811158,0.8394158831727133,0.7816491252373031,0.7912605161936429,0.5846327671444859,0.582712767054441,0.7606974777179296,0.8041689687899392,0.3527577046573473,0.5932012136073408,0.4479198408349391,0.6107859105104599,0.6178282500786245,0.7133270387676023,0.6702966685617657,0.6824462787421336,0.7214887775044218,0.702894432932568,0.8769340541821153,0.7985540052039155,0.8415971474593262,0.8555618923602597,0.8514219985895319,0.8727564170930484,0.8148303556803432,0.8104887614507161,0.8088740423750193,0.8716118935738223,0.7500111718618707,0.8491933821190408,0.8621997627878581,0.6043720576942844,0.7874490193238997
Adaptivity_Pedagogical_Principle_Criteria_Challenge,0.5826731764950469,0.6789659979495984,0.8592056844209653,0.37089259187212503,0.5407747094687535,0.6862584206865137,0.5827072048959402,0.8501419151493984,0.7793767655513735,0.7686749468629457,0.6974321326687293,0.7945007740099193,0.5265141876755844,0.6734013328027242,0.797892904747567,0.7170445374154085,0.7713703176591061,0.724692788154355,1.0,0.8131645595081569,0.852964551078087,0.7604968348589256,0.7261599349412808,0.7744702743797126,0.6626010402730024,0.5026508698380788,0.6017429265677251,0.7479668729980204,0.6485121675705758,0.6792845959236702,0.7675865345919494,0.6925386710614738,0.7431495708778771,0.7016592661804222,0.6415653454092639,0.5974515394877236,0.6253234542604469,0.6765169847288083,0.7305863264196626,0.6217261717129408,0.6864739354873737,0.7329649455967746,0.708027022047255,0.39927309886040513,0.46268487500912153,0.32002344041213127,0.4084171147272822,0.6043695292414104,0.5961600195381366,0.21913170426749187,0.7996068001860599,0.7555504864741095,0.8108190614632179,0.8026289029488285,0.8561509587484486,0.8243220247279799,0.8288044493593236,0.8267165725322446,0.7888338795466814,0.7025753979616165,0.7031069739582416,0.7141032493004144,0.5432152972588044,0.6966986170958477,0.5980719813071397,0.7409222222752627,0.7509771124994171,0.6651330419742902,0.8404851128785854,0.836653359267989,0.7482496793941779,0.7326872498772578,0.6318643253559112,0.8892802838539215,0.808312795774158,0.7667389246342665,0.7548445167512826,0.515553137802387,0.4819336941538028,0.5017792140946663,0.832564477432955,0.8758946868746059,0.755623513556645,0.8407503024057775,0.6639794302486985,0.7893310293550185,0.796462558564034,0.5090864830559187,0.7902762530437812,0.811313399417356,0.7962707331179237,0.7355782698709776,0.7330269134365589,0.7950126802432693,0.7791275087078763,0.8629774765358571,0.763495278910951,0.4664549214623581,0.5725950712293627,0.8129523063406638,0.8081476211459313,0.8054553258359458,0.7981003087378777,0.7321831878217396,0.8592396701727082,0.7290259404806189,0.8221022252299377,0.8589929194836349,0.6472238595829412,0.694548340553166,0.7942297598050658,0.8676552717232914,0.7993361212709177,0.8922459886562365,0.8762401456693903,0.828870851318199,0.5630455262648055,0.8649850311011035,0.5428266457053749,0.6249882280773584,0.6534946468977038,0.9244531054505708,0.7348463130149773,0.5680791321389564,0.6229740254292696,0.8524064608094897,0.7924278055042211,0.7845881106323651,0.8094536061425751,0.7991471028637364,0.7003097205579676,0.832594462645578,0.8089835469066733,0.8045031968021618,0.9033793816957052,0.7658171516101837,0.8248170993152983,0.7997196908616321,0.7490605896375953,0.6802346673556975,0.8754062649129642
Adaptivity_Personalization_Adaptation__Learning_Support,0.6827684835924261,0.8145441817578887,0.8162417280819259,0.45447656853862,0.6143284364693299,0.8261722902345601,0.6961160524110654,0.8584854942005696,0.9298553732093199,0.9280298254390053,0.7874859005485781,0.8943075796083245,0.7256821060088596,0.8312755286094332,0.9382586367637208,0.8813402423842821,0.9401194652453146,0.8907036052334942,0.8131645595081569,1.0,0.894935203385046,0.8895220191279888,0.9028528129488452,0.8931152056389722,0.7383718146439068,0.6600321439808737,0.7791506711648131,0.8871855551389805,0.7407379147316664,0.7607536970446732,0.9196910260057611,0.7755972498554696,0.86604037732371,0.7984361564480483,0.7427801617542358,0.6659686651006752,0.7427757770647878,0.8318027715012496,0.8566804688165325,0.4188405918149631,0.5812926745627838,0.860097246189894,0.8097138665011716,0.48318118448271286,0.5547682867784889,0.4590824680547962,0.38536579528980064,0.5669535373433362,0.6683124957807881,0.18524537626469995,0.9236862547727491,0.8713029978750177,0.8261841283195367,0.9406233121046125,0.8840465769114415,0.8825904342973904,0.8632406956488389,0.5940124315788132,0.5500188702346903,0.8090955694208518,0.772127119143342,0.8069721493462823,0.6192430847685115,0.7827514275445296,0.6453432277625606,0.8020883617204556,0.8366166215889064,0.7930294431677954,0.8366002334049164,0.7495417243321935,0.7630545935029239,0.8264091445201232,0.7005349753938795,0.7497017587996861,0.6699643073502675,0.7944654602828118,0.7922496326522236,0.5271889582479291,0.6595350494814324,0.6870930335414691,0.6085801141117146,0.8358974417822197,0.9292427178161248,0.7884194519187477,0.8511407218312355,0.8748340594046627,0.9039077312994599,0.4988203770794896,0.7905051601681088,0.8890655331353816,0.9356789581932247,0.8535554958116172,0.8434693544664911,0.9172897917788697,0.9113932322212265,0.9122834070304844,0.8796564311374049,0.5506116146844702,0.7741907638072342,0.8109926073283252,0.6947487101531359,0.8228635351785809,0.7234913073378165,0.8832437497416888,0.647996681843031,0.7972798164673927,0.9343416417856515,0.901265853249593,0.784744791215336,0.8596412703232046,0.8352826476519493,0.869503171967156,0.6815925337326262,0.6872186804552736,0.8520979061438121,0.8890506655650904,0.4357721568176295,0.6781796955617018,0.5186597863199373,0.6604747721065473,0.6883922359575871,0.8077088143985611,0.7490930474896754,0.6598875120493316,0.7601335114561852,0.7907488753289479,0.9238263999391536,0.881513992372074,0.9144428278440381,0.9182024552846563,0.8229112464126923,0.93692236019817,0.9018507888122618,0.8981363730880823,0.8934428310958478,0.8798723460391008,0.8217168578586402,0.9000182358011642,0.8686582568183815,0.6681452491755699,0.8647460468397755
Adaptivity_Proactive,0.6298810531152839,0.7542030503614102,0.82597560604855,0.42053969310254574,0.5677819700500862,0.756607490986472,0.6404070923888482,0.859043362386985,0.8683774643594269,0.8817019717079895,0.791466156867648,0.8777121651364143,0.6723837128426234,0.7783027336393893,0.884183390146534,0.8174721975013622,0.8704646839247162,0.8222665894572615,0.852964551078087,0.894935203385046,1.0,0.8634003131713672,0.8308061811433811,0.8513586447191982,0.7507643003197498,0.6092618203435081,0.7356700923213363,0.849512700184978,0.7448117579641178,0.7580004936980113,0.8766259768643877,0.7724406564185511,0.8454221651256234,0.8046666959594173,0.7430840189789555,0.6817437928841025,0.7106003072631292,0.7781333287371728,0.8091354748457215,0.4662959797447473,0.609398283551869,0.8237616064837469,0.813867603400291,0.45565377990362194,0.514137473487408,0.4341942069911516,0.39293262490005526,0.5616308442163286,0.6511660248039162,0.17238082218184717,0.8830743726772979,0.8504753800152665,0.8181406622902186,0.8890740321440458,0.8837487999825989,0.9013034992065706,0.8918001724240693,0.6990909915095714,0.6545590445347897,0.7927494202220219,0.7714994440118914,0.7934878741669139,0.6204123598936359,0.7748277752047882,0.6451346390993886,0.7981966477809013,0.8305506003681258,0.770783846899235,0.8746863315114615,0.8229074531900293,0.7973514499479648,0.7904937350742285,0.6862689522025206,0.8038461248521874,0.7490049664910752,0.8073563995753478,0.8046536428451174,0.5487534206383757,0.6004030622906356,0.6254232102681473,0.6918996360732498,0.8405961877007553,0.8577642283064628,0.7883093768315065,0.7691675714842889,0.8611718370758802,0.878258235807149,0.5073215527423907,0.8031121565159536,0.8705066931066184,0.8934398939728254,0.8233368202647525,0.823480359404045,0.886385752822414,0.8721337128764851,0.9334785278417538,0.8505078340348555,0.514652079093203,0.7081757778826006,0.8151346405977015,0.725837003892837,0.8099096200922102,0.737149695284671,0.8319878802518818,0.7109952708434459,0.7678644832969169,0.8941785190661538,0.9085118149533472,0.7262637938397782,0.8006525841185018,0.8336313548741437,0.8530565041400686,0.7185103819327343,0.7581657901499705,0.8534764890326058,0.8520348773657815,0.47996443912293046,0.7605721903239396,0.5395790943486599,0.6614539358967397,0.6830599201390668,0.8439886865255463,0.7419529379413724,0.6416064136492655,0.7276406965072583,0.7961654485349001,0.8826654739552875,0.8542621611525071,0.8805503591293323,0.8704953492019359,0.7883181049262631,0.8951826376324103,0.8728165625762682,0.8771891875044934,0.9012960522389292,0.835835798381276,0.8122482769101147,0.8899416840314122,0.8453302872734954,0.6880495678618336,0.880814895561371
Adaptivity_Scenario_Element_Integration,0.6772482425868425,0.7728930929619222,0.7565657095887053,0.4770544384633369,0.6291028372212244,0.7642137511090492,0.6902913901855298,0.8064956339836542,0.8841953856437743,0.8887270168130657,0.7783306297940593,0.9009774225575797,0.7073016499599893,0.7747097102320415,0.8610839484359797,0.8641917715062574,0.8876395059492386,0.8649268967205531,0.7604968348589256,0.8895220191279888,0.8634003131713672,1.0,0.862477814817376,0.8345668162790496,0.7305477911969542,0.6293691918592459,0.7405516247999994,0.8306231655696175,0.7206364583117917,0.7312627873860145,0.8768920926023652,0.7697211967928199,0.8259299376152017,0.8123257713460945,0.7210763634472839,0.7108803711083325,0.7626033790586239,0.7957046913518373,0.8456946294805318,0.36458353902629476,0.5412304642603251,0.8054881784601023,0.812450769582104,0.5104263037322734,0.5535550462285327,0.4708985724468689,0.37233800731494937,0.5313752264756996,0.6982826956691204,0.17016882368964514,0.8956184932095104,0.8515296193073317,0.7512465681607587,0.8936721830391843,0.837913684946174,0.879628461113309,0.8540618908498879,0.5678660147526144,0.5191811939207495,0.8113811114867556,0.7485118261157201,0.7832727160757091,0.5951467093642868,0.7747431410226067,0.6260121385829054,0.7821561808276811,0.7996068320806563,0.7683072532077038,0.8278381597587465,0.7099453840873573,0.7839262477065932,0.8432711245292388,0.6526137739915945,0.6909402512207861,0.6642206733107823,0.7604974913489135,0.7577011554863092,0.490356895230279,0.6219214028833181,0.650974424357739,0.5612192096069502,0.7843918723565277,0.8609565183878742,0.7250884266403065,0.7970350980870802,0.805288524330405,0.8367374444931589,0.4592425625797973,0.7774568351937913,0.8553690920900893,0.8934489569108882,0.8520974195457337,0.8531902645923497,0.8534834140375986,0.8451950388158974,0.8644426150606555,0.8682905622868963,0.5423485556278475,0.7320956966912444,0.7453322464106711,0.6591354047597684,0.7705829275067128,0.6646356922218041,0.8502147349309932,0.5773006892815302,0.729473383933069,0.8920939748984457,0.8490456690023518,0.7406963013256506,0.8046162377602671,0.8265975242283122,0.7997826225844262,0.6393346015778816,0.6313538199172196,0.7930915260136202,0.8295563817847281,0.4047942822818121,0.6410710177535754,0.49603281254319864,0.6427972347897497,0.6681053847268061,0.7472161041849427,0.6918061630843335,0.7015660612806327,0.7173148658019934,0.7246867437086684,0.8668482298063539,0.8114364165289806,0.8532400601004528,0.8547331999641465,0.8345211188987276,0.864933766151474,0.8270598877318867,0.8273336173012679,0.8174351046224332,0.8493125181110066,0.7648148752816278,0.8848872469187625,0.8603506844530747,0.6516929912631826,0.7953434715361465
Adaptivity_Student_level_calibration,0.6856011403549371,0.7828814891950769,0.7415883322782386,0.45172224553670837,0.6038766129670445,0.7880805764781023,0.6813838593269358,0.8102971331736469,0.8687434297163423,0.9002148297544016,0.7741128043268365,0.861492436972028,0.7355155532237516,0.8004131316668022,0.87556179217729,0.8762335673684964,0.9148849900654067,0.9073539771924257,0.7261599349412808,0.9028528129488452,0.8308061811433811,0.862477814817376,1.0,0.8408848992349444,0.6947830676340757,0.6298617380251837,0.749238836812833,0.8439556751825033,0.7136547506228623,0.7145068127551303,0.885293027859981,0.7383938706147065,0.8264167171724028,0.7661931465178377,0.7038981512458244,0.6471706618672726,0.7454537258763214,0.8098663382971747,0.8322915480784575,0.3320186794876318,0.48954872856180387,0.7952329715654936,0.7758554320492044,0.4806426430320573,0.5478914257398301,0.4835024789324512,0.3562890192450294,0.5226562038210403,0.66033659630293,0.16018168070487493,0.8933933326248416,0.8278772152002475,0.7462398540850967,0.8863460484137141,0.82917536513108,0.8168242811309144,0.7933270879426277,0.5201784702918354,0.4726907446620013,0.7931468067344303,0.734276528550048,0.7513126749208887,0.5842895996194521,0.7434532619329445,0.6220536597553566,0.7555558340609135,0.7912677954578362,0.758593214630775,0.7614404923074228,0.664570686236405,0.722573510750602,0.8108631921291088,0.6416693720906079,0.6498718630130161,0.5990256052477584,0.7437353717890479,0.7319169053138038,0.47118632009765793,0.6253098989304428,0.6537093664828232,0.5259839462046401,0.7572294607196328,0.902147765689643,0.7067739866669903,0.858609511310853,0.8003192495143706,0.841158521204051,0.4372121472303306,0.736571350805908,0.8435376714500138,0.8849892837974264,0.8585700476117446,0.8474379404477655,0.8655305781067784,0.8527079565000827,0.8329137193894145,0.8718247316539246,0.53827553434644,0.7723954876283948,0.7286417255087999,0.612653186349139,0.751826394774617,0.6464719679411113,0.8527627726655019,0.5507392623772447,0.7398688342583701,0.8829386045031461,0.8296688433665348,0.8000512740545265,0.841784062581327,0.7798831592912879,0.7843772120056921,0.6012999449278132,0.590670604949793,0.7670388218153597,0.8128972477448749,0.3708456697787715,0.5995893864236262,0.45254843209775686,0.6233034419032321,0.6330764175211264,0.7181862450796812,0.6789902306489912,0.6847479817154939,0.7283441028361787,0.7175955290634618,0.8652517186209499,0.8090887681571508,0.8412034789779165,0.8399158319327944,0.8254424192325979,0.8617477145505741,0.823517553845292,0.8247120467679473,0.804518560366445,0.8585341492646736,0.7552576780490177,0.8506181459710964,0.839676905531171,0.6280546161405363,0.7858201484442869
Adaptivity_Unstuck_effectively_adapts_its,0.6498217256349019,0.7751126602478556,0.7752398218336451,0.44128803416150797,0.5835981963243461,0.7919265116637603,0.6588777722655108,0.8092875735279745,0.8817244242691689,0.8913825425995098,0.7380536800054501,0.8486780281064921,0.7178971418381339,0.8176993373748169,0.9089810856641107,0.8292206186171449,0.8820693289382526,0.8374116196760362,0.7744702743797126,0.8931152056389722,0.8513586447191982,0.8345668162790496,0.8408848992349444,1.0,0.6992923208909116,0.6261710971381399,0.7448284030519212,0.850369153671466,0.6991696283491292,0.7080092426472656,0.8579339018311364,0.7324555762006189,0.8214873689828501,0.7477209769617279,0.70953357230723,0.6324962380834305,0.7277949468227521,0.814641136841537,0.8231668016710464,0.42490227223036114,0.5536698073902582,0.834290507571494,0.7831640821090167,0.4672535584171534,0.5343417011230008,0.4591093579120847,0.3666565984508919,0.5614722810062341,0.629686507979603,0.15186591981992795,0.8726740057794178,0.8415987627094627,0.7925043214080699,0.8896639691841672,0.8364680665486368,0.8189422109605781,0.7944221776687721,0.5595380707577482,0.5164050627062007,0.748267245382339,0.7263924091193213,0.7493546406890595,0.5889743230644053,0.7335602774041431,0.6001515781784846,0.7357622324115723,0.7973582438868713,0.7603415971935296,0.7742392921545888,0.6926309018942235,0.7041814669183881,0.7656916763098507,0.664258422509367,0.6933956726921405,0.6157367148496892,0.7515050831693194,0.7440156856415782,0.49822095513465003,0.6238371933570477,0.6450852677198015,0.5814397616985946,0.7919796126202278,0.8661495568279238,0.7496932236068521,0.8207588518581441,0.8362157365659164,0.8597669040669514,0.4585040976460195,0.7501148177366253,0.8413254725728899,0.8862389706082523,0.8081701900933036,0.8077153212863305,0.8797801112935398,0.8640111776435466,0.8630901532180437,0.8213515675701775,0.5329523864077289,0.7412398396001422,0.7884524313121476,0.6499319649865505,0.7825091396366203,0.6827439960977392,0.8534084922157383,0.6231746133877792,0.8007162219334586,0.8818013317830438,0.8537725113761078,0.7584592148368997,0.8256995194657224,0.7738989235221044,0.8303780019450774,0.6377991273195552,0.6465196254837136,0.8032329376503313,0.838278402799992,0.4169984163696553,0.6279079758763776,0.48356257631679345,0.6189758876716479,0.6506677994273792,0.767585550343889,0.7200378715294031,0.6120708531255411,0.7340817682539065,0.7580613190272935,0.8873319858565242,0.860970498208909,0.8746770925150047,0.8811802859277077,0.7913458639666122,0.8808191034192364,0.8689061205882413,0.8697625919367262,0.8487820059613007,0.8280042103848642,0.7754945269270525,0.8437052446327401,0.8300153363580784,0.6208347599713422,0.8259767015471103
Affect_and_Relational_Support_Communicate_with_positive_tone,0.4945793308426122,0.6330903076540404,0.7003569695609246,0.31791102701893076,0.44454564062042146,0.6544255363473092,0.515863975098334,0.6797392476420192,0.769150323906057,0.7324142293889058,0.6847035141723828,0.7273938556109727,0.6544506237512696,0.6912837993389654,0.745162036289412,0.7074043868668268,0.7223661643578239,0.6758686380571719,0.6626010402730024,0.7383718146439068,0.7507643003197498,0.7305477911969542,0.6947830676340757,0.6992923208909116,1.0,0.5715121211407839,0.824728797225881,0.7599599524675181,0.7076616126028696,0.8562767758178992,0.7658607392827836,0.8802282432590525,0.7634130218600239,0.8246194979417961,0.9019266342982379,0.6064534772955295,0.5637515056220229,0.6541781582334152,0.6269678956953086,0.23823563692459326,0.4234540657173623,0.6755304665997598,0.6546591633036365,0.34759635228475116,0.38589168767863086,0.3541316830953126,0.25284934519386426,0.4134236142666546,0.48258119708263486,0.05242258125481161,0.7134624191839726,0.7601657358705345,0.682982016369039,0.7384747341923665,0.7277154149269635,0.7439444568633884,0.754755875711749,0.480639796700327,0.4488411474346481,0.7931113166721598,0.8451968613522123,0.9097445936058224,0.7909827568098001,0.8786533291818152,0.7997465486536306,0.773424494750716,0.8022876142547773,0.8245010857524425,0.7453775597472783,0.6968207438655066,0.6682376913774924,0.6759997908556329,0.7185415461196529,0.6629761381215804,0.5805862501173631,0.7729027529560254,0.7967153691617909,0.5221959880546684,0.5685759726804422,0.5786778283348518,0.4569978095678657,0.6726918585672976,0.7539831473074442,0.6396914555407553,0.6779985564649567,0.7806608702579709,0.8288158330047919,0.48536037402757287,0.5981626051974651,0.6820830514916483,0.7097772062280585,0.6434400902138511,0.6438727050889671,0.7485592838958737,0.7422705288836232,0.7734563420782681,0.6830140335790506,0.3734448629970433,0.6788055700740927,0.6902785727003383,0.5967563119396003,0.70166575117073,0.5732838607551336,0.6650278516517951,0.5461590240589599,0.700995466055551,0.7272845498184987,0.723391248972806,0.6501321351923961,0.7279116945300719,0.6733637453685396,0.7030391890630183,0.5168765500093299,0.5726299596674956,0.6887875793407485,0.7131079512680238,0.42683243367768636,0.5424619922029759,0.5165281219907651,0.706907919048698,0.6154215607249826,0.6499929431724125,0.6820639508750885,0.6155605534864822,0.6636780555423867,0.6669295346576349,0.7190209828587066,0.7566552246826345,0.7626961655200599,0.7203777741597064,0.6337169603848041,0.7303604222266072,0.750504861899134,0.7535420418904799,0.7075888432432157,0.6937316980652788,0.6473348357105224,0.7720283122794962,0.6684489059018888,0.5901081778892809,0.6845926877861979
Affect_and_Relational_Support_Cultural_analogies,0.4277373387370499,0.5489994807210482,0.5262672799499003,0.2515008853234563,0.3847066143681174,0.5728565034071724,0.45800990757334925,0.5841764100086717,0.6643561745373496,0.6210685132969929,0.5268761765159925,0.6074832338733679,0.5376349525576392,0.5830223962427603,0.6511649658306019,0.7299087878922812,0.6570216646775469,0.5979057165506751,0.5026508698380788,0.6600321439808737,0.6092618203435081,0.6293691918592459,0.6298617380251837,0.6261710971381399,0.5715121211407839,1.0,0.6451177486696252,0.6060258303612801,0.5149767682902678,0.6106862288020715,0.6323866501373436,0.5599295363930686,0.5881168063636907,0.5499362602709139,0.5726604787197718,0.4561380494811732,0.4508910262595066,0.5442678763050631,0.5396987426010548,0.13817744974165103,0.35050595734762174,0.5622427787467501,0.5356322812443742,0.27507451682574957,0.25603094248381686,0.308235522490213,0.13388949387910282,0.2728983509638876,0.40960417320876336,0.07458106710875521,0.6131474906829849,0.5957906984640059,0.5167296807074936,0.6338832301289494,0.6166210861059069,0.599396187782338,0.6001367633154974,0.32660465553506784,0.3162976425141886,0.5849213716465539,0.5618017582226088,0.5856227724085231,0.47218794524675833,0.560623708318626,0.5017346985765924,0.6196888935104972,0.6482042971714291,0.5778394833985959,0.565130727549575,0.5014879365799106,0.5322514413794284,0.5603661498525022,0.5398833257610934,0.46838508844994003,0.4143966943064079,0.6357454836299975,0.630885349869539,0.38905693492316795,0.8512551964647042,0.8553309717086985,0.30275291873640453,0.5677179272764994,0.6611482114151188,0.46674536288113005,0.6507403804429805,0.5817840802461193,0.6325004351037783,0.342409969053522,0.49590384197329457,0.5814180173948325,0.6385598123569537,0.5700693307741361,0.5625699035739558,0.623093835788731,0.6223342090817174,0.6017038942841587,0.5869065980596295,0.2552276314797744,0.6451286461585624,0.5885075497509628,0.40144281052021247,0.5578359796619566,0.4949893657623904,0.5996978837653245,0.3763482978447989,0.5811774968242011,0.6070739858733454,0.5835008796342028,0.5101697615304103,0.5834429966091178,0.5421091352960791,0.5721089282512443,0.41185683853286237,0.4011052672781482,0.5787403935764788,0.6215790688987213,0.24293074028843234,0.38641458402086104,0.34206242800551917,0.49575681238459224,0.46286400102776715,0.49049175122941846,0.5832320091254727,0.4727720852233501,0.5146989179481006,0.5047462064475488,0.6074043928989179,0.5810439919711082,0.6102185349427028,0.6123144170374399,0.5193348259305904,0.6203650604995038,0.6147323972483771,0.6145316845094891,0.580458353887318,0.6409052541694313,0.5323584108120976,0.5977659465192072,0.5662380869526901,0.4682940401525279,0.5382791600666523
Affect_and_Relational_Support_Emotional_component_calibration,0.5534968687603318,0.6833363439811848,0.6797207843700165,0.35472362817285363,0.49680446642967097,0.7265447992302929,0.5740293803617736,0.6613690219789767,0.801777996844068,0.7713362315493232,0.6607085475948056,0.7289670823700944,0.7382015759268088,0.7612012577317908,0.7927084686206853,0.7579853607752708,0.7695450425724301,0.7263673128945031,0.6017429265677251,0.7791506711648131,0.7356700923213363,0.7405516247999994,0.749238836812833,0.7448284030519212,0.824728797225881,0.6451177486696252,1.0,0.7916914129330298,0.678974070569029,0.8575898843248961,0.790612584323882,0.7854804166718701,0.7735165120136585,0.7630846814797828,0.8472820854109561,0.5828179307898124,0.5986482140555813,0.7300639115235565,0.6712572652306168,0.16554906161541721,0.3608105875812649,0.7068409675416224,0.6576365232611149,0.39101759819385956,0.4370975061101618,0.4001504551624971,0.25029984768729113,0.4057296637984665,0.5137358355858921,0.0189596667070904,0.7428415934594014,0.768215690454729,0.6748180807803333,0.7704855600104868,0.7263915165465175,0.7126985524992144,0.7030160690675527,0.37094617164207794,0.3339409824259296,0.7257171050869857,0.7861039297098992,0.8348194784452704,0.6836291769637743,0.7827257602890951,0.706611639311573,0.7575721857983078,0.819468338393309,0.8466393398116325,0.6874947626079769,0.6084798600216611,0.6255599263920767,0.6772197203467037,0.746484930656279,0.5720406260176901,0.4865334134931062,0.7679269383456315,0.7783838365838583,0.5002629251559801,0.6647993018319697,0.6770144980945224,0.35628836795522256,0.6540807918450261,0.7995473776960816,0.6108516982623051,0.7625242313493625,0.7775771504062938,0.835300872556492,0.5072182333815458,0.5840155423355429,0.6976944482008924,0.7433987848204705,0.6879309666104549,0.6812092871988662,0.7814818236700605,0.7752493957321698,0.7511357316664182,0.7079826817509808,0.42394422004862425,0.7787699920088654,0.6978651625795947,0.5115697508085106,0.7079112013921331,0.5258684700255859,0.7195654816670091,0.456076162433819,0.7405576331637719,0.7438770415681706,0.7163580091424722,0.7106798809472875,0.7823934108120871,0.655064632041907,0.6988275298376343,0.456762778198318,0.4893111701279471,0.6671686822006492,0.7259148117133398,0.40720055435962904,0.4497693421643455,0.5202250562158116,0.6991227451458834,0.6317415227138714,0.6060497750935984,0.7044383977276308,0.5775714264189602,0.6959062270169003,0.632358591449054,0.7523546732960932,0.7765031333439745,0.7789272951321752,0.7554046068951719,0.6631250563778427,0.7599280639143454,0.7692691681900719,0.7833323696950047,0.7020963805345731,0.7199258881213123,0.6202899803648729,0.7671722059728701,0.6880507056810288,0.5595742748028235,0.6729288539760788
Affect_and_Relational_Support_Fluency,0.6762566841887766,0.821982570392136,0.783652756724992,0.4577799433629713,0.6089811529637162,0.8306412663697529,0.6830125201109777,0.7688939077107606,0.8941291056556279,0.8967673296984101,0.7732430150336217,0.8293283611822234,0.7401491610662201,0.8312111254252086,0.904071288898914,0.8284377220938284,0.8947362412951283,0.8369440889529633,0.7479668729980204,0.8871855551389805,0.849512700184978,0.8306231655696175,0.8439556751825033,0.850369153671466,0.7599599524675181,0.6060258303612801,0.7916914129330298,1.0,0.789070014327081,0.7647090281677882,0.9337346362715331,0.7707618894226269,0.9400201092992236,0.8120953728496911,0.7688563378789015,0.642784071869927,0.7128082527549517,0.8456551133344113,0.8145472708908927,0.33847343115037964,0.5038250265390667,0.8735356315212882,0.8073847435547855,0.4824550137481119,0.5512269259487362,0.438400910391807,0.3960226272971211,0.5773265470940645,0.6378417577769832,0.15421245350348967,0.8614297406344207,0.8437901045946551,0.7930592219190503,0.8895472288453375,0.8158222227806963,0.8127296566424932,0.782661307819842,0.519236710101432,0.47385749209394445,0.7886669416213213,0.775319255409107,0.8112019795468669,0.6344717230217048,0.7769643341072345,0.65497298358737,0.7825599893766136,0.8348070932683144,0.7993386003776435,0.7720747500323447,0.6977447193801638,0.695993776579685,0.7448663230087289,0.706060959621643,0.6985279768059426,0.5999056421196677,0.774203986706383,0.7823780937450904,0.5443626516206393,0.6191295462283284,0.6419401794179789,0.5345102558150203,0.7575046194837266,0.9241779886953171,0.7277535885973583,0.8541887315807637,0.873126202003872,0.9050060522627178,0.4577052492602414,0.7291213608639343,0.8304572719219039,0.8741334816332881,0.7962965201918405,0.7891419782289083,0.9390921484202455,0.9420965801834227,0.8790204951532194,0.8248656404987124,0.5535079819546262,0.7937276190297979,0.7663839927904097,0.6389317627675531,0.775838083313039,0.6556969353517524,0.867487421361883,0.6108466729247393,0.7998120804480667,0.8703257288206575,0.8519792639947364,0.8640767100502742,0.9347181377186325,0.7662973343889691,0.813082540950763,0.5996789236390618,0.6250688472906962,0.7753647391661035,0.8167120370756634,0.3872634915411852,0.6010382273400864,0.48572924109919136,0.642749086838319,0.6477290973254268,0.7398190742435633,0.7350810458910143,0.6473996020708671,0.7858639283161075,0.7591262822633329,0.9191981033871748,0.9120962041429327,0.9216017198287926,0.90452050974712,0.7792999129009803,0.893722925321364,0.9225192641404403,0.9160355552833747,0.8367359841797454,0.8147683689699241,0.7627498064037035,0.8704782257531405,0.8265957164040736,0.6203562514590003,0.8206156937900572
Affect_and_Relational_Support_Human_likeness,0.5042024403936419,0.6181691394840757,0.6520007116125993,0.36378116142274053,0.44756557298886807,0.6207169943010908,0.4997212170146333,0.6619883813349858,0.746662816295625,0.7695967848073348,0.7551949134391607,0.7182197117733277,0.6654220230838631,0.6689714878218781,0.7419295446824791,0.6837111234643155,0.7559522682652715,0.7094124887683833,0.6485121675705758,0.7407379147316664,0.7448117579641178,0.7206364583117917,0.7136547506228623,0.6991696283491292,0.7076616126028696,0.5149767682902678,0.678974070569029,0.789070014327081,1.0,0.6756482673057342,0.7865003587065434,0.7195962228454273,0.8025875711697498,0.7864749892616554,0.706709711987638,0.6194130051131481,0.6330601605898981,0.7018610699747705,0.6724465709539944,0.31147995755066166,0.454302324768709,0.7213779580424985,0.7315578813530398,0.40408202207225863,0.425265236756187,0.39916120839299135,0.4432637295912212,0.5494625866772443,0.5354092763340348,0.14267199595226956,0.7112197210216241,0.705332675277023,0.6512163687234699,0.7355502669008689,0.6845409728578761,0.7420090701982098,0.724636105946261,0.47249089560840885,0.4370441404678969,0.7248514770543637,0.6615897667637961,0.7267137157460207,0.5713916145269505,0.7106574340619172,0.562246019565679,0.7049174164827784,0.7308374173155677,0.7010768061475343,0.7125725036819439,0.6378090073801069,0.6568635088546356,0.6760297505497431,0.5723237044388703,0.6012637889687288,0.5546458404209849,0.680514453127081,0.6969777374684237,0.4637092000039329,0.5076519392453478,0.519897367848017,0.493096429417675,0.6339376543478866,0.7566039028142743,0.6088581645089156,0.6584090574654975,0.7410255321035988,0.7517685381731234,0.3628735234375685,0.6483617319007937,0.7023059955204729,0.7322418547546807,0.6873960362038065,0.6824906115077826,0.7772712773377388,0.7691493006239147,0.7827244152986835,0.7320491003321816,0.4419490924248432,0.609303518900834,0.6171469766089183,0.5380547707089092,0.6364641087432499,0.5612662310870238,0.6891209167428022,0.514246972968346,0.6230932430769336,0.7377001524652904,0.7182675519444096,0.6788485001489286,0.7414481473909861,0.695477739615184,0.660766578494241,0.5573867526543155,0.5523354986821478,0.6480500729047227,0.6916431534325721,0.31641097637932386,0.5307792073587879,0.38324348952926507,0.5500431087431624,0.5426192924424998,0.6333028028036921,0.5969793593394092,0.5942107597620434,0.6260423987099919,0.6214813485985069,0.7526226570927473,0.7728267704792482,0.7828866818121424,0.730344545713426,0.655270298397801,0.7324984345900512,0.7520298032868289,0.7549215252622544,0.6905048600196309,0.6752400922476769,0.6616297000857825,0.782154743247353,0.7178884210008574,0.5437727315852426,0.6824320431740831
Affect_and_Relational_Support_Learning_Exploration,0.524229057187102,0.6581801279438269,0.7434817668229196,0.3437059204204255,0.47338566108897934,0.6909299899946438,0.5430111228894939,0.6955846006110822,0.7733059783762376,0.7395841652981391,0.6769313802697704,0.7223877501176118,0.6600393581625047,0.7124982764210445,0.766299071967043,0.7196625240072448,0.7362426661675783,0.6908834972203661,0.6792845959236702,0.7607536970446732,0.7580004936980113,0.7312627873860145,0.7145068127551303,0.7080092426472656,0.8562767758178992,0.6106862288020715,0.8575898843248961,0.7647090281677882,0.6756482673057342,1.0,0.7704467059693931,0.7952925415296624,0.7609022973787253,0.7678636440469632,0.8674418866284825,0.5978638423779841,0.571007856209539,0.6718972975362032,0.6521765606744537,0.2730604744489778,0.44080394385138455,0.6958341270503724,0.6591751236863755,0.37287771012756865,0.4027902908606753,0.35481664965225057,0.29122256290677917,0.4487135085380955,0.507387846608462,0.06182419919790635,0.7275968813596643,0.7514373583092184,0.7030724812934095,0.7447394429169829,0.7391567077410194,0.7372467400706691,0.7379051244177418,0.48413076572546976,0.4485418527766192,0.7494197334198871,0.8185160463968891,0.8530581644488521,0.7121836646791051,0.8036135561134292,0.748550380219814,0.7808209793564679,0.8358621050953193,0.837339775637911,0.7377301453786731,0.6807585342631175,0.6634638140215321,0.6717737208509489,0.754671939742692,0.6731648808731444,0.5714156454420726,0.7971396774846062,0.8097613014102083,0.542042294178417,0.6084649335330298,0.623099032357151,0.4672833031019795,0.7008957172057185,0.7681639729491211,0.6610748819878497,0.69868887501268,0.7716072868869863,0.8219421417854673,0.5210106555059624,0.6021736431484344,0.6888473081208178,0.7227772748728483,0.6619074093709542,0.6597538380076341,0.7591248501719765,0.7603040328444114,0.7665230394663578,0.6977477151598264,0.3963424746470874,0.6832197175529687,0.7177578013972288,0.6119344964136513,0.7314644558283135,0.6041938004624025,0.6866608075472096,0.5747699101267959,0.7385758845694779,0.7313232610655463,0.7339754122501366,0.6626475559063105,0.7310309546712562,0.6827411330461337,0.7287199251500225,0.5351302425899217,0.5878903198897396,0.7127289542266377,0.7365422180518885,0.46636457557939515,0.5505945856525204,0.5583118536301445,0.7564039921890678,0.6470221273963238,0.6759561920142029,0.7164973977225602,0.589226650008662,0.6854291053060586,0.7028825259746242,0.7347873663584904,0.7635804260951355,0.760591372991465,0.7381980171388807,0.6492459566669366,0.7509479544616448,0.7569869520848649,0.7686954821885768,0.7378907564651868,0.7088162707469139,0.6744430627859946,0.7688818884813634,0.6796696415185609,0.5939362930224849,0.7067361452277581
Affect_and_Relational_Support_Role__Tone_Consistency,0.6623508223397591,0.8115319237181654,0.7888530259273417,0.4550700540874641,0.5952525011598482,0.8173494117659285,0.677096008585321,0.7980815916598776,0.9049308114960851,0.9298993617556781,0.7983027243488199,0.8649057665432933,0.7436121144145381,0.8247896495739103,0.9050475657420254,0.8562547083206105,0.9284404720812741,0.8681518822022085,0.7675865345919494,0.9196910260057611,0.8766259768643877,0.8768920926023652,0.885293027859981,0.8579339018311364,0.7658607392827836,0.6323866501373436,0.790612584323882,0.9337346362715331,0.7865003587065434,0.7704467059693931,1.0,0.790698548642741,0.9211722400589448,0.8368400363572782,0.7665576201128238,0.6736496840816412,0.7321762198760784,0.8408703422669845,0.8331234531349395,0.35766519268314684,0.5414333023013438,0.8694589634790052,0.8237909002802342,0.4811642950976184,0.5553721622373201,0.45704065514248693,0.38523579956136617,0.5653584747511783,0.6456489490463129,0.1753339214778058,0.889485633973968,0.854486116539858,0.7886047698803185,0.9127750185690702,0.8340334029708486,0.8511064244519856,0.823318205982802,0.5479221251300223,0.5017380379123428,0.813573499567022,0.7816195242276669,0.8202138375594532,0.6337639386586702,0.7946932153331187,0.6566990823643603,0.799702304393569,0.8400697945126683,0.7975501078569215,0.8093618272822446,0.7206941918126375,0.7414179465139379,0.784290212820139,0.703237304182691,0.7136867230209744,0.630861601927873,0.7967940285466457,0.7972222950654726,0.5324298996422184,0.6409082443478513,0.6651129188592297,0.5617636310551115,0.7723841662962918,0.9367097178800179,0.7374304510891097,0.8478694491734405,0.8710081122566834,0.9037247483746862,0.47077318569514415,0.7566735284708954,0.8595505304873721,0.9058501032275663,0.8218848311901489,0.8167481546623733,0.9354722017517112,0.9356360449387643,0.9004238470384814,0.8538946863196929,0.5529729260897164,0.7813638314649147,0.7796133000969456,0.6457701764961321,0.7807220127980441,0.6778197387769895,0.8775357038995243,0.6140462311094613,0.7783516756814435,0.9026640241439556,0.8696516478413733,0.8133882171119633,0.8908549848602323,0.8028076998423768,0.8176071824258878,0.6285284352761278,0.6442718972911382,0.7967710592487719,0.8306306364640729,0.41200489949591684,0.6317474082995186,0.49609954602799367,0.6512085656953167,0.6667554427296774,0.7585348431171438,0.7480293452637041,0.6686682446344979,0.7756087865253185,0.7603841213442657,0.920225995683309,0.8888525121113076,0.9151276799204849,0.9076202720949866,0.7958812771826447,0.9035251858991804,0.9016303263670523,0.898766356493761,0.8468091979828442,0.8318863524408445,0.7842053519374033,0.9049231844868998,0.8513920213466049,0.6415184590640803,0.8263365149944878
Affect_and_Relational_Support_Speaks_encouragingly,0.5286256873711699,0.6505803553885038,0.7157021404406335,0.3766010759117288,0.494629397017106,0.6722247945703147,0.5453869465573966,0.7224311732856328,0.7889458328641068,0.7695525915488417,0.7312327303091997,0.7776031719295736,0.6506049458654414,0.6966144066450589,0.770696543801625,0.7268366669436627,0.7603326374634501,0.719993234403192,0.6925386710614738,0.7755972498554696,0.7724406564185511,0.7697211967928199,0.7383938706147065,0.7324555762006189,0.8802282432590525,0.5599295363930686,0.7854804166718701,0.7707618894226269,0.7195962228454273,0.7952925415296624,0.790698548642741,1.0,0.7794584934610116,0.8671474935761677,0.8559172715981778,0.6608501704838613,0.5956223571050799,0.6760716949414713,0.6739197833036631,0.3008016726445943,0.48819255663830535,0.7064722006364509,0.6889391077878354,0.39751826970580245,0.4277803365962555,0.3615066531664325,0.3009205992036562,0.4786819621035807,0.5415020433489796,0.09059341200344337,0.7583561160481851,0.7669042426405746,0.7058692090384425,0.7716803958748807,0.7626677427743491,0.7831413131457053,0.7922888343784924,0.5318926065036982,0.500865812482466,0.8441564633500274,0.8406468658281463,0.9059825116527113,0.7814492069935002,0.9543729444039665,0.7902430105594371,0.757442460642704,0.7834399075828306,0.7978674153280614,0.7963126387227717,0.721875364995136,0.7261812123164728,0.7513797577835106,0.6917846348849414,0.680682741076187,0.6395126471819734,0.7477052068600182,0.7619288236680875,0.4940879533822461,0.5557513236315815,0.5702139501460602,0.5175168235875046,0.7036833716713499,0.7704168576683937,0.6785752553677782,0.6903859749503516,0.7937621884391766,0.8363256281519886,0.4729472474664256,0.6554723660071065,0.7277543932929497,0.7574547259928439,0.6898808043660904,0.693729626439358,0.7646606977218409,0.7581457410278541,0.7906898674965649,0.733019748227373,0.42202428312371637,0.6562030765426635,0.7006872417424133,0.6182667492120958,0.7281141327848604,0.6067340425075879,0.6969360675873484,0.5723944077985369,0.6912328074933073,0.7746578189685885,0.7521439145899397,0.681885158594633,0.7421755606369996,0.7351306765839772,0.7301695418954025,0.6004894742559673,0.6075463356241677,0.7220880746578959,0.7522965558652864,0.43078699604232445,0.5837653787059841,0.5067356017726382,0.689403028613755,0.6422071962819181,0.695790242881563,0.6648716317020578,0.6853672037955844,0.678724284660386,0.6828836803268372,0.7484921356832335,0.7665937152470332,0.7830011191010685,0.7443155769963037,0.6812944876348889,0.7643963799468605,0.7625357932693396,0.7625155807189723,0.7386048828211442,0.7252991533213106,0.7030638515897409,0.8200718307581542,0.716256396397651,0.6103918971477094,0.7153882835370466
Affect_and_Relational_Support_Style_and_Tone,0.6348815324806864,0.7867612515222364,0.7640462932576084,0.4311256088880284,0.5764471573616038,0.7889302720139161,0.6495758817109519,0.7505985278552353,0.8640766902698162,0.8886887539710909,0.7904212761518362,0.824079865413581,0.7223439540545247,0.7965328010204522,0.8693376055001893,0.8143812567483326,0.878644258877738,0.8235573608591878,0.7431495708778771,0.86604037732371,0.8454221651256234,0.8259299376152017,0.8264167171724028,0.8214873689828501,0.7634130218600239,0.5881168063636907,0.7735165120136585,0.9400201092992236,0.8025875711697498,0.7609022973787253,0.9211722400589448,0.7794584934610116,1.0,0.8278885863355363,0.7684852693123005,0.6599132101770652,0.7023807436100045,0.8259582895300868,0.7954752985698116,0.34181952285916367,0.5104190548534027,0.8608676896320326,0.8240997665577641,0.46275701170643085,0.5303301901459954,0.43009109873045,0.4062782163398884,0.5708759068842136,0.6286212279315646,0.17267947925631608,0.841700736499262,0.8320612568443132,0.7647736701618199,0.8689963095553466,0.8011363980856095,0.8117300773849752,0.7878341665076347,0.524016212263723,0.48006502125741657,0.7883368722596903,0.7686471840515569,0.8059759772503928,0.6299990894038331,0.7781970751120757,0.6538624554493366,0.7753677569482466,0.8234206993983997,0.7862559009300087,0.7786566835487914,0.7102455826362186,0.7028401147428821,0.7431179435859362,0.6953969109003055,0.6897401203325009,0.6060127361579002,0.7668540940971841,0.7733273712157253,0.5436542030872,0.5876220211446457,0.6228662199565878,0.5389722297817292,0.7384297756056554,0.8959394775808222,0.712675870901405,0.8098226470694159,0.8568223790347764,0.874676353796018,0.44203192177776024,0.7187476493364416,0.8141822835213006,0.8573755890512499,0.7819673812537099,0.7771559002321349,0.9214329570929877,0.9195599864356471,0.8756132770710711,0.815293785335864,0.5343249150914131,0.755392341889133,0.7420510169077988,0.6314232766191958,0.7600137603904059,0.6537636325760848,0.8396317504808074,0.609157755001736,0.7683488743999699,0.852697400296627,0.833452933999123,0.8339491274617273,0.8948254216121113,0.7640890678918435,0.7862878718514243,0.6079251162029019,0.6217812717766097,0.7641615503630382,0.801229201542689,0.38883878951452144,0.6042337559319331,0.4632256089949514,0.63765970033651,0.6378651441336819,0.7292290879569592,0.7095989902726074,0.6363120281871978,0.7641872762555856,0.7444662653712061,0.9022391071308141,0.9008530883138705,0.910176614861661,0.8781272994692898,0.7625041656811821,0.8636834371892688,0.9025181972046008,0.9002034446072019,0.8107492614962121,0.7935835454488409,0.7580921991444033,0.8757004300647262,0.8195298707014713,0.6278238163213662,0.7994662494716818
Affect_and_Relational_Support_Tutor_tone,0.5604619120446442,0.6775394978720451,0.7072955665460033,0.42729841210337727,0.5159686618786706,0.6765261674251003,0.5648686027663784,0.730361436527818,0.8191343269593799,0.8143965850074958,0.7640876556865267,0.811503227826571,0.6863410840472184,0.7146494147207312,0.7767930203738463,0.7427815343794919,0.7962381176119674,0.7595857988091604,0.7016592661804222,0.7984361564480483,0.8046666959594173,0.8123257713460945,0.7661931465178377,0.7477209769617279,0.8246194979417961,0.5499362602709139,0.7630846814797828,0.8120953728496911,0.7864749892616554,0.7678636440469632,0.8368400363572782,0.8671474935761677,0.8278885863355363,1.0,0.8099403408160256,0.7435105200717069,0.6622434967716789,0.7211480652376832,0.7319073644959816,0.30429556226572346,0.49373737438553783,0.746386989331796,0.7579237142995022,0.4445866697810574,0.47164410480210534,0.43335843910728716,0.3610727255279727,0.4908673931815336,0.5971101709931952,0.13443693625569958,0.7856460922384462,0.770932640470726,0.700569362479577,0.7949510120309267,0.7525815707662508,0.8122498070206725,0.8066830440064202,0.528334115695179,0.48976933400847744,0.8369062320518748,0.7806779712258366,0.8587225013720929,0.7165015335697911,0.8671154260159728,0.6935955486447728,0.7768348917531958,0.7902185975524333,0.7877389393247506,0.7943897698301724,0.7335890587385837,0.7500967201332651,0.7766150221396856,0.6696714523950622,0.6686025121101106,0.6207361720829128,0.7480220280478938,0.7645486914083393,0.5115489426549247,0.5519904431157796,0.5606170358123869,0.5153145001617244,0.693297009541874,0.8010654478969991,0.6636094046387806,0.7027155934348491,0.7898181417058819,0.8317234944379339,0.4372096469235313,0.6799732784580638,0.7560269198092368,0.7888811572251115,0.7425616321105551,0.7435211873340173,0.7991551064434069,0.7920649351389697,0.8299284197787571,0.7788324529132503,0.476193846152789,0.6671412356653006,0.6989977261047103,0.6127416612702224,0.7225426686187684,0.6064238569678984,0.7410402961232802,0.5569662684957541,0.6816178190854895,0.805605518256542,0.7601161840475422,0.6959373987074734,0.7693678512993,0.7616492123168375,0.7290712646504931,0.5863020318106172,0.5958547341864674,0.7169487502847628,0.7413510824045477,0.3965916463427847,0.5846197360697885,0.49085898083791707,0.6598241092196969,0.6422943622449776,0.695674764115685,0.6543728203127136,0.6931588986660976,0.6845054911978818,0.6601003584581547,0.781542451239852,0.7900023044303904,0.8173882323713427,0.7749374411160805,0.725044492429191,0.7850079404583233,0.782219181791926,0.7865827821659801,0.7432756864777194,0.733219349315141,0.7023416603141075,0.8674957303245834,0.7690184311606467,0.5996525816355018,0.7207564547707455
Affect_and_Relational_Support_Warm,0.49811585908987316,0.6419865876963088,0.6984289532111704,0.3368015683653129,0.4442762691094997,0.6643517448528715,0.5169367907719324,0.658177862692835,0.7735871921684453,0.7311822426378188,0.670317393355935,0.7126035226098155,0.685563328401702,0.7004677262373546,0.743381991711619,0.7003651194122427,0.7228666664239572,0.6799875917399526,0.6415653454092639,0.7427801617542358,0.7430840189789555,0.7210763634472839,0.7038981512458244,0.70953357230723,0.9019266342982379,0.5726604787197718,0.8472820854109561,0.7688563378789015,0.706709711987638,0.8674418866284825,0.7665576201128238,0.8559172715981778,0.7684852693123005,0.8099403408160256,1.0,0.6148581419497349,0.5618825138242683,0.6742167312582256,0.6274958399884466,0.22059893777560116,0.423986511396427,0.6936354868235839,0.6502301433678468,0.365936489305544,0.38660052464488526,0.3752896074140295,0.2799498724231735,0.4297156570466831,0.493912732038792,0.056975482730801746,0.7053030054899414,0.7394909581307216,0.6880461826028792,0.728904533817277,0.7101957294831791,0.7176861775467073,0.7297377922413232,0.44526451820117596,0.41136417256267016,0.76707705571513,0.8194461305911317,0.9026457758637754,0.7592469051362464,0.8527323852279424,0.7730061560934178,0.7683360545651535,0.810902331683305,0.843769521521645,0.7159054656967835,0.6612445918934295,0.6601140101559291,0.6766656469995084,0.7287069805203167,0.632661048695574,0.5514677551187134,0.7659830964677864,0.7857307408968057,0.4958113814755336,0.5837302775164009,0.5826989155365991,0.43253768161658984,0.659664676891061,0.7586921972555696,0.6253923776405991,0.6867882709344507,0.7807317521890604,0.830028126691702,0.47077501829736335,0.5750961185376613,0.665726003193111,0.7054767908120407,0.6361055015564329,0.6361918122696845,0.7540246817652568,0.7497640078222675,0.7633892799359913,0.6847249301333316,0.3816009429359049,0.6930915713424889,0.6767196360477564,0.5713532677140506,0.6931366629757959,0.5627792057159772,0.6680647825248412,0.5293151709211936,0.7265027660036084,0.7207830165077701,0.7008267981165378,0.6561046166829162,0.7334814218496393,0.6708160205731928,0.6894064364171464,0.5028101050362717,0.5469090712057914,0.6636491712292482,0.7031466492601456,0.4267723764835842,0.5090528739348329,0.5073887887244795,0.6876432505849813,0.6187028721387576,0.6371408322422654,0.6712364595936398,0.6024625243206198,0.6841629682624075,0.6530333967697326,0.7237763872173232,0.7702265909544049,0.7605354586194296,0.7261037325514776,0.6378906828133654,0.7326104955395174,0.7522522097441878,0.7630355164320188,0.6983279556919755,0.68596574007765,0.6302801439414051,0.7755744064349687,0.6722616401528511,0.5906447483342484,0.6784904765393291
Affect_and_Relational_Support_Well_intentioned,0.4785008704863767,0.5643087490187337,0.597180192756556,0.41489823910239726,0.46608067104516043,0.5563888825670952,0.48829999293919774,0.6530905854327084,0.683796946004995,0.6898431231924196,0.6544156414149225,0.7423722714126718,0.5573613743700743,0.5650789514393342,0.638099934972356,0.6265100302226538,0.6748680774596492,0.6679390689845877,0.5974515394877236,0.6659686651006752,0.6817437928841025,0.7108803711083325,0.6471706618672726,0.6324962380834305,0.6064534772955295,0.4561380494811732,0.5828179307898124,0.642784071869927,0.6194130051131481,0.5978638423779841,0.6736496840816412,0.6608501704838613,0.6599132101770652,0.7435105200717069,0.6148581419497349,1.0,0.6333962602138865,0.6013052479713161,0.6692099543925223,0.2771982943403859,0.4538764371349023,0.62605916738055,0.6668974038104281,0.4466482196764445,0.4572286301390573,0.4501696018037347,0.331078802064129,0.4096731105375079,0.6224902609502249,0.15985679544936768,0.6849651470025632,0.6543448409191973,0.5793073739445544,0.6658646537352847,0.6377470223918327,0.7462239042242598,0.7259804507376353,0.4877866210690319,0.45098130080728877,0.6606375847580656,0.5904439327643854,0.6534145983335503,0.514752863768753,0.6476157465975982,0.47100548649429724,0.6304488045164123,0.6369256608848233,0.6427686025589884,0.7010828685997936,0.6174392181004195,0.7162710688999535,0.7279352853519713,0.48130270327135033,0.54964194636084,0.5890072108887147,0.6065075696521376,0.6057297875429087,0.3958844231034913,0.41640856265692366,0.43919171168760346,0.4447955128912055,0.5918390389450013,0.6383518735165524,0.5595061725443201,0.5520801741013559,0.636705436332181,0.6523151400777761,0.3243437978818844,0.6093098043262363,0.6649523083161035,0.6644176817619492,0.6722783000864279,0.6823502011137041,0.6465013449696135,0.6352288461709955,0.6803088431945631,0.6969270216739673,0.44588116199750266,0.5155059956957894,0.540791124830788,0.5172606591500225,0.6134303286498609,0.5233810625067338,0.6308336464719992,0.4382116215983843,0.5568028246370886,0.7006475496128028,0.6528830513674078,0.5518039101531081,0.5958662693613564,0.7056149088167353,0.5933541811030049,0.5302629471412817,0.4846400632355524,0.6024305153063624,0.6228214408500269,0.30426507434958533,0.5054358116742866,0.36284962760305783,0.5576090451045693,0.5356765126763781,0.5888604889798595,0.49786088491643893,0.5970750248453547,0.546059630585762,0.5295109649683839,0.6680384776347816,0.6193512212721431,0.6699126953756765,0.6649473046084794,0.6666901368091579,0.6571543216911152,0.627418236804548,0.6296306404718248,0.6149882611318908,0.6297729091624606,0.5877548414246299,0.7453162239895705,0.6907104323070333,0.527785167970039,0.5972107274791709
Alignment_to_Constraints_Coherence,0.6775201120240715,0.6916334216251546,0.6385783343520297,0.594761595667196,0.6424090786882766,0.6729054778334225,0.6758740285881877,0.6966253317711123,0.7451850219692017,0.7787934018857935,0.6667481783967618,0.7903079433146355,0.6401937560582495,0.7004202785043502,0.7276662065312378,0.6994420721887786,0.777517640660204,0.7891942164224086,0.6253234542604469,0.7427757770647878,0.7106003072631292,0.7626033790586239,0.7454537258763214,0.7277949468227521,0.5637515056220229,0.4508910262595066,0.5986482140555813,0.7128082527549517,0.6330601605898981,0.571007856209539,0.7321762198760784,0.5956223571050799,0.7023807436100045,0.6622434967716789,0.5618825138242683,0.6333962602138865,1.0,0.7322190071675042,0.7968891557921779,0.3091489958337375,0.4399058021681157,0.733649564423719,0.7347578993117428,0.6357422846489567,0.6095736427594965,0.5109858596821009,0.4310038885035691,0.5109589936376986,0.7255599987167626,0.15873185535356082,0.789550356257598,0.7297404164132562,0.6545036949102832,0.7554520714681211,0.7020259110551899,0.7198596707417423,0.6823101795231954,0.4433777971288374,0.39981935849890277,0.6563731386657254,0.5872282303696431,0.6228921324212324,0.4414255469790393,0.6167769667662321,0.455505089263723,0.6182615214609553,0.652966020396977,0.6300841254221523,0.6559811062915365,0.5462587487314502,0.6328241964295571,0.7361421201910703,0.4819233230211992,0.5377007794096337,0.5153853483557967,0.5958334435483872,0.5900779816406977,0.39422645323221517,0.4389950769467959,0.46850006166069375,0.4607148270833224,0.6401688608994088,0.7281901131683505,0.6189026705336469,0.6869194445777383,0.6887311994089834,0.6884105163655067,0.3478745815524542,0.6926060081042644,0.7512041696637792,0.7613164789804149,0.8015928781311353,0.8250139925257601,0.7287064532839463,0.713451497324171,0.7242877235658429,0.7876791436077107,0.5942883369039916,0.6199745605250513,0.5903379370945264,0.5379967509669995,0.6558259583985857,0.5359872350880317,0.7683499828394809,0.43543641379632947,0.6345875196204251,0.7734427002981988,0.7111743914926685,0.7132624270902168,0.7227478292908905,0.7202055639356465,0.6665410365018234,0.535177674303011,0.4985185744684454,0.6645278366336436,0.6890818342035497,0.2976366770403688,0.5070860940175577,0.3686066496891091,0.5125137109233827,0.5370613820016708,0.6123306991333108,0.5203524798581418,0.596337069244155,0.6428026617956133,0.5847226137078886,0.7552181542847763,0.6958332169650582,0.7288733305811177,0.7468812088753466,0.7844311720718509,0.7333723002630836,0.6912403963680493,0.7029767600925899,0.6840462430027885,0.7257432242891638,0.6344251272773997,0.746943168040369,0.7899202929053467,0.5302321623923617,0.6655899174852082
Alignment_to_Constraints_Conciseness_and_Relevance,0.6638242279508644,0.8027036754840106,0.7137113698245726,0.44161280139707426,0.5856317217809988,0.8003538847502815,0.6714175330122397,0.7020815580155628,0.8411243867619111,0.8746794496637438,0.7241544995869752,0.7941836457631601,0.7882858983472959,0.8561097069293592,0.853965993459869,0.7921007581033509,0.8570681899172442,0.8269126555780841,0.6765169847288083,0.8318027715012496,0.7781333287371728,0.7957046913518373,0.8098663382971747,0.814641136841537,0.6541781582334152,0.5442678763050631,0.7300639115235565,0.8456551133344113,0.7018610699747705,0.6718972975362032,0.8408703422669845,0.6760716949414713,0.8259582895300868,0.7211480652376832,0.6742167312582256,0.6013052479713161,0.7322190071675042,1.0,0.8381735774316955,0.30385682287889365,0.4629583996997096,0.8499847822311805,0.8010068606243962,0.47604671585451996,0.6458707096484867,0.5055410332919451,0.40251328963348604,0.5520780164091577,0.6381420041807995,0.14992104282388605,0.8342752148569262,0.7923436129978495,0.7657826280393965,0.8533322830772646,0.7560100509760671,0.7430847655427572,0.706873226220147,0.4256093997472891,0.3786325379438661,0.7180955337698166,0.7011071612401251,0.7174203628391109,0.5482276276674247,0.6876075335827531,0.5724812284441236,0.6982886673156501,0.7501094047237533,0.7294453557389631,0.682888957808679,0.5678336777226054,0.6364959377356897,0.7114059262435967,0.6202621682064889,0.5788713753734912,0.5167686177767449,0.6819815738384593,0.6811707286837143,0.4509855679112693,0.5684528633074104,0.5914200808096415,0.4536252184865848,0.7009344386487201,0.8544941402429742,0.6929185884047002,0.8337113831446643,0.8135579477356327,0.8266486206299625,0.39848773317527736,0.6949209705876822,0.8003677177027715,0.8401475699909299,0.7865236315148098,0.7815748601260945,0.874980271908079,0.8612965736353859,0.8099674557477385,0.7984880838241786,0.636694063971111,0.7684554027343614,0.6995743684165839,0.5694065058075678,0.7418324213010007,0.5959641538280782,0.8544255203277481,0.5079782700319446,0.7641212363463977,0.8346269248982942,0.8004895795224596,0.8048824418927568,0.8711659021996505,0.7235512714220292,0.7610641306042701,0.5222803928466178,0.5237878761349918,0.7122414385032337,0.7602621861554341,0.32114715688881856,0.5089166439879957,0.40808704509598487,0.5541937410511325,0.5776249194476849,0.6608122903271435,0.6666543481658663,0.6119693976946633,0.7339496620832658,0.6930304495484356,0.8794031994533412,0.8436581817519243,0.8498639027403755,0.8483462115989413,0.7774295546967277,0.8453635971679753,0.8480530482044739,0.8542082341926723,0.7687807191530763,0.7729615792983286,0.6971085984141525,0.8143646790107071,0.8323054679604334,0.5867136685654993,0.7730223026914167
Alignment_to_Constraints_Content_Relevance__Scope_Control,0.7649847208291706,0.8348404188563517,0.7328457832582608,0.5106749120812054,0.7019966280494524,0.7851294769156785,0.7616642776045472,0.7666915360638478,0.8404578050491681,0.8851547164503659,0.7167406195835594,0.8636270741594513,0.6989854318175079,0.7971610955094451,0.8447899650145828,0.8019797596629156,0.8775194747863103,0.8873687893738399,0.7305863264196626,0.8566804688165325,0.8091354748457215,0.8456946294805318,0.8322915480784575,0.8231668016710464,0.6269678956953086,0.5396987426010548,0.6712572652306168,0.8145472708908927,0.6724465709539944,0.6521765606744537,0.8331234531349395,0.6739197833036631,0.7954752985698116,0.7319073644959816,0.6274958399884466,0.6692099543925223,0.7968891557921779,0.8381735774316955,1.0,0.35378235208559405,0.5069030516371169,0.8296518837430072,0.798238754451258,0.5408352185407744,0.6398489546212334,0.49313038608425597,0.37648755422728175,0.5183092198941686,0.7588220761003017,0.16401060700371292,0.8886937448077918,0.8084604291766034,0.7479369655341691,0.8735994269640768,0.799841685851674,0.8153473737046678,0.7782399418939224,0.5167303133799523,0.47516391667813,0.7273403390361167,0.6704369509006306,0.6897106676354994,0.5060626149853561,0.6783687118650308,0.5236450903277783,0.6879066451869992,0.7335310623700652,0.6981046314870278,0.7514192533553969,0.6131973635943504,0.7006623113558084,0.7867131509973215,0.5941165115841417,0.62437609221722,0.5909907692237426,0.6740169457418078,0.6682188958216593,0.45004287765085155,0.5534060581877246,0.5946824506676103,0.5317803318901517,0.7466168475979095,0.8484423000259188,0.718596943862889,0.8121339402843534,0.7796475564274329,0.7934846211312964,0.4119882495722615,0.7562967801730267,0.86627627639069,0.8824403171075034,0.871687119233028,0.8660195875798706,0.8499810130316114,0.8272975886897356,0.829463261374687,0.8435373786516241,0.626905529348256,0.7354242700353523,0.7128983182149338,0.6142159361282795,0.7418656278493505,0.6423924044217303,0.8995982566054578,0.5291475750845953,0.7357040096861965,0.8790011562666931,0.828795821964728,0.7719629946930279,0.8166288834329423,0.7816563236427482,0.7793515353528004,0.588397955956803,0.5854163431956158,0.7596786516951446,0.7927786175282532,0.34709624718822457,0.5959245431132438,0.43717508030171304,0.5789858223345095,0.6041134044180275,0.7146218625782975,0.64513414561537,0.6460280617805971,0.7206574693535828,0.6906372253796158,0.8859501511189909,0.7994769912383782,0.8369433573099131,0.8547949687796066,0.8594974771807468,0.8667517210794442,0.814621810749585,0.8136143983136804,0.80365211787376,0.8332474355938142,0.7496773885351281,0.8304021627270308,0.899339501791592,0.598941954950397,0.8004902768504968
Alignment_to_Constraints_Dont_reveal_the_answer,0.27358322829093634,0.29646351972103674,0.5236077216770995,0.19650069832853823,0.30341509897548563,0.32493777513064326,0.2715850515414308,0.5183919026647086,0.3590035338100971,0.3713405234253342,0.3825690386345081,0.39046122227093316,0.1499878432048013,0.2946598076141794,0.39494776192989023,0.3013821625711554,0.3689006972627577,0.32995590844671474,0.6217261717129408,0.4188405918149631,0.4662959797447473,0.36458353902629476,0.3320186794876318,0.42490227223036114,0.23823563692459326,0.13817744974165103,0.16554906161541721,0.33847343115037964,0.31147995755066166,0.2730604744489778,0.35766519268314684,0.3008016726445943,0.34181952285916367,0.30429556226572346,0.22059893777560116,0.2771982943403859,0.3091489958337375,0.30385682287889365,0.35378235208559405,1.0,0.5865275066722323,0.3697719912013694,0.3667241901017632,0.2112418139402853,0.24109171460259232,0.10195105887531473,0.3319285579166901,0.520644882560727,0.28133638558897806,0.310284167565919,0.3990157435185551,0.3664679142822109,0.4915755580254237,0.40464851955346887,0.4816270595143803,0.4488120684133509,0.4476879267865622,0.6568268724540297,0.6317220016513668,0.284892335547487,0.277017156266583,0.3081959632145494,0.19362545811143497,0.30149197558172935,0.24114490192816343,0.3309163093484561,0.31232555840512727,0.2516318479148711,0.5029805033183105,0.5298362906773123,0.41864119797262805,0.3946585522172169,0.2263487851984163,0.5937522461484921,0.559750132762034,0.3703212318090888,0.35511847476645847,0.2602796723429177,0.09753183782991853,0.12125376549123185,0.716030511023919,0.5452289105987905,0.33798265676470163,0.5888013335791874,0.26261796693312717,0.37816361878455684,0.37617530851380016,0.28524459067753355,0.5150627157849579,0.4444463897675681,0.41114478252110787,0.3596883125692533,0.3500138518111205,0.39314614724697977,0.3778433227246681,0.47252024760939954,0.3784275035565804,0.25408091135827104,0.10450397191139882,0.516791023859611,0.5769466863871049,0.47260137574692385,0.6299946057240975,0.3406014739695794,0.6603627069140761,0.36833293917034937,0.4342077440822973,0.47049073279092546,0.2840576754500283,0.28691213422703804,0.4863976107011439,0.5401663043443392,0.6252089427475976,0.6834865969645941,0.5616938504510898,0.49245183525849634,0.43186750262878115,0.6373826555025456,0.30805807763341725,0.26782234477559397,0.379817325615965,0.6456343096085095,0.4010750153037936,0.21706230347560593,0.30115080985407927,0.5850125675230698,0.4010975555359461,0.3959898831419368,0.4095422009832602,0.412658894900139,0.34893035516207177,0.44553657965019944,0.41499836080886254,0.4058740590416653,0.5510453139714205,0.39119747745141387,0.5557206817017165,0.41185251648699467,0.37737961754024096,0.39239392312099686,0.5295126876626725
Alignment_to_Constraints_Guides_to_Answer,0.3673907283650664,0.43585600642421346,0.6046811318772867,0.28684966882954366,0.37809915960678897,0.4644844174287229,0.39394479972834234,0.6383147753489905,0.5330825530074172,0.5456200285609699,0.5453936858677559,0.5788294503877793,0.31571250009164936,0.4527693893442407,0.5622730488330726,0.4707306342961809,0.5335686870882588,0.4812804540683375,0.6864739354873737,0.5812926745627838,0.609398283551869,0.5412304642603251,0.48954872856180387,0.5536698073902582,0.4234540657173623,0.35050595734762174,0.3608105875812649,0.5038250265390667,0.454302324768709,0.44080394385138455,0.5414333023013438,0.48819255663830535,0.5104190548534027,0.49373737438553783,0.423986511396427,0.4538764371349023,0.4399058021681157,0.4629583996997096,0.5069030516371169,0.5865275066722323,1.0,0.5129137571281347,0.5211369388103866,0.2887099291011492,0.31869111732581823,0.17205305645561722,0.4013370577325652,0.5133645577486143,0.4189684159100951,0.25683260120073453,0.5807199999556544,0.5127325082031895,0.5681299320347781,0.5679305266240885,0.6028440427713486,0.6518780387099532,0.6487766952615414,0.6796352263383315,0.6552834027168835,0.4870034738443549,0.4644702087984753,0.4826033673699965,0.3471795766336943,0.4913911092417177,0.40304544196060077,0.5038774835498786,0.49543179116734576,0.43555929251023967,0.694755310539334,0.621284615112407,0.622140779281884,0.5815919574552058,0.41722847399861496,0.6453922484262847,0.7014199748295389,0.5180112221356792,0.5151484601000347,0.3477050822665856,0.2972181321250501,0.31568575562041645,0.7337439955182803,0.6375241126324416,0.5040578602894107,0.6321958335179548,0.40908219137170715,0.5476616339558013,0.5461242641158746,0.3663357421614081,0.6785475134702744,0.6393137041667925,0.5832826928093213,0.5251321212400583,0.5072865992147028,0.5442602281506019,0.536302563139842,0.6313844302879165,0.5570691793001163,0.33413411993596975,0.3244915997686333,0.598521521251193,0.6256017927075452,0.5707843014835161,0.625483475433306,0.47901066363406575,0.6294823854303062,0.5125795995408016,0.615068946905215,0.6224758907831955,0.4090424479865577,0.45745231646397816,0.669702222913273,0.6354159222849463,0.7592782464830226,0.6793949589598726,0.6399720352716177,0.6035123228845479,0.42122287732530467,0.6663527580670545,0.39087028374199134,0.4226304186346674,0.4759843733565975,0.6892105970828588,0.5146065158281539,0.39649948401283125,0.42655962742385733,0.6176615235057079,0.5664463519163133,0.543716205975847,0.5614190827037554,0.5607446604332291,0.5103039618786632,0.6053220390375005,0.5700438801189365,0.5633758506764287,0.6545800187068939,0.5176640090715591,0.6686216192242385,0.5886170967082466,0.5322651716915637,0.514852273415108,0.6372646528377177
Alignment_to_Constraints_Instruction_Following__Task_Completion,0.6877223372503838,0.831388213890038,0.7560579316190453,0.4796591286264643,0.621400461016111,0.8143243806402722,0.716517361175228,0.7423439906544156,0.8542314148038709,0.8681940121631139,0.7346834417766089,0.7987631412929164,0.7014436414036302,0.819468594646252,0.8690280781366614,0.7816802449014737,0.8528594068766203,0.81378993959631,0.7329649455967746,0.860097246189894,0.8237616064837469,0.8054881784601023,0.7952329715654936,0.834290507571494,0.6755304665997598,0.5622427787467501,0.7068409675416224,0.8735356315212882,0.7213779580424985,0.6958341270503724,0.8694589634790052,0.7064722006364509,0.8608676896320326,0.746386989331796,0.6936354868235839,0.62605916738055,0.733649564423719,0.8499847822311805,0.8296518837430072,0.3697719912013694,0.5129137571281347,1.0,0.8291566704561276,0.504254847068744,0.5768987566356222,0.46525481742147157,0.40858639888628806,0.5651690955642495,0.649695682803915,0.157818353865591,0.8465723847313383,0.8246005880331387,0.7862803475749454,0.8636195674232788,0.7936147558360955,0.7827826449311976,0.755080869759572,0.5143918164102269,0.47100930577886974,0.734451261176659,0.7107914133395972,0.7394790743332245,0.5639615268172501,0.7065022139702346,0.5879822854562495,0.7115524321113434,0.7653801588851216,0.7284915962925994,0.7445884414330021,0.6648366729578273,0.6715462898016321,0.7297797655088692,0.6276975192282787,0.6546975553211738,0.5839739510344019,0.7147979536863567,0.7208776501404066,0.49858136939369124,0.574693857017478,0.5987350158491719,0.5398981607978605,0.7384867192083504,0.8645083653744534,0.7228053333098644,0.8056025421760268,0.8319665418329573,0.8482729485145146,0.4377664467661765,0.7279506806073266,0.8158216883866981,0.8452901834862367,0.7735732711947922,0.7646440819367138,0.9026478587544494,0.8865168045012621,0.8584118086196587,0.7933772377715219,0.5708040723886202,0.7319263819374954,0.7477836966790659,0.6194614939795039,0.7589787880033293,0.6537416410891205,0.8642844482424505,0.5831633392261942,0.7712879907052292,0.8530623954877807,0.819683014497837,0.788813083411542,0.8571466396552402,0.7558501774741107,0.7959517758747842,0.5987573227207346,0.6012505376990057,0.7658623734978978,0.7982873809107912,0.3782446531979963,0.5907719551756235,0.46221552039597913,0.5902626660083574,0.6200080769285409,0.7394474580908955,0.6911271600115556,0.6091042953991544,0.7453065199005934,0.7246771570144217,0.9053017888728526,0.8907318817387312,0.8944301365017981,0.8927703730606465,0.7810876373127187,0.8754556127503149,0.8909791480054541,0.887772688614319,0.8134239221225932,0.790539774814315,0.7570814408305645,0.837432230162901,0.8496262119024429,0.6007509920294216,0.8125902942088136
Alignment_to_Constraints_Instruction_following,0.610537164321852,0.7247885985525793,0.6973564054806917,0.4294035293724943,0.5529015238570306,0.7082104474450286,0.6233412227263461,0.7339302214316771,0.8084022501074818,0.8477614546307075,0.7517962488870747,0.817802469095039,0.6830740776650435,0.7383159792527284,0.8087312806377844,0.7506986763249329,0.8280460680717212,0.7899602226843991,0.708027022047255,0.8097138665011716,0.813867603400291,0.812450769582104,0.7758554320492044,0.7831640821090167,0.6546591633036365,0.5356322812443742,0.6576365232611149,0.8073847435547855,0.7315578813530398,0.6591751236863755,0.8237909002802342,0.6889391077878354,0.8240997665577641,0.7579237142995022,0.6502301433678468,0.6668974038104281,0.7347578993117428,0.8010068606243962,0.798238754451258,0.3667241901017632,0.5211369388103866,0.8291566704561276,1.0,0.4615821490133645,0.5560504200938393,0.4410961642546812,0.42828178363192704,0.5638120498441547,0.6441160860818355,0.17928139519976524,0.8169469432509089,0.7560682262383709,0.7263039376400946,0.8112711250187146,0.748909677054561,0.7986525036320078,0.7691588578012509,0.5220054762567995,0.48526748016268784,0.7278008277371475,0.6635330101764992,0.69990339910236,0.5499207766829795,0.6930590143916342,0.5504316966382305,0.7058699512614922,0.7420039117766013,0.6952522147523497,0.7520391832596275,0.6562879454950125,0.7068939523702373,0.7299709958827872,0.5815300738501493,0.6353136190009446,0.5973935538707942,0.6901266791369514,0.6923348547676922,0.467912686911726,0.5220238920537736,0.5476066785209335,0.535244016804776,0.6888679258167484,0.8000699158459691,0.6791530948525469,0.7194023277897781,0.777839648561914,0.7851910390723815,0.3951970008661897,0.7388682723525725,0.8012375384443827,0.8316316885095673,0.7752609936493842,0.7747016640485461,0.8324561175800096,0.818416261421472,0.8257065420114786,0.805259916901706,0.556173809232308,0.6573911559591167,0.6977084022689218,0.6049609577805849,0.708398448057392,0.625651383825735,0.7943032977733646,0.546525884952851,0.696298474504383,0.8351543157347711,0.7965691881887763,0.725837831421718,0.7787829476887922,0.7601986633029294,0.730587522457266,0.603590194055842,0.5882368850341404,0.7186879729750076,0.7476117611861293,0.3610800506425446,0.5930359547297719,0.42007098623943223,0.5568414245385837,0.5976026472445879,0.7001698870699449,0.613949164236555,0.6057368924466676,0.676348921397914,0.6725472663787628,0.8452420579620044,0.8214510106335563,0.845654192122865,0.8135310056367326,0.777587262522976,0.8028290671974536,0.8216470678314737,0.8214872733338349,0.7623664173395679,0.7480520666922168,0.7123594981225105,0.8299810287637378,0.8457197428854688,0.6023395812795644,0.7590359448099747
Alignment_to_Constraints_No_Contradiction,0.5637831430882271,0.4983700777060404,0.4117717325131254,0.8752957148882384,0.5954106494955147,0.47862606190097834,0.5274953861072136,0.45615511734324,0.4885009418132278,0.5050552380738704,0.42017399159174335,0.5217290440939564,0.3876070650694165,0.44091508927578366,0.47808959233874393,0.46610227641949387,0.5063680820929075,0.5318497189782235,0.39927309886040513,0.48318118448271286,0.45565377990362194,0.5104263037322734,0.4806426430320573,0.4672535584171534,0.34759635228475116,0.27507451682574957,0.39101759819385956,0.4824550137481119,0.40408202207225863,0.37287771012756865,0.4811642950976184,0.39751826970580245,0.46275701170643085,0.4445866697810574,0.365936489305544,0.4466482196764445,0.6357422846489567,0.47604671585451996,0.5408352185407744,0.2112418139402853,0.2887099291011492,0.504254847068744,0.4615821490133645,1.0,0.44187314009178025,0.3188336794601693,0.3409388252845942,0.37263125555107685,0.5544653095482274,0.13037109367980465,0.5283381825254105,0.48340576710991556,0.4354858442026286,0.5016780582390996,0.4531828792861895,0.4758025825821734,0.42778874687969487,0.30026874140934295,0.2762041522564868,0.41226697757899267,0.3735939401988541,0.4236916253839096,0.28158383449772056,0.40926202858591776,0.28236986826045635,0.40012013854114103,0.43458234856301253,0.42321518709416944,0.43335743642883023,0.36201381991882303,0.4207288700228801,0.5317992505277097,0.2987617486510972,0.3417415646375062,0.35045184006480934,0.38691259026332186,0.3814562898851805,0.2502610647344159,0.27238109179513487,0.29661504197624156,0.29661865580566504,0.40081234524401055,0.4714004572939868,0.396561789406132,0.46931578553777165,0.45009751935624187,0.45558297453063823,0.23684781363905835,0.4547419704112123,0.5051700600345411,0.4884248859850639,0.572198123815834,0.5669095655286228,0.48685928145203206,0.4767185784025994,0.47408749026968683,0.530799532251149,0.4391685100201565,0.4061250166252293,0.3883033252729458,0.3384329480452227,0.4368649464019195,0.3577170407521425,0.5222059916404936,0.2886105089351379,0.425353228291981,0.5047859546384829,0.4506459593751018,0.4994633880227553,0.5009928247781115,0.48622827067918734,0.4495046828533781,0.3678123347211807,0.32928818523905046,0.41812040477260903,0.4527139830574908,0.2000105642661513,0.3475099833587733,0.2657027986118174,0.3741774776687176,0.37577585773690464,0.40720519497860197,0.34717675278866056,0.41229636127089936,0.44438987568655536,0.36999230000183925,0.5194447218928778,0.44263637196195427,0.46736784247752755,0.5255147415785951,0.5648444784650224,0.4946478379357801,0.45535835658037443,0.46540929710588447,0.46050336075359594,0.4663628852668285,0.4103007029263236,0.49808421430367517,0.518759208494888,0.37397220703005973,0.4277967444344517
Alignment_to_Constraints_No_Irrelevant_Info,0.5168862903353881,0.5449255024595977,0.46627703828606587,0.41760353487533114,0.48657338771633535,0.5305430998982893,0.5003169835905505,0.5005816193944096,0.5591290969362216,0.5871496231418296,0.4486445130267584,0.5312702473626884,0.5051509314583315,0.5227684855766471,0.5342892763098575,0.49603198121499337,0.5599254478662906,0.5715062833235004,0.46268487500912153,0.5547682867784889,0.514137473487408,0.5535550462285327,0.5478914257398301,0.5343417011230008,0.38589168767863086,0.25603094248381686,0.4370975061101618,0.5512269259487362,0.425265236756187,0.4027902908606753,0.5553721622373201,0.4277803365962555,0.5303301901459954,0.47164410480210534,0.38660052464488526,0.4572286301390573,0.6095736427594965,0.6458707096484867,0.6398489546212334,0.24109171460259232,0.31869111732581823,0.5768987566356222,0.5560504200938393,0.44187314009178025,1.0,0.3846346810530111,0.33813901931517965,0.3882608936067015,0.5985201021448988,0.14871570384842964,0.5716489712915025,0.5327625294215194,0.5282353325963474,0.5792239163316447,0.504149897023957,0.5144560939244492,0.4856134206364765,0.29415235877856716,0.2559201863965798,0.42625576223271083,0.429688397683101,0.4490132417709111,0.326449086818906,0.44056825035794545,0.33106364049234616,0.4134898330788361,0.45997711263640245,0.4705207725991879,0.4473726553684717,0.3480293016116959,0.42412066497507434,0.5184502546748418,0.3827918548763177,0.37035305132990937,0.3265186034327561,0.4017969227283395,0.4050912409551752,0.28098623622131613,0.2846688608136442,0.307077147415665,0.320447713291106,0.4446020125623366,0.5350036363301456,0.46061384218845247,0.4948753465983144,0.5348751887844964,0.5197292667268443,0.2719719567068717,0.4692905492608492,0.5516092107804766,0.5666910822120391,0.5567438819071935,0.5628328800042212,0.5694542423132032,0.5597703145706362,0.5369268608522418,0.5570714651418893,0.93694228650944,0.4260023939809802,0.4318988423551397,0.3978931717906307,0.48268368825672325,0.39535729750577775,0.5770319773448415,0.322784358277463,0.5103235295414924,0.5714325481557143,0.547322641680423,0.5393409815220074,0.5460078370762996,0.5333503594452946,0.492621447239881,0.36782164990475025,0.33915564781352997,0.47430161519279995,0.5131130249452418,0.20827875942458624,0.34430773289976596,0.2520551913593478,0.3717979641761574,0.3714009389967044,0.449682367941507,0.39393213382161385,0.41347519933112703,0.4735383807868694,0.4397130396283625,0.5820651385156783,0.5351365217270477,0.5558165448912599,0.5742954361434855,0.5789127149886272,0.5642191044471759,0.5411990859656992,0.5457155456722721,0.5096469075938654,0.4902735569589401,0.4726138143867438,0.5604985995602039,0.6030110479709833,0.41574134619641584,0.5126469971761608
Alignment_to_Constraints_No_Refusals,0.36656757673059054,0.44788192178147485,0.3587511545532854,0.2840121878117243,0.3098789045288146,0.4247315578059801,0.3676878683972876,0.37280579461406665,0.4880166759811711,0.49444091744502494,0.34304193587361675,0.46723139672746405,0.4857289311444312,0.4978205535730182,0.45809382850665664,0.4632774784097484,0.48640770411082057,0.5074070216939092,0.32002344041213127,0.4590824680547962,0.4341942069911516,0.4708985724468689,0.4835024789324512,0.4591093579120847,0.3541316830953126,0.308235522490213,0.4001504551624971,0.438400910391807,0.39916120839299135,0.35481664965225057,0.45704065514248693,0.3615066531664325,0.43009109873045,0.43335843910728716,0.3752896074140295,0.4501696018037347,0.5109858596821009,0.5055410332919451,0.49313038608425597,0.10195105887531473,0.17205305645561722,0.46525481742147157,0.4410961642546812,0.3188336794601693,0.3846346810530111,1.0,0.2061633469878125,0.2259958992506876,0.43357586553920224,0.09278902807853744,0.47021788666262954,0.4653539833128148,0.4211907634601071,0.4752279011368356,0.3907193645716007,0.40161482423041506,0.39194111756952277,0.15997083788555294,0.13731852049112722,0.40095720377020566,0.36380139505724646,0.3916716607075151,0.31444593766060075,0.3722190527334384,0.28772025180511573,0.3584808357060944,0.41311243777099665,0.4253278346995454,0.3112488965302071,0.25765580873762656,0.32023804170185133,0.41350092516305076,0.3176185677256396,0.2581664841785503,0.182699424898505,0.35775001946114326,0.3477020576476845,0.2470227163373051,0.3205585461045944,0.33812826588452904,0.18286589774804218,0.33149141770597734,0.4758592513459743,0.34827048442409736,0.4772082339466316,0.46718278271049973,0.43075155694148515,0.15863936950166063,0.3803977628390277,0.4316292304068848,0.45728650026150186,0.4546462624921271,0.4698342426064612,0.4599873831525511,0.43732904467404027,0.42753040398793934,0.44144818941764646,0.37728784197911763,0.45384219502964174,0.3456472491942483,0.2600623821286037,0.39017647788813964,0.2860188940189966,0.4888319965863343,0.20913535359498286,0.440094702871942,0.44122255194736193,0.40207174619062447,0.40037675254628036,0.45537778560813574,0.3581014406578068,0.3757144376807633,0.2039244762490879,0.21309071236877358,0.34127395658534776,0.3842031648879519,0.09067901284065574,0.22426265560283995,0.17705654960963288,0.2972351617419586,0.28691749925723686,0.3118218791608144,0.33436670473188246,0.40734494873422905,0.407172042689202,0.33213923810806356,0.4642097839002069,0.43821708361603184,0.4464315999449332,0.4620127098766632,0.48784882502469046,0.4511099858080982,0.43428985879139637,0.43032426132011575,0.3790356775638889,0.43507680796556464,0.3353974666116439,0.4513321741327503,0.4968474364759939,0.2687151336176917,0.4020897862714962
Alignment_to_Constraints_No_Repetition,0.3067476325462358,0.32158829572558245,0.3971464055825073,0.31677845353413053,0.2886168015815291,0.31195532687808625,0.304851381956812,0.39976664398934336,0.3747864670725086,0.3885921164582036,0.3995117171228661,0.39423055446061045,0.30969741266776624,0.32924149591392243,0.3728967863508028,0.30726795517488614,0.37685052000720337,0.3701462950529332,0.4084171147272822,0.38536579528980064,0.39293262490005526,0.37233800731494937,0.3562890192450294,0.3666565984508919,0.25284934519386426,0.13388949387910282,0.25029984768729113,0.3960226272971211,0.4432637295912212,0.29122256290677917,0.38523579956136617,0.3009205992036562,0.4062782163398884,0.3610727255279727,0.2799498724231735,0.331078802064129,0.4310038885035691,0.40251328963348604,0.37648755422728175,0.3319285579166901,0.4013370577325652,0.40858639888628806,0.42828178363192704,0.3409388252845942,0.33813901931517965,0.2061633469878125,1.0,0.6758620427375247,0.3823313036964231,0.16610631400594478,0.3915830759770758,0.329273065347788,0.37997286922366436,0.38514753279825625,0.3662098715792386,0.41083921799940476,0.38862676271412355,0.37404486335919146,0.356543338738934,0.344431404792396,0.2724020665985505,0.30363126616415415,0.19423038060567507,0.3033242904780256,0.22187126370071875,0.35467425795398944,0.3583251799878712,0.3283857745404685,0.37779296332410167,0.3611375045846794,0.38716905351931613,0.3989287164293884,0.22865307609136065,0.3831640496992369,0.38283564693242994,0.34590582993481755,0.34470090999561426,0.20518521950483393,0.1408249044554002,0.1611011368445318,0.3964824936825069,0.34592850871465763,0.35908198054442364,0.35595837678247233,0.29097419166853383,0.38927649152027255,0.3593803884050507,0.19202592381102918,0.4101240980887292,0.39830094357976903,0.3626123573091343,0.39736366428615333,0.3981816535697228,0.4074962292776372,0.4068185044190139,0.4238536974672585,0.42631758033048844,0.3572644579271553,0.2418196119962563,0.35144562419326886,0.3561047844510241,0.3474187448211442,0.38245033790221145,0.33743047696803197,0.37556872153961063,0.3374145085523338,0.39963581567088974,0.4005021908670841,0.3710838214836067,0.37923199436812377,0.4269246229045564,0.3770709175221783,0.4199821009779031,0.39242878810515824,0.37686270027908486,0.3771526317742301,0.21928266470789523,0.37651254610496865,0.20167762418179144,0.29522695657445713,0.30888379987226017,0.40976798818396354,0.2885371213479233,0.29781422486319525,0.31842947824535645,0.3874694415901474,0.39653933931490526,0.4007292722630339,0.40662915387836757,0.39571047705065915,0.3991160513250441,0.3931824323100992,0.3842497128336792,0.39498966416517556,0.3916698995091706,0.33607367006188565,0.39119116941250226,0.4071607077959929,0.4052772080081409,0.3296803364206795,0.3978033618412889
Alignment_to_Constraints_No_Repetition_avoids_repeating_information,0.4479735565571338,0.503674513320959,0.5999739187902198,0.3447798728880969,0.43250811694876473,0.5040596926416014,0.4360752250742104,0.5687268211950961,0.5432302915567447,0.5610258811829206,0.548286146190114,0.5419967235953225,0.4279522019677497,0.5177479814699413,0.562182666215212,0.47893991983751605,0.5585292668576979,0.5191486590885088,0.6043695292414104,0.5669535373433362,0.5616308442163286,0.5313752264756996,0.5226562038210403,0.5614722810062341,0.4134236142666546,0.2728983509638876,0.4057296637984665,0.5773265470940645,0.5494625866772443,0.4487135085380955,0.5653584747511783,0.4786819621035807,0.5708759068842136,0.4908673931815336,0.4297156570466831,0.4096731105375079,0.5109589936376986,0.5520780164091577,0.5183092198941686,0.520644882560727,0.5133645577486143,0.5651690955642495,0.5638120498441547,0.37263125555107685,0.3882608936067015,0.2259958992506876,0.6758620427375247,1.0,0.42669763222357515,0.25724384033079917,0.5561074332442794,0.5104057864471004,0.5713245009679734,0.561269407040308,0.5666279022534182,0.5495222005406574,0.5210033786875792,0.5241782214098772,0.49680073375515,0.479484964122271,0.44315759115422154,0.4754751812485062,0.3582519375752268,0.4785050879080897,0.38260528939036587,0.48172187007383427,0.5028301666970365,0.45964170590110137,0.54996759976795,0.5294387914106747,0.49748155896696955,0.518950562027689,0.3918893160223557,0.5685341873965737,0.5167882950153292,0.48700203558118954,0.48082096062621216,0.33860238657620395,0.26916435404549793,0.2902436700045765,0.5669152475875662,0.5574166850047809,0.5443479973296659,0.5685344045499564,0.4667647115698908,0.5467002475112486,0.5417968241596129,0.33084689427348984,0.5541108342280747,0.5576874187686145,0.555795121916467,0.5311955193638412,0.5127208771215549,0.585135167367664,0.5850246854025493,0.6035167873087987,0.5488986383915059,0.3993008013336276,0.3670395734296205,0.5583961571407179,0.5398443371414803,0.56258371844735,0.5913048927425437,0.5233776564403497,0.5826328118890189,0.5196525433317242,0.5699801260662929,0.5765083228227729,0.5544995459088202,0.5513313509182155,0.5757915961163771,0.5931279999331741,0.563295362505348,0.5825312309752414,0.5747776074269135,0.5727658516484977,0.37986942120961337,0.5443907881368805,0.33952011956152744,0.43809875746956456,0.4730966442402257,0.6213559175770524,0.4934250504360364,0.4062875103275288,0.4793208155934711,0.603243452595544,0.5789638431001679,0.5830612836319263,0.5828630852311036,0.5715680008716316,0.5194872600214901,0.582200082768492,0.5795586655682401,0.582581551136491,0.6101822960759049,0.5159513370028229,0.585896455069768,0.574943468266269,0.5376914732199278,0.46399965422658146,0.5963646667704394
Alignment_to_Constraints_Relevance,0.7102503143580924,0.6903929697948753,0.6057380469657065,0.5437345979225838,0.6749665637967998,0.6332609865250376,0.6928830726076294,0.6432603461414567,0.6733929459354099,0.6813898056822413,0.5664408793169734,0.7272601163538452,0.5529619812417002,0.6045088592391289,0.6432965730708546,0.6439904747491699,0.690461449344405,0.7167065338737195,0.5961600195381366,0.6683124957807881,0.6511660248039162,0.6982826956691204,0.66033659630293,0.629686507979603,0.48258119708263486,0.40960417320876336,0.5137358355858921,0.6378417577769832,0.5354092763340348,0.507387846608462,0.6456489490463129,0.5415020433489796,0.6286212279315646,0.5971101709931952,0.493912732038792,0.6224902609502249,0.7255599987167626,0.6381420041807995,0.7588220761003017,0.28133638558897806,0.4189684159100951,0.649695682803915,0.6441160860818355,0.5544653095482274,0.5985201021448988,0.43357586553920224,0.3823313036964231,0.42669763222357515,1.0,0.16054756631881112,0.7221035241659869,0.6549825027468619,0.614587381017649,0.693333384970837,0.6556691195588218,0.6802268905677857,0.6519654569136805,0.4368825933516105,0.4025797988885814,0.6134904589677731,0.5303198546273569,0.5541032393657686,0.3918920852294008,0.5455048614518002,0.41037617730918785,0.5683150734520186,0.5850731562641585,0.5622963809812762,0.6093612137312091,0.504102250483384,0.6067289225990301,0.6912799852957984,0.4551778735838343,0.49667769792582295,0.5056545102456551,0.5285412238393752,0.5229349201613978,0.34114719987351877,0.426458856825842,0.45086288188067086,0.4381635865464309,0.6101143961911741,0.6544366055232348,0.5920031421223941,0.6443944835789887,0.6169409498125477,0.6148730742636913,0.3074517283621744,0.6164866500777728,0.7058503293373682,0.697959598513624,0.7518155276288502,0.7722606191997226,0.6593747174050073,0.6351962888522051,0.6433906640281346,0.728073846083649,0.5843846427246823,0.5769223802921977,0.5352758221272621,0.4943915597067278,0.6093892148679484,0.5126926267290953,0.7211182360570253,0.4103739859894192,0.589663127545102,0.7036875345364104,0.66497975475648,0.6088069942620773,0.6300087046655392,0.6603060309834755,0.6437678319221732,0.500549951369258,0.45933105261951424,0.6134415720952983,0.6321624697759445,0.2650533211779518,0.4905505072716269,0.3337629333315381,0.5037476468481069,0.4981903564319841,0.5731812375862066,0.4789404050572446,0.6050632737322507,0.5810529430786938,0.5537960015541453,0.695723291152867,0.6039879963050342,0.6493944272958719,0.6875160961327916,0.7561521030457438,0.6879068495925386,0.6244469315153208,0.6255959138114509,0.6332010178388457,0.7140352926082811,0.5973073010379063,0.6689727972489616,0.7416461870628546,0.508473554714302,0.6323149307339461
Alignment_to_Constraints_Revealing_of_the_answer,0.128505962962888,0.13758444302400916,0.1741697525636014,0.13321230571676893,0.17508873691942123,0.16509368868598473,0.13668177127244668,0.1871310365410089,0.16244742542931692,0.18369608339821833,0.19891767012394077,0.19150079709057544,0.07177455531711696,0.13124842559415045,0.1550853753834583,0.16352114597276465,0.17075013754192095,0.15799183603570566,0.21913170426749187,0.18524537626469995,0.17238082218184717,0.17016882368964514,0.16018168070487493,0.15186591981992795,0.05242258125481161,0.07458106710875521,0.0189596667070904,0.15421245350348967,0.14267199595226956,0.06182419919790635,0.1753339214778058,0.09059341200344337,0.17267947925631608,0.13443693625569958,0.056975482730801746,0.15985679544936768,0.15873185535356082,0.14992104282388605,0.16401060700371292,0.310284167565919,0.25683260120073453,0.157818353865591,0.17928139519976524,0.13037109367980465,0.14871570384842964,0.09278902807853744,0.16610631400594478,0.25724384033079917,0.16054756631881112,1.0,0.2007169773882757,0.14667421820295365,0.15867991219679264,0.1854447379071165,0.1838299586762794,0.20609084748939122,0.20102120203263285,0.20884159258717055,0.18306825594865053,0.11146998846711215,0.08836529284741537,0.08914123688635449,0.03071738846756014,0.10089745360701674,0.030291792090933734,0.1482314323983898,0.12775795768582546,0.08986510533347264,0.198776301414606,0.17411915225833857,0.19080376877187497,0.1879253074625043,0.032971398362331934,0.20479492914396857,0.2018994920302223,0.1511148645508303,0.1427380471405908,0.07417065602866699,0.042712514947045546,0.043418404819487694,0.23507880624785707,0.19263092740706528,0.14117015161704785,0.18998902592563352,0.0964655653239742,0.14042527263308868,0.13746253793428148,0.04895848728687723,0.22452921750598445,0.2030863875444859,0.17682576999188865,0.16659630998102895,0.16120271475244974,0.15868789830722155,0.15421276031516618,0.1807040380758133,0.18180425458592628,0.14614817346076278,0.017328179378258004,0.18183892383809078,0.20380879940073576,0.161148171803825,0.23881030809541526,0.1554412970229333,0.18701792243601453,0.11496759047713101,0.19009330386777323,0.19026725650657392,0.15397075769454416,0.13230318521872694,0.20840328664156046,0.19562004368811903,0.22241957423274802,0.209146510854746,0.20348287115581448,0.1901202626253664,0.06860221081050188,0.20148627981097272,0.05095278078125529,0.07938226976430457,0.12677632149677623,0.22433361805787538,0.07647958931313,0.08308716821849904,0.14855664612638586,0.18448070434135608,0.18622255856579945,0.1592605106422213,0.16819941462544377,0.1782993757014424,0.16137858732156518,0.19399133313630973,0.15795937256991727,0.14938458154543813,0.1885059209389047,0.16245412223654682,0.2186706681866614,0.20702511492834957,0.17551312331884,0.1486185765160067,0.17588611919530217
Assessment_Assessment_Effectiveness,0.7185169415200354,0.8239063339926381,0.7933422653020135,0.4959028968781913,0.662044638702722,0.8095754820743024,0.7296405807182158,0.848135549629635,0.8905133792734308,0.91654864568028,0.7762302603937012,0.9299051146325601,0.7084182166069629,0.8285653618587894,0.9074797119706002,0.8667164157480671,0.9245718891897601,0.8998151878163674,0.7996068001860599,0.9236862547727491,0.8830743726772979,0.8956184932095104,0.8933933326248416,0.8726740057794178,0.7134624191839726,0.6131474906829849,0.7428415934594014,0.8614297406344207,0.7112197210216241,0.7275968813596643,0.889485633973968,0.7583561160481851,0.841700736499262,0.7856460922384462,0.7053030054899414,0.6849651470025632,0.789550356257598,0.8342752148569262,0.8886937448077918,0.3990157435185551,0.5807199999556544,0.8465723847313383,0.8169469432509089,0.5283381825254105,0.5716489712915025,0.47021788666262954,0.3915830759770758,0.5561074332442794,0.7221035241659869,0.2007169773882757,1.0,0.8623498197378967,0.7895614346458256,0.934881623901411,0.867205339331479,0.8874157800325639,0.8550894172797167,0.6015379868727804,0.5553572011032872,0.7984710518617875,0.7484392579273564,0.7777173225206416,0.5883837953797486,0.7628696690464991,0.6193003031013591,0.7686632965318755,0.8062455762663653,0.7672096310426636,0.8346543004225776,0.7263627833744685,0.7811089680992321,0.837715604484471,0.6599518281081932,0.7177690474048145,0.6821312805490292,0.7590006105000081,0.7575163721114072,0.5082740357325319,0.6083640931846003,0.6406591955196108,0.6049100560824613,0.8202470649870441,0.8940887982137568,0.7822927181194677,0.8398022721691359,0.8364193108839056,0.8698855374810817,0.48183081427845653,0.813730129043471,0.920997423185217,0.9343684908358552,0.8894623268186174,0.8842119896255755,0.8942953238015833,0.8765364793628361,0.8929928301259863,0.8908945566686244,0.5700033364506903,0.7678681776929969,0.780544369729936,0.6749842876677341,0.7999976880780328,0.7012705201819949,0.8917970773532217,0.6111206440212366,0.7651681583922119,0.9376208484339525,0.8974353983468008,0.7956582588967538,0.8471615938388833,0.8328854251120744,0.8445094830825469,0.6908979933123173,0.6699440011152445,0.8230361534527432,0.8504842109078788,0.4210480538007341,0.683115185817982,0.4974173489125407,0.6547083754418863,0.680500940787949,0.7935044655244039,0.7115484412599801,0.6791899294326222,0.7503521452475975,0.7585463590484726,0.9097375681081735,0.8405570856338556,0.8793677839801598,0.8845836407342788,0.8607426937817414,0.9164771721053426,0.8644313654891274,0.8618161827482285,0.8777334413249954,0.8757859933728467,0.8066369917565966,0.8924285113698752,0.8944229825544574,0.6777292437467639,0.8503691022788628
Assessment_Comprehension_Summary,0.6663805276072687,0.7895367727712195,0.7718731887757555,0.448992176348268,0.5926684511983329,0.8068261037759454,0.6779951177296274,0.8055069205836327,0.8667092615351694,0.8716644562427509,0.7384443938184767,0.852949098350568,0.7256412543885671,0.8212634159924257,0.8851426387381629,0.8278862979783838,0.8595233414765444,0.8333079139135803,0.7555504864741095,0.8713029978750177,0.8504753800152665,0.8515296193073317,0.8278772152002475,0.8415987627094627,0.7601657358705345,0.5957906984640059,0.768215690454729,0.8437901045946551,0.705332675277023,0.7514373583092184,0.854486116539858,0.7669042426405746,0.8320612568443132,0.770932640470726,0.7394909581307216,0.6543448409191973,0.7297404164132562,0.7923436129978495,0.8084604291766034,0.3664679142822109,0.5127325082031895,0.8246005880331387,0.7560682262383709,0.48340576710991556,0.5327625294215194,0.4653539833128148,0.329273065347788,0.5104057864471004,0.6549825027468619,0.14667421820295365,0.8623498197378967,1.0,0.7928247947563138,0.8802179698428755,0.8583947354188878,0.8337771289144127,0.8129789817209241,0.5407595252379371,0.49415747400040044,0.788298049171829,0.7786009530215087,0.797026993102471,0.6237477784473227,0.7766171351816821,0.6620726121535132,0.767237649832805,0.8081259242429445,0.7826668995957763,0.7984817350770479,0.7033993601836838,0.7207489253241033,0.781645977323436,0.6923443785299757,0.6951057195996148,0.6291808392326941,0.758364043335341,0.7606339725606924,0.5385733648722206,0.5950491312353667,0.6302635776685744,0.5525177450241248,0.8060999951270373,0.868823781197887,0.7671376156955999,0.8287367802774471,0.8420660938852808,0.8727161825727618,0.5027075765660681,0.7524208509337998,0.8377105938393342,0.8576698728920714,0.8027504852781522,0.8004329407621519,0.8793621641995352,0.8516545124509907,0.8569217398516027,0.82362146854267,0.5190728527282332,0.7689979192097925,0.7708465156618093,0.6653752703323458,0.8010449092984719,0.6637420670116017,0.8448911529913035,0.5891068583442095,0.7782294242491468,0.8738030838747259,0.8385451012237604,0.7486506370943397,0.8260372642287821,0.7862211434320763,0.8245527061407123,0.6046162779784778,0.626720177905516,0.8093966863468646,0.8269218165690291,0.4127517927597158,0.6163506387733935,0.5180308962124576,0.6648675865246022,0.6605683579823975,0.7510036608623354,0.7203789963241376,0.643724209639659,0.756278705454343,0.7479541207457855,0.8746521060907599,0.8496678353672327,0.8700079955076743,0.8758517660075955,0.8250066233147327,0.8864487897812291,0.8624251304816719,0.8699365510238207,0.8257842514602205,0.8531151132263518,0.7574560937834485,0.8599898564548071,0.8283189039579895,0.6357258066313021,0.8173571982051087
Assessment_Goal,0.620545136383102,0.7545488686687415,0.8378342975865393,0.41663345939067276,0.5613141195607588,0.7788047396766756,0.6373628194149125,0.7795369881196761,0.8093527129363859,0.7941882010102042,0.6663975639575087,0.7610314562058773,0.6507011255474009,0.7741044682649224,0.8267068078227843,0.7369535559336102,0.7839932323617986,0.7428158025579606,0.8108190614632179,0.8261841283195367,0.8181406622902186,0.7512465681607587,0.7462398540850967,0.7925043214080699,0.682982016369039,0.5167296807074936,0.6748180807803333,0.7930592219190503,0.6512163687234699,0.7030724812934095,0.7886047698803185,0.7058692090384425,0.7647736701618199,0.700569362479577,0.6880461826028792,0.5793073739445544,0.6545036949102832,0.7657826280393965,0.7479369655341691,0.4915755580254237,0.5681299320347781,0.7862803475749454,0.7263039376400946,0.4354858442026286,0.5282353325963474,0.4211907634601071,0.37997286922366436,0.5713245009679734,0.614587381017649,0.15867991219679264,0.7895614346458256,0.7928247947563138,1.0,0.8093946228709877,0.8240109124317108,0.7630946113420153,0.7520376968528889,0.6098725351323213,0.5764686011659488,0.7089522071173618,0.7223894171532816,0.7550861972555568,0.5730222276356944,0.7127760666238083,0.6227547464587072,0.710012963048287,0.7642562130425827,0.7266389113220227,0.7485697482887036,0.7108100978543833,0.6626003785105355,0.6950574675617915,0.6827004127598577,0.7612882436921237,0.648944034525443,0.7236113626689498,0.7261518775166708,0.515502165478164,0.5219086187676956,0.5405529401523349,0.6481035490576423,0.8186672406106478,0.7999766619420575,0.8243379591497862,0.757699596056893,0.8387163754242443,0.8355701065758113,0.4988310759103202,0.7105454378281981,0.7713946943807328,0.7884178421717825,0.7234823940754868,0.714889543491805,0.8319546026314929,0.8230661531551771,0.8282086803449956,0.7481307477167431,0.5317030807846556,0.6733452356337141,0.7780958591463774,0.7489484974862787,0.8313637975246504,0.7202703183457116,0.7718630496147861,0.7163358809626146,0.8242924646397016,0.7982732687724674,0.8114228374294697,0.704111937883025,0.7748136800843398,0.7366618896653673,0.8549419888427835,0.6423931583697913,0.7144266127313627,0.8109505504614403,0.8202934340193929,0.4812676868770585,0.6794346617017754,0.5354725644333009,0.6490581965149235,0.6352504007909854,0.8095883286550798,0.7163748005840493,0.5727974178548109,0.7054493644191637,0.8160768800123421,0.8274576761751453,0.8294036823577743,0.8335027024279478,0.831246751147007,0.7368900435315096,0.8430743920738986,0.8457044138535396,0.8486626411642106,0.8527422954878441,0.7704992426171804,0.7704440713487251,0.7808823431802597,0.7554871463639098,0.6415643559596413,0.8523423185732392
Assessment_Insight,0.7085028151650814,0.8270308990326323,0.7997818961650875,0.47280329089322864,0.636890934333847,0.8271178621494566,0.7093445164753047,0.8432127446540152,0.9193494454775649,0.9334215132153945,0.7758426897553348,0.9042164694076767,0.743231017714565,0.8467151307044989,0.9317773036986581,0.8711555236865829,0.9291022884697433,0.8878314059920518,0.8026289029488285,0.9406233121046125,0.8890740321440458,0.8936721830391843,0.8863460484137141,0.8896639691841672,0.7384747341923665,0.6338832301289494,0.7704855600104868,0.8895472288453375,0.7355502669008689,0.7447394429169829,0.9127750185690702,0.7716803958748807,0.8689963095553466,0.7949510120309267,0.728904533817277,0.6658646537352847,0.7554520714681211,0.8533322830772646,0.8735994269640768,0.40464851955346887,0.5679305266240885,0.8636195674232788,0.8112711250187146,0.5016780582390996,0.5792239163316447,0.4752279011368356,0.38514753279825625,0.561269407040308,0.693333384970837,0.1854447379071165,0.934881623901411,0.8802179698428755,0.8093946228709877,1.0,0.8781460750324925,0.8761342753801347,0.8527990779681366,0.5785576398268207,0.5286307556114309,0.7991193857143156,0.7673691498180554,0.7965325126116026,0.6150399621857573,0.7712451741865112,0.636147120693775,0.7883634883827129,0.8195558383165599,0.7875396399324491,0.8314663929519273,0.724588763749139,0.7494270387501775,0.8226797190137579,0.6869543961759321,0.7200528667467251,0.6544986714934222,0.7768339484548558,0.7806741779091261,0.5242545423317838,0.6300732060951577,0.6577755032729767,0.5970050766280807,0.8251510192212773,0.9182612811623562,0.7838653837741996,0.8537823501712622,0.8678320712707192,0.8989111695439136,0.4885651795436156,0.7907562793399178,0.8978837513317464,0.9328219748302856,0.8598334007840136,0.8537687530685413,0.9216054472911983,0.9082527904844008,0.9033829817674358,0.878292867649136,0.5686694635542239,0.7820811422588312,0.8019287711708404,0.673725380820622,0.8158374493559458,0.7093206648047905,0.8980963908664081,0.6196372416242184,0.7914715884928475,0.934654609501939,0.8972231533800817,0.7981952503250282,0.8623777130876978,0.8331314614777502,0.8681386670378509,0.6643606695539976,0.6691787638386874,0.8399008596830617,0.8698356786120044,0.43236413466150675,0.6623725244898288,0.5086911297771067,0.6553527646673246,0.6904652595144763,0.7959683554342616,0.7427563031142377,0.6624338128393441,0.7670089619235647,0.7733391210943351,0.934473720278106,0.8741681374036552,0.9080834489731171,0.9223933296916326,0.8400910712411209,0.9357254456595372,0.8976205786704577,0.8931122901718024,0.8846046015578521,0.8756777865934494,0.8089411062285213,0.905221823214655,0.8781936669914517,0.6627191536879653,0.8584329812291434
Assessment_Synthesizing,0.6595119660094739,0.7656096402372969,0.8252422611918273,0.4261331434655854,0.6009070042675719,0.7848325789937931,0.6639182762143558,0.8653123729068757,0.8507009498597811,0.8470433340148307,0.7377403980877483,0.8594705432421638,0.647640971749349,0.7782062915816603,0.8731729794124448,0.8246183992669391,0.8530448616517172,0.8174442578712954,0.8561509587484486,0.8840465769114415,0.8837487999825989,0.837913684946174,0.82917536513108,0.8364680665486368,0.7277154149269635,0.6166210861059069,0.7263915165465175,0.8158222227806963,0.6845409728578761,0.7391567077410194,0.8340334029708486,0.7626677427743491,0.8011363980856095,0.7525815707662508,0.7101957294831791,0.6377470223918327,0.7020259110551899,0.7560100509760671,0.799841685851674,0.4816270595143803,0.6028440427713486,0.7936147558360955,0.748909677054561,0.4531828792861895,0.504149897023957,0.3907193645716007,0.3662098715792386,0.5666279022534182,0.6556691195588218,0.1838299586762794,0.867205339331479,0.8583947354188878,0.8240109124317108,0.8781460750324925,1.0,0.8713655029444722,0.8569754208465098,0.670193376932821,0.6293750154827525,0.7833435195385037,0.7597558995553318,0.7838625496060136,0.6119582415825358,0.7601355757198811,0.6640291577763179,0.8013698666847792,0.8113546704116533,0.7468914804765115,0.8626189810835726,0.7793629730463132,0.7805320268237167,0.8246892036240459,0.6787837127447776,0.7834702321338237,0.7316833018880722,0.7967876099277764,0.789843855275685,0.5094135727678473,0.603891967046209,0.6309995798140798,0.674884712494606,0.8853390773115365,0.8456391253650999,0.8190800986002519,0.7838259024839851,0.8288851623009554,0.866596580081233,0.49068076466428845,0.7876455078821671,0.8594626775226829,0.8748541693955451,0.8203264431204462,0.8154837160931713,0.8571988087622416,0.8383911366301664,0.8833654211825033,0.8348925059175564,0.49790688584507364,0.7066684255605057,0.8129370739108235,0.7362937417588044,0.852589361975596,0.7517983868297979,0.8123992299004258,0.6998854333592277,0.7776434300315789,0.8845151001561111,0.8812960171928619,0.7336262462705343,0.7789294431506746,0.8332720113256246,0.8939300575357118,0.7206287559564457,0.749294520537758,0.9038748789324342,0.9027091143820667,0.46386016322007745,0.7263272238649681,0.5184352233944982,0.661341018633229,0.6656392861466313,0.8372766966181475,0.7491664284228652,0.6400202778733403,0.7072993280806178,0.8025854222144945,0.8559145301122673,0.8307743769641883,0.8549741059787042,0.8607816839250837,0.8017964995466142,0.8932796884615637,0.8520212396830004,0.8564161991313463,0.8964132308899815,0.880548271624209,0.828580492814217,0.8493890124111468,0.8145087643411666,0.6632171977278952,0.8613448395483171
Engagement_and_Motivation_Active_Engagement,0.6196140253723437,0.7302122069773609,0.7849489738018824,0.4404362831373422,0.5826555342666787,0.7196134435499649,0.6328578777559841,0.8702497896122057,0.8574948259710629,0.863724334133251,0.8122389515667501,0.9185451937932351,0.6281381794557084,0.7317862499894366,0.8506903352167746,0.817666702991124,0.8578569236797869,0.8240173250185053,0.8243220247279799,0.8825904342973904,0.9013034992065706,0.879628461113309,0.8168242811309144,0.8189422109605781,0.7439444568633884,0.599396187782338,0.7126985524992144,0.8127296566424932,0.7420090701982098,0.7372467400706691,0.8511064244519856,0.7831413131457053,0.8117300773849752,0.8122498070206725,0.7176861775467073,0.7462239042242598,0.7198596707417423,0.7430847655427572,0.8153473737046678,0.4488120684133509,0.6518780387099532,0.7827826449311976,0.7986525036320078,0.4758025825821734,0.5144560939244492,0.40161482423041506,0.41083921799940476,0.5495222005406574,0.6802268905677857,0.20609084748939122,0.8874157800325639,0.8337771289144127,0.7630946113420153,0.8761342753801347,0.8713655029444722,1.0,0.948506294111674,0.7026444048563812,0.6596288262227862,0.8161768766188424,0.7492645743935233,0.7931154001960743,0.6032082265817802,0.7854020007361688,0.6316772999192701,0.8078119002449662,0.809310372576739,0.7678204699238087,0.9216784886402263,0.8166527536057653,0.8747678869974675,0.8622390693120007,0.6412107516356123,0.7786065710671422,0.788708870856547,0.7932280000730287,0.7894430153284513,0.5141973958347346,0.5673427501692655,0.5965079684576847,0.6885251810909111,0.8264645193171307,0.8306739473770068,0.7740308447373504,0.7352830323809257,0.8059740218273608,0.841190612603444,0.47180247464791675,0.8335382820528886,0.8951584307451165,0.8842700691982875,0.8484229078192788,0.8490115737730537,0.8433432237411961,0.8253908778219649,0.9120937351991916,0.8822581058585734,0.5153297601397664,0.6675183638057264,0.7666007134318651,0.731650326968702,0.789456621221198,0.7296992468001073,0.7960953938120567,0.6519757157756958,0.7115812876307804,0.9133971942860849,0.8899476485279371,0.7036895244461816,0.7620745852054425,0.8857363672374857,0.8333398682208037,0.7514554416330526,0.7317952582299962,0.8500647662067622,0.8542094180998971,0.44141387045016345,0.7501895741114335,0.5091071178317642,0.6603152782988764,0.6770650516336104,0.8155766764109458,0.6984426275293042,0.6734498411170395,0.6835093527534594,0.7549062641195655,0.852058150211683,0.8064800153578021,0.8557662558667068,0.8413060438783506,0.8273165734651712,0.8795280245973377,0.8234510163468127,0.8183960402573085,0.8637375490897711,0.8453728507855873,0.8310090066136903,0.9042754483097172,0.8630339185241218,0.6628064892334036,0.8295736135332125
Engagement_and_Motivation_Active_Engagement_promotes_active_engagement,0.57999729757304,0.6947527924407919,0.7825666330154101,0.40169728938230737,0.5445360774818109,0.6954939241075899,0.5988034023187101,0.8644926693292586,0.8364653716045573,0.8334136784189154,0.7958937817613086,0.8941593449480063,0.6089960645201163,0.7033250345381105,0.8310239078823917,0.7907383268769518,0.821480759782199,0.7893770386710695,0.8288044493593236,0.8632406956488389,0.8918001724240693,0.8540618908498879,0.7933270879426277,0.7944221776687721,0.754755875711749,0.6001367633154974,0.7030160690675527,0.782661307819842,0.724636105946261,0.7379051244177418,0.823318205982802,0.7922888343784924,0.7878341665076347,0.8066830440064202,0.7297377922413232,0.7259804507376353,0.6823101795231954,0.706873226220147,0.7782399418939224,0.4476879267865622,0.6487766952615414,0.755080869759572,0.7691588578012509,0.42778874687969487,0.4856134206364765,0.39194111756952277,0.38862676271412355,0.5210033786875792,0.6519654569136805,0.20102120203263285,0.8550894172797167,0.8129789817209241,0.7520376968528889,0.8527990779681366,0.8569754208465098,0.948506294111674,1.0,0.7174993897591982,0.6793262256240749,0.8116708486434082,0.7505511803378229,0.8020731614894994,0.6126752177134944,0.7940298372784143,0.6416921659882047,0.8044711890828448,0.8018638846173146,0.7569673438994422,0.9198187893552038,0.8425962836165304,0.8805626781734774,0.8437269928655406,0.6432149575995095,0.7985009997977077,0.8116967142544729,0.797551654711455,0.7908052068554592,0.5122361033792634,0.560247755341784,0.5876456241278312,0.6907887723773103,0.8256470519496236,0.8024723799523077,0.7691655456801717,0.6983416888755644,0.7979481194041422,0.8297928238002968,0.48288566462128474,0.8110540275525323,0.8692568312986784,0.8541588586266569,0.8087608035727167,0.8114260175823206,0.8151995953054452,0.8003820881608953,0.8969611909958418,0.8512108333137675,0.48646293283723624,0.6399362401681946,0.7645391556537902,0.7352365193828104,0.7782711860709887,0.7327338151013247,0.7584995383639531,0.6731267776412416,0.6986826447135321,0.8871057907997298,0.876799254558262,0.6722051893639945,0.7327433184270044,0.8650338381953235,0.8174543184696508,0.7547689342558153,0.7451572470269097,0.8454503349270293,0.8417001878390108,0.454027408969367,0.7642040772776129,0.51207818125017,0.6552499156302726,0.6639442275101318,0.8198457883135908,0.6998817382728921,0.6580591628197515,0.666262816436896,0.7598921340229245,0.8201429665854809,0.7859523087176746,0.8326977536253505,0.8151736131142063,0.7761154595001231,0.853472416009146,0.8054691970030806,0.8018408860348191,0.8581228286516924,0.8117250474961152,0.8088268180908113,0.8873082838998637,0.8260212619568006,0.6652510064712073,0.8260958474183645
Engagement_and_Motivation_Asks_Questions,0.38092382965766736,0.43780267044439847,0.6966109024596584,0.27692276214063266,0.3733559240528364,0.44209853308013025,0.3888233941877791,0.7375441233016993,0.5359287616580618,0.5364649628153059,0.5568538282518122,0.6248746924433682,0.24175031867472788,0.42274055710188047,0.5653872734361544,0.497572549344854,0.5473964137562676,0.5132701876014486,0.8267165725322446,0.5940124315788132,0.6990909915095714,0.5678660147526144,0.5201784702918354,0.5595380707577482,0.480639796700327,0.32660465553506784,0.37094617164207794,0.519236710101432,0.47249089560840885,0.48413076572546976,0.5479221251300223,0.5318926065036982,0.524016212263723,0.528334115695179,0.44526451820117596,0.4877866210690319,0.4433777971288374,0.4256093997472891,0.5167303133799523,0.6568268724540297,0.6796352263383315,0.5143918164102269,0.5220054762567995,0.30026874140934295,0.29415235877856716,0.15997083788555294,0.37404486335919146,0.5241782214098772,0.4368825933516105,0.20884159258717055,0.6015379868727804,0.5407595252379371,0.6098725351323213,0.5785576398268207,0.670193376932821,0.7026444048563812,0.7174993897591982,1.0,0.9517242719601516,0.545560019388613,0.5201026265884459,0.5300772493163697,0.38792657882716414,0.5400328230367258,0.4544687519419337,0.5381977653225474,0.5258574964570732,0.4637301898877039,0.7627551622930948,0.7935709271698084,0.6902819851906287,0.575274603693477,0.4447369118874396,0.84434787772474,0.8637133670934822,0.5774778397740751,0.5649554044544073,0.40798970076479785,0.27443954233274964,0.3029248994680255,0.9112127037401583,0.7303408946117922,0.5201970146808631,0.6984182181735716,0.4158251947372812,0.5770853765680806,0.5696066595262258,0.46893761489698366,0.6881535672608328,0.6447366263303468,0.5910952034137975,0.5699149285138626,0.5641511899099891,0.5552580784519923,0.5437835237370005,0.7053489703624246,0.580401637855734,0.29916808751113255,0.32203679637264665,0.6421749305989592,0.7366749908645347,0.607512628461196,0.7029531618105006,0.4853748881807798,0.8629952374148869,0.5049169194040319,0.625614331152894,0.6962196642719494,0.4322159144035249,0.4601710034211446,0.672087148278888,0.6647743849821028,0.8365793710663095,0.9020598549870132,0.7045215181393957,0.6273733195962035,0.5738494073272519,0.9372454584189945,0.5012575976038666,0.48100514396197264,0.5346267152816956,0.8329454712083851,0.5674829332942892,0.44904915296915227,0.4002827673847824,0.7253522463579418,0.5547265838185873,0.5474379757969224,0.5758142176193557,0.5625808875855011,0.5190968829755395,0.6077426314470273,0.5683721593453394,0.5668522360249907,0.754799271523292,0.5573603262975428,0.6843384972856514,0.614992978534162,0.5573299784458321,0.590194358932529,0.726347626283429
Engagement_and_Motivation_Asks_Questions_asks_questions_to,0.35248888622707947,0.40266780928386386,0.6577187610987171,0.25427290167283007,0.3430078489395897,0.3974719290203255,0.35848971621619014,0.7016923926410602,0.4911286810726907,0.48673114642553356,0.5087514247299513,0.5774584615543995,0.1978940134503772,0.37489387716223355,0.5238775985348105,0.4551076611269316,0.4990472322773167,0.4599700246139819,0.7888338795466814,0.5500188702346903,0.6545590445347897,0.5191811939207495,0.4726907446620013,0.5164050627062007,0.4488411474346481,0.3162976425141886,0.3339409824259296,0.47385749209394445,0.4370441404678969,0.4485418527766192,0.5017380379123428,0.500865812482466,0.48006502125741657,0.48976933400847744,0.41136417256267016,0.45098130080728877,0.39981935849890277,0.3786325379438661,0.47516391667813,0.6317220016513668,0.6552834027168835,0.47100930577886974,0.48526748016268784,0.2762041522564868,0.2559201863965798,0.13731852049112722,0.356543338738934,0.49680073375515,0.4025797988885814,0.18306825594865053,0.5553572011032872,0.49415747400040044,0.5764686011659488,0.5286307556114309,0.6293750154827525,0.6596288262227862,0.6793262256240749,0.9517242719601516,1.0,0.5113552039023845,0.4807984458020341,0.49077159521345265,0.3541945344480553,0.5088081743731973,0.42463924569905287,0.5058958269549878,0.4878468428526159,0.4225343539593091,0.7304721138204107,0.7659240399035077,0.6682131076963698,0.5367949099348416,0.4168359265610385,0.8197921362916352,0.8533553103795619,0.5460316491072124,0.5390814454113488,0.37913960536990865,0.2582752310817273,0.28743902419570816,0.8880438889061707,0.685879461115106,0.4780187710181209,0.6529502025821089,0.372951158986119,0.5346667276548901,0.5272369683095403,0.45302342021696523,0.6387495302874648,0.6004272517797468,0.5435849656927659,0.5320645740099832,0.52211183410899,0.515242137595987,0.49894168568462455,0.6639184041883698,0.5358674797522539,0.2656021771195477,0.2831736774651045,0.605336653594306,0.7124223256540815,0.5617523205098488,0.6749993214171175,0.44330976418519624,0.8511459242724118,0.47427071179439245,0.5805851993078723,0.6529464788705683,0.39671363132315973,0.4154828668918468,0.6269703629402932,0.623126298831001,0.8125225606864953,0.8839195032679377,0.6646648316988677,0.5832052894122399,0.5530207340454933,0.9205853732319202,0.4754187703455083,0.4467928173897522,0.49403878131281026,0.7952253053683963,0.5288183355013921,0.412159738090525,0.36481144857379305,0.6910737479264162,0.5065842236656456,0.5038579321375505,0.5324160678936918,0.5157291206152382,0.47157587734286627,0.5603460344590817,0.5277003436346194,0.525792894330918,0.7191365984665826,0.5068895841311513,0.6448900878172429,0.5669639873909691,0.5147783692031548,0.5692433220999592,0.6906419703326003
Engagement_and_Motivation_Constructive_Feedback,0.5953703772441815,0.7070877963288652,0.7304751986820591,0.4083244625106738,0.5320291596592783,0.693021030519938,0.5971034799011598,0.7546018155239896,0.806646753787498,0.8066344505760475,0.7503667513808336,0.8345764407334555,0.6731806069999852,0.7258819283475046,0.7841701665978384,0.7869737238311004,0.8053880422846408,0.7773724277646699,0.7025753979616165,0.8090955694208518,0.7927494202220219,0.8113811114867556,0.7931468067344303,0.748267245382339,0.7931113166721598,0.5849213716465539,0.7257171050869857,0.7886669416213213,0.7248514770543637,0.7494197334198871,0.813573499567022,0.8441564633500274,0.7883368722596903,0.8369062320518748,0.76707705571513,0.6606375847580656,0.6563731386657254,0.7180955337698166,0.7273403390361167,0.284892335547487,0.4870034738443549,0.734451261176659,0.7278008277371475,0.41226697757899267,0.42625576223271083,0.40095720377020566,0.344431404792396,0.479484964122271,0.6134904589677731,0.11146998846711215,0.7984710518617875,0.788298049171829,0.7089522071173618,0.7991193857143156,0.7833435195385037,0.8161768766188424,0.8116708486434082,0.545560019388613,0.5113552039023845,1.0,0.8012949110686024,0.8215775579112059,0.6687763024105041,0.8504175897053893,0.7289254358400449,0.7499350469261616,0.7602461674677135,0.7536925280913375,0.7915894861889734,0.7119057863761382,0.7565274787717223,0.7917957613619165,0.6664740651062414,0.6730010120993183,0.6535085419111784,0.7296311567681696,0.7405515637166233,0.4973010353808055,0.5732924084257113,0.5936476447570619,0.5269664390563913,0.734071467841619,0.8114134677897702,0.6980343233196118,0.7505450065743575,0.8006030329250057,0.8251821018713561,0.4577452325915893,0.6901234910368786,0.7729928633677284,0.8038460094648059,0.7654050884858831,0.7691295872118393,0.7984058360587903,0.7878591022921136,0.8145265698237535,0.7939048081120438,0.4324305816736032,0.7229941016340493,0.6998862848699586,0.6397672281285005,0.732676781099053,0.6244623741545279,0.7523132430056886,0.5687819482126453,0.6985458773649,0.8086822720595929,0.7767323635940517,0.6930942665871995,0.771878637862156,0.7590234862082994,0.7461244429653422,0.6058720655876664,0.5988359831738578,0.7351279769152046,0.7601588433307624,0.40088892857344466,0.6085752106884428,0.48376265848041716,0.6630319501837078,0.6425216470099032,0.7005094395542889,0.6696832152157723,0.7944171908530734,0.6897128852074025,0.6987265695518051,0.7771096757128905,0.7674439276190311,0.7870679287914353,0.7595558948493375,0.7307419374953193,0.786910669971653,0.7739798425831108,0.7705340602781962,0.7497136657085993,0.7737535372178419,0.7132907360214168,0.8250079073565189,0.75962529074776,0.6116117950901058,0.7409638325987203
Engagement_and_Motivation_Constructive_Feedback_provides_clear_constructive,0.5517827975982316,0.6774332749728773,0.7479057681008667,0.34329819513980486,0.48989875313375375,0.705975256974622,0.5640506031702857,0.7168234169358488,0.7869265495253615,0.7580530376512046,0.6865449687061623,0.7500624795339235,0.6745359815742211,0.7294882635222993,0.7783559409170583,0.7410998331963218,0.7532078316233223,0.7148636209574091,0.7031069739582416,0.772127119143342,0.7714994440118914,0.7485118261157201,0.734276528550048,0.7263924091193213,0.8451968613522123,0.5618017582226088,0.7861039297098992,0.775319255409107,0.6615897667637961,0.8185160463968891,0.7816195242276669,0.8406468658281463,0.7686471840515569,0.7806779712258366,0.8194461305911317,0.5904439327643854,0.5872282303696431,0.7011071612401251,0.6704369509006306,0.277017156266583,0.4644702087984753,0.7107914133395972,0.6635330101764992,0.3735939401988541,0.429688397683101,0.36380139505724646,0.2724020665985505,0.44315759115422154,0.5303198546273569,0.08836529284741537,0.7484392579273564,0.7786009530215087,0.7223894171532816,0.7673691498180554,0.7597558995553318,0.7492645743935233,0.7505511803378229,0.5201026265884459,0.4807984458020341,0.8012949110686024,1.0,0.8598768707467993,0.7518518951260222,0.8451576658813961,0.8376373950667488,0.7496111336452331,0.7833480610368279,0.784613940281195,0.7553085751782561,0.691995711077424,0.6666822660047029,0.7036200226590994,0.7514460300964458,0.6785623304174364,0.5954751173000911,0.7539564854770554,0.7632670338888546,0.5128899824933852,0.5747074269005158,0.5868119861013653,0.5050536912871396,0.7245187285074354,0.7805520539879068,0.6883324183960007,0.7265059328999272,0.8276016032701023,0.8487992479052687,0.5127000180664527,0.6367048780124553,0.7150901163992358,0.7473768862038205,0.6821756310317069,0.6859226269401404,0.777717041835205,0.7763170731561857,0.7784258860848158,0.7195617229137339,0.4209005646954133,0.7100025782621019,0.7277295064592598,0.6309596982029944,0.747968410319223,0.5930222866855012,0.7187560164172143,0.5969267281532231,0.7316012292165822,0.7538526253235592,0.7470020959786212,0.6855844626533028,0.7593118541695645,0.7031601651836829,0.7479838331574563,0.5706160446550171,0.606902516720312,0.7384015970150578,0.7536988273561117,0.4538718916393851,0.5794566957259644,0.5381016371653514,0.7009944353550575,0.6390985494614151,0.700707186170396,0.692171093031916,0.6426400867764992,0.6999833381741379,0.7059995386444347,0.752103880711656,0.7831175863896269,0.7830100216398328,0.7460562758176605,0.6710021664856095,0.7716699216022272,0.7773488481377483,0.7811784882482976,0.7531518671403038,0.7399409718384412,0.7028794648731863,0.7867761558855919,0.7037792885740496,0.6033783347006563,0.7334404709894408
Engagement_and_Motivation_Emotional_Support,0.5460923497625637,0.6847324623117018,0.7555785285551728,0.3913195550639358,0.49477165906628046,0.7105356434139557,0.5565489062215405,0.7409074611368738,0.8266162739189975,0.7902106281271936,0.7089773963055136,0.7781181906145408,0.6884436971654065,0.7363464790517734,0.7984797247533396,0.7547629590082258,0.7810653105671522,0.7343272000835928,0.7141032493004144,0.8069721493462823,0.7934878741669139,0.7832727160757091,0.7513126749208887,0.7493546406890595,0.9097445936058224,0.5856227724085231,0.8348194784452704,0.8112019795468669,0.7267137157460207,0.8530581644488521,0.8202138375594532,0.9059825116527113,0.8059759772503928,0.8587225013720929,0.9026457758637754,0.6534145983335503,0.6228921324212324,0.7174203628391109,0.6897106676354994,0.3081959632145494,0.4826033673699965,0.7394790743332245,0.69990339910236,0.4236916253839096,0.4490132417709111,0.3916716607075151,0.30363126616415415,0.4754751812485062,0.5541032393657686,0.08914123688635449,0.7777173225206416,0.797026993102471,0.7550861972555568,0.7965325126116026,0.7838625496060136,0.7931154001960743,0.8020731614894994,0.5300772493163697,0.49077159521345265,0.8215775579112059,0.8598768707467993,1.0,0.7987786731312841,0.9162077098769911,0.8073085972963854,0.7905536188012715,0.8261421413516079,0.8556523582059844,0.796449892019976,0.7263708528342236,0.7198525883779865,0.7469329595367551,0.7328986827105312,0.7038081954709581,0.6256730265625923,0.7908599137597151,0.8077760071132162,0.517032541758753,0.5860527557934526,0.5990543262546651,0.5205182934911631,0.7315489165981471,0.8093477149901253,0.7013541113230348,0.7267438763148587,0.8414344631388303,0.8795011053354466,0.5128572225008733,0.661316565772904,0.7463143168192529,0.7668301726503622,0.7062743236699521,0.7044242292973771,0.8041406059768298,0.8005728510091799,0.822494977328696,0.7469569920243095,0.4494792821506592,0.69881141492802,0.7369687696962494,0.6532832326587134,0.7584613693561777,0.6267985411638688,0.7189316288433878,0.5965503206834305,0.7417608330956947,0.7904522210709849,0.7756124981325174,0.7025750223844652,0.7776735758308164,0.7373488534480768,0.7665468308125565,0.5931821823367687,0.6237083546457767,0.7496250180908213,0.7758886032399751,0.46412539165971395,0.5932003134417164,0.5466407895344269,0.7123874271088702,0.6568398211133891,0.7197008159471477,0.704032503914976,0.6521685680876628,0.6974393906528397,0.7130057145708436,0.7792437094830245,0.8076359290639559,0.8080458966530715,0.7824818539219404,0.7028020926477404,0.7970256170218238,0.8023898815300851,0.805564193015172,0.775067885799877,0.7445609232931174,0.7099061169545602,0.8377821866509142,0.723582795712959,0.6288251532250688,0.7445320912011669
Engagement_and_Motivation_Encouraging_Feedback,0.40799697289662384,0.5231625269523339,0.5965725044957877,0.24964641803234808,0.35727261196556426,0.557851047846431,0.4189055185940299,0.5674818472602983,0.6415940859463048,0.6100355325539484,0.563727232316837,0.5993822811664348,0.555460825906701,0.5902123973298969,0.6276397022347431,0.5930273046706244,0.6047007491811334,0.5623442291720093,0.5432152972588044,0.6192430847685115,0.6204123598936359,0.5951467093642868,0.5842895996194521,0.5889743230644053,0.7909827568098001,0.47218794524675833,0.6836291769637743,0.6344717230217048,0.5713916145269505,0.7121836646791051,0.6337639386586702,0.7814492069935002,0.6299990894038331,0.7165015335697911,0.7592469051362464,0.514752863768753,0.4414255469790393,0.5482276276674247,0.5060626149853561,0.19362545811143497,0.3471795766336943,0.5639615268172501,0.5499207766829795,0.28158383449772056,0.326449086818906,0.31444593766060075,0.19423038060567507,0.3582519375752268,0.3918920852294008,0.03071738846756014,0.5883837953797486,0.6237477784473227,0.5730222276356944,0.6150399621857573,0.6119582415825358,0.6032082265817802,0.6126752177134944,0.38792657882716414,0.3541945344480553,0.6687763024105041,0.7518518951260222,0.7987786731312841,1.0,0.7789408397885778,0.7587968604036468,0.6333631600908314,0.6565476791657817,0.68583527908736,0.62114262354004,0.5571339375503176,0.5217937274349915,0.5478304016019155,0.6281213527548976,0.53830112237515,0.44135813153089265,0.6365866875935203,0.646946310808058,0.41835010639248676,0.49921056414601256,0.49089334274841495,0.38140947150109716,0.5552979879123804,0.6313256899691333,0.5469781801867178,0.5667423684110088,0.6569009842447106,0.7039568095608726,0.41637513468697585,0.5060749597828997,0.5645990531865389,0.5948791216988234,0.5281046834553843,0.5403212295438582,0.6170993053296101,0.6156980570892144,0.6354541601358725,0.5631934286370934,0.31637504067254285,0.5656629005020198,0.5874948258398554,0.49953835963307797,0.5982867246570179,0.4768872733581556,0.5491792781741676,0.46089398455612673,0.584936374227633,0.6084052501201194,0.592758870513429,0.5599275362157826,0.6155008489958639,0.5504125345736115,0.5911017950682127,0.4334516841143059,0.47170001481078316,0.5817809764955878,0.5976443517414678,0.38005773135930987,0.4411048962365211,0.4581369268800489,0.6186474512887082,0.5446591978129419,0.545490549032817,0.5680000862090495,0.48787365796572063,0.5643653073110785,0.5573323210801819,0.5959803089569035,0.6321571163219112,0.6294574609508634,0.5865005068719583,0.5200513254984452,0.609421258203795,0.6197824216679724,0.6263085720272029,0.5904137750486912,0.5872261961363366,0.555312294632093,0.6648961292116717,0.5404131756405505,0.4780614257681326,0.564892147124637
Engagement_and_Motivation_Encouraging_Feedback_delivers_feedback_whether,0.5285032341104824,0.6550617604891469,0.7243608779229072,0.38648909264395137,0.49612692401342373,0.6700930283859906,0.5490228577109139,0.7307952436406138,0.7931049736885779,0.7770679078817238,0.7269892005147491,0.7838061057134778,0.6501783556276114,0.6997301638487277,0.7740694762372956,0.7370328212823132,0.7674480846390219,0.7283903794408149,0.6966986170958477,0.7827514275445296,0.7748277752047882,0.7747431410226067,0.7434532619329445,0.7335602774041431,0.8786533291818152,0.560623708318626,0.7827257602890951,0.7769643341072345,0.7106574340619172,0.8036135561134292,0.7946932153331187,0.9543729444039665,0.7781970751120757,0.8671154260159728,0.8527323852279424,0.6476157465975982,0.6167769667662321,0.6876075335827531,0.6783687118650308,0.30149197558172935,0.4913911092417177,0.7065022139702346,0.6930590143916342,0.40926202858591776,0.44056825035794545,0.3722190527334384,0.3033242904780256,0.4785050879080897,0.5455048614518002,0.10089745360701674,0.7628696690464991,0.7766171351816821,0.7127760666238083,0.7712451741865112,0.7601355757198811,0.7854020007361688,0.7940298372784143,0.5400328230367258,0.5088081743731973,0.8504175897053893,0.8451576658813961,0.9162077098769911,0.7789408397885778,1.0,0.7949884524931741,0.76388905028824,0.7873102823562658,0.8030577839185673,0.7960265900677063,0.7281100463836367,0.7278038259950088,0.7499239493346198,0.7030049517992003,0.6939373623695629,0.6431539097144082,0.7567921005176222,0.7710806937203691,0.5009703924078468,0.5624846145949493,0.5753174510805529,0.5271696275400769,0.7065536907041736,0.7769812866816781,0.680479320781372,0.6973987908855038,0.8037537396548368,0.8454986643654265,0.480613915324502,0.664263304935147,0.7273122681941279,0.7621623925820327,0.6972419575168864,0.7022652347289378,0.7711920394817913,0.7636236290932235,0.7991675244154721,0.7402739230047118,0.4370362111136556,0.6630460090141679,0.7040312650000128,0.6339453587042067,0.7326057294022006,0.6073106253312333,0.7060129215567474,0.5842291284627055,0.6978199734463664,0.7743114271783519,0.7554309009651727,0.6882335057007279,0.7480781729722479,0.7389305360062214,0.7298017019374081,0.5995095821867557,0.6098707679738363,0.7197718312027745,0.745632646133619,0.4386839208083516,0.5946087370537481,0.5157535306350451,0.6877260215825501,0.6501227768601531,0.6971646146559831,0.6643454997701097,0.6881319453365122,0.6774375669227061,0.6918995022122629,0.7508085598962486,0.7723951521465097,0.7883386105823624,0.7466591026114722,0.6879105928495564,0.7673998660178353,0.7674400792625932,0.771591792965197,0.742096317439519,0.7298207015786455,0.7081699902653418,0.8224835858925711,0.7228460678799069,0.6153948107086447,0.7199297433022133
Engagement_and_Motivation_Identifies_successes,0.441967472417637,0.5638163278099139,0.6457833622553866,0.2576795425276398,0.3922888086577201,0.5959058544081478,0.4536137665075035,0.6075735229582606,0.6608468542971963,0.6332721792695524,0.5704930159553463,0.6244583545343544,0.5596797711108328,0.6072246614588185,0.65158471974649,0.6320460710812092,0.6213717234209153,0.5874081968979941,0.5980719813071397,0.6453432277625606,0.6451346390993886,0.6260121385829054,0.6220536597553566,0.6001515781784846,0.7997465486536306,0.5017346985765924,0.706611639311573,0.65497298358737,0.562246019565679,0.748550380219814,0.6566990823643603,0.7902430105594371,0.6538624554493366,0.6935955486447728,0.7730061560934178,0.47100548649429724,0.455505089263723,0.5724812284441236,0.5236450903277783,0.24114490192816343,0.40304544196060077,0.5879822854562495,0.5504316966382305,0.28236986826045635,0.33106364049234616,0.28772025180511573,0.22187126370071875,0.38260528939036587,0.41037617730918785,0.030291792090933734,0.6193003031013591,0.6620726121535132,0.6227547464587072,0.636147120693775,0.6640291577763179,0.6316772999192701,0.6416921659882047,0.4544687519419337,0.42463924569905287,0.7289254358400449,0.8376373950667488,0.8073085972963854,0.7587968604036468,0.7949884524931741,1.0,0.6627925632096295,0.6746617034205422,0.6944296596369001,0.6601040008056658,0.5997095269224082,0.5819192609692536,0.5932864845000183,0.6849732577868317,0.5950725213860045,0.5349630043115895,0.6714685068229858,0.673319174759127,0.4280584160093302,0.5013251521480908,0.5100942087501599,0.43836944131826555,0.6226733196452188,0.6582067470381253,0.5910753336266008,0.6047043653047174,0.703482467760864,0.7317336703488831,0.46135577006027767,0.518427035371274,0.5950825254413036,0.624508773263003,0.5574776418751252,0.5581708612667284,0.6476984683034861,0.6446566921764525,0.6602091799768264,0.5968418616292638,0.3251382109375871,0.5954058513836603,0.6344795632981971,0.5577932731584453,0.6416073095533593,0.5074646681024686,0.5775488002444245,0.5283378221077025,0.6223560249418248,0.6328034377327179,0.622307967370524,0.5715134110422446,0.6432504847013405,0.5974311205980338,0.6413336153050204,0.5035567568854445,0.5337170651365597,0.6348047659842133,0.6423335606102303,0.41101061666668753,0.5058754888226333,0.4932207699592816,0.6454366686782255,0.554951566864006,0.6024108882958668,0.6151354779478065,0.5696314674511761,0.5927248347638997,0.6186949261366036,0.6162174215329536,0.6565869689751498,0.6460611019952706,0.6143921113513134,0.5370425040411361,0.6409629425750102,0.6468641917105742,0.6561547057761447,0.6335875174341583,0.6278514445977257,0.605147158582911,0.6687263654573535,0.5747281502127333,0.5233708498970697,0.6162208251300586
Engagement_and_Motivation_Inspires_interest,0.5653583676168474,0.6795382677674944,0.7378680749377273,0.37448462183783415,0.5158666564823329,0.6861035457780925,0.5717130498328837,0.7447212484649756,0.8161574954584725,0.7821948570440304,0.7122333591312274,0.7797002730469138,0.6477314206887012,0.6939877791487864,0.801282553233597,0.7827271254440813,0.782639287388716,0.731108892104115,0.7409222222752627,0.8020883617204556,0.7981966477809013,0.7821561808276811,0.7555558340609135,0.7357622324115723,0.773424494750716,0.6196888935104972,0.7575721857983078,0.7825599893766136,0.7049174164827784,0.7808209793564679,0.799702304393569,0.757442460642704,0.7753677569482466,0.7768348917531958,0.7683360545651535,0.6304488045164123,0.6182615214609553,0.6982886673156501,0.6879066451869992,0.3309163093484561,0.5038774835498786,0.7115524321113434,0.7058699512614922,0.40012013854114103,0.4134898330788361,0.3584808357060944,0.35467425795398944,0.48172187007383427,0.5683150734520186,0.1482314323983898,0.7686632965318755,0.767237649832805,0.710012963048287,0.7883634883827129,0.8013698666847792,0.8078119002449662,0.8044711890828448,0.5381977653225474,0.5058958269549878,0.7499350469261616,0.7496111336452331,0.7905536188012715,0.6333631600908314,0.76388905028824,0.6627925632096295,1.0,0.8991322577341652,0.8125121754105701,0.7798032523178634,0.723778960238688,0.7430181915044106,0.7552568352947071,0.6582911544676067,0.7099745026082426,0.632037548124137,0.9132720883913158,0.9134155594839412,0.4907203227200495,0.6349619998483931,0.641962360227586,0.5380821968738748,0.7292541886459049,0.8003553619122767,0.6755278486558733,0.7110465242530147,0.7750859407212283,0.8187746003467173,0.4158680024919183,0.6813512912724892,0.7486535739932503,0.7756424639824251,0.723369562708032,0.7256102696875925,0.791473664491893,0.7887846273219444,0.8106130997615935,0.7736569257576471,0.4096265971073468,0.6746967213231375,0.7334756578844318,0.6437033223751792,0.7310541356699115,0.6682166995641817,0.7261910947202773,0.6050628509938524,0.717665053145036,0.7884773363386968,0.7864841327210356,0.6752353093833827,0.7406979931726941,0.7418939398871461,0.7646160708638626,0.5941563247485229,0.650750633113383,0.7631636721814953,0.7921082177534442,0.38596783112291916,0.5940949067074324,0.4703289409487758,0.6530261011599409,0.5998863559793752,0.7112194935912336,0.6959952780177006,0.5927359543394048,0.6773342378840972,0.7150821564778893,0.7725495274391834,0.7773628341698912,0.8037214971306778,0.7846264761245502,0.6955111285543333,0.7921459470805797,0.7853520771530552,0.7974764810845727,0.7676349798456719,0.7705466763272246,0.7093943698703004,0.8103093952747082,0.7229233333519893,0.6076357793875994,0.7338735853474477
Engagement_and_Motivation_Interest,0.5943896862468423,0.7293008726612097,0.7701031006040655,0.3952321459322553,0.5341502071075972,0.737932534857384,0.6087590007215763,0.7632847456204722,0.8477155508100064,0.820968723657063,0.7243199047657572,0.7985083088265427,0.7034894137657182,0.7612127738943371,0.8439434061315274,0.7990475863870893,0.820755082001808,0.7716554137678794,0.7509771124994171,0.8366166215889064,0.8305506003681258,0.7996068320806563,0.7912677954578362,0.7973582438868713,0.8022876142547773,0.6482042971714291,0.819468338393309,0.8348070932683144,0.7308374173155677,0.8358621050953193,0.8400697945126683,0.7834399075828306,0.8234206993983997,0.7902185975524333,0.810902331683305,0.6369256608848233,0.652966020396977,0.7501094047237533,0.7335310623700652,0.31232555840512727,0.49543179116734576,0.7653801588851216,0.7420039117766013,0.43458234856301253,0.45997711263640245,0.41311243777099665,0.3583251799878712,0.5028301666970365,0.5850731562641585,0.12775795768582546,0.8062455762663653,0.8081259242429445,0.7642562130425827,0.8195558383165599,0.8113546704116533,0.809310372576739,0.8018638846173146,0.5258574964570732,0.4878468428526159,0.7602461674677135,0.7833480610368279,0.8261421413516079,0.6565476791657817,0.7873102823562658,0.6746617034205422,0.8991322577341652,1.0,0.8456780975139686,0.7734657678337993,0.7185449493322232,0.7127087135336363,0.7419142573650849,0.7147407989276838,0.7192757388831432,0.6072000463567891,0.8983104785374559,0.896128600705395,0.5395163152386113,0.6591526720080071,0.6744120037871832,0.52872228086354,0.7518844229997869,0.8453800313624272,0.7096955716508191,0.7746104010060126,0.8190161143408229,0.8678008900775518,0.4646820135687116,0.6934658075611537,0.7703453043251106,0.8104361136362477,0.7449838319933787,0.7401500916752656,0.8379519367452792,0.8361397810891092,0.8336407992957189,0.7877148820175319,0.46230380176043584,0.7386654001130037,0.7703832456811677,0.6568394194831293,0.7784254114534104,0.6802309234701176,0.7703078024947945,0.6202932592313822,0.7891032902953804,0.8148860134029099,0.8096865693474149,0.7160476283818573,0.7951854637335561,0.7413476528654955,0.7941361658092262,0.5827656500297084,0.6458745220739954,0.7789077172389666,0.8073137111389852,0.40941315218280155,0.5929318490323382,0.5006613781882776,0.6970443987718119,0.6334517710699245,0.7292398134953778,0.7392733510604991,0.6067550005527361,0.7268705354914706,0.7497443270063213,0.8218600485611102,0.8382136379096484,0.8504694804431755,0.823773824150746,0.7310051617216877,0.8286561700422308,0.8371138515592531,0.8468332004320561,0.80422766867112,0.7844531551889734,0.7252109763713371,0.824658001086356,0.7592128032185615,0.6345365017835137,0.7658813513539455
Engagement_and_Motivation_Monitors_motivation,0.5475227689038996,0.6773207510782566,0.7163116573959956,0.3863469917393993,0.4850895460007473,0.7077884454637927,0.5494555346888883,0.7141022463613678,0.8168359414288947,0.7963984896813303,0.7064587994663803,0.7660100170517173,0.7213580751554672,0.748480464221289,0.8029616597148117,0.7477877249282661,0.7687927480946902,0.7320126790189273,0.6651330419742902,0.7930294431677954,0.770783846899235,0.7683072532077038,0.758593214630775,0.7603415971935296,0.8245010857524425,0.5778394833985959,0.8466393398116325,0.7993386003776435,0.7010768061475343,0.837339775637911,0.7975501078569215,0.7978674153280614,0.7862559009300087,0.7877389393247506,0.843769521521645,0.6427686025589884,0.6300841254221523,0.7294453557389631,0.6981046314870278,0.2516318479148711,0.43555929251023967,0.7284915962925994,0.6952522147523497,0.42321518709416944,0.4705207725991879,0.4253278346995454,0.3283857745404685,0.45964170590110137,0.5622963809812762,0.08986510533347264,0.7672096310426636,0.7826668995957763,0.7266389113220227,0.7875396399324491,0.7468914804765115,0.7678204699238087,0.7569673438994422,0.4637301898877039,0.4225343539593091,0.7536925280913375,0.784613940281195,0.8556523582059844,0.68583527908736,0.8030577839185673,0.6944296596369001,0.8125121754105701,0.8456780975139686,1.0,0.7340086849327762,0.6711813345879728,0.6869603239992601,0.7229890987485175,0.7099809497841896,0.6419187488360908,0.5676480471938393,0.799423031484826,0.8103594699670819,0.519770964088186,0.5844079051913752,0.5964147523480474,0.45456262094241445,0.6817953841498646,0.7974209065866745,0.6531135992641219,0.733429317545166,0.8027704414120898,0.8450675040429522,0.48251958939131206,0.6349721476076484,0.7265697793876856,0.7559526656109057,0.699640997355687,0.7020327509956422,0.7920851165376315,0.7844707429716615,0.7840739310100927,0.7506649109525507,0.469580832395777,0.7104329544002563,0.6969318400757323,0.596846983242717,0.724983009167244,0.5758230700020777,0.7183910877775667,0.5326710542970396,0.7441683991214734,0.7664080636306,0.7514586945612541,0.6967282927704187,0.7733246915987829,0.709675211714677,0.7257902930498907,0.530561795394675,0.558865651522653,0.6959855454637788,0.7408630442751969,0.40704536915809186,0.5263860634299244,0.5151829763789616,0.6937374780066111,0.6242498337094442,0.6668938306490901,0.6692611536437096,0.6065486979762774,0.7030403504989675,0.6773041112273683,0.7768151956470327,0.802605033364537,0.7956415980938929,0.7762370071210827,0.7096279810770805,0.7794786223851541,0.7855884033836124,0.7963123070592538,0.7308414935574955,0.730602475151327,0.6588194527476589,0.8078731459157306,0.7331424952148283,0.5828651071912485,0.7089394977121299
Engagement_and_Motivation_Motivation_Guidance__Positive_Feedback,0.5754449405823446,0.6773602266457117,0.788692530861099,0.40471070922919095,0.5538221173924365,0.6834921971145153,0.592841077573097,0.8646944650282472,0.8011023970776261,0.8091834425076863,0.791144664430462,0.8661609891804143,0.557131037948172,0.6888716335881794,0.8132448363901263,0.755213228687621,0.8065251828723073,0.7617462124931711,0.8404851128785854,0.8366002334049164,0.8746863315114615,0.8278381597587465,0.7614404923074228,0.7742392921545888,0.7453775597472783,0.565130727549575,0.6874947626079769,0.7720747500323447,0.7125725036819439,0.7377301453786731,0.8093618272822446,0.7963126387227717,0.7786566835487914,0.7943897698301724,0.7159054656967835,0.7010828685997936,0.6559811062915365,0.682888957808679,0.7514192533553969,0.5029805033183105,0.694755310539334,0.7445884414330021,0.7520391832596275,0.43335743642883023,0.4473726553684717,0.3112488965302071,0.37779296332410167,0.54996759976795,0.6093612137312091,0.198776301414606,0.8346543004225776,0.7984817350770479,0.7485697482887036,0.8314663929519273,0.8626189810835726,0.9216784886402263,0.9198187893552038,0.7627551622930948,0.7304721138204107,0.7915894861889734,0.7553085751782561,0.796449892019976,0.62114262354004,0.7960265900677063,0.6601040008056658,0.7798032523178634,0.7734657678337993,0.7340086849327762,1.0,0.8517115697356029,0.8630988811489058,0.8237423570552206,0.6560073839576289,0.8052464914857687,0.8333727437258143,0.772795598137955,0.7760731043520289,0.5159033667328276,0.5347762455196695,0.5671721148906925,0.7452447645811586,0.8311417689979463,0.7832750547212775,0.7719061676314585,0.6721590863047086,0.7950125717489843,0.8296573051412485,0.5082117259792611,0.8181865778970748,0.8535144911483916,0.839536445006149,0.7937727645609755,0.7947538125688917,0.8010020852264581,0.7852679337523211,0.8967642343004015,0.8230256537864908,0.4545434120953022,0.6071716347269532,0.7876847670792779,0.7428918483452868,0.7840079331265402,0.7406252460090028,0.740203446761707,0.7031036182220203,0.6909625919318337,0.8683528627990253,0.8636757443552474,0.6587722005854945,0.7131565776699447,0.8761166852783229,0.8289468180873765,0.8035696020608343,0.7792518380713123,0.8568679855527723,0.8386931544518521,0.49705443227508245,0.7916323602744844,0.545601608093694,0.656926663255124,0.6714182264360937,0.8431193281979226,0.708798116749113,0.6418414221200682,0.650680890853684,0.7619639643253846,0.8059389506339178,0.7847649992276443,0.825406902997238,0.7989807727723897,0.7602882378283774,0.8418784675849857,0.8000605383995255,0.8026796769057157,0.8661146741295437,0.7949195722968766,0.8415386202093607,0.8803476253487892,0.7953863129509033,0.673852844449249,0.824705137143363
Engagement_and_Motivation_Openings,0.4820474246295916,0.5865145672576189,0.7763962826412232,0.34241279512904865,0.44910066646546604,0.6005027996481291,0.4981522571096459,0.8114197576169517,0.7215243389875392,0.7008206323570101,0.7174030306503125,0.7564624333220288,0.44603776741817147,0.5782628667254188,0.7307312539716978,0.6447722383477007,0.6941509344027392,0.6338020041782353,0.836653359267989,0.7495417243321935,0.8229074531900293,0.7099453840873573,0.664570686236405,0.6926309018942235,0.6968207438655066,0.5014879365799106,0.6084798600216611,0.6977447193801638,0.6378090073801069,0.6807585342631175,0.7206941918126375,0.721875364995136,0.7102455826362186,0.7335890587385837,0.6612445918934295,0.6174392181004195,0.5462587487314502,0.5678336777226054,0.6131973635943504,0.5298362906773123,0.621284615112407,0.6648366729578273,0.6562879454950125,0.36201381991882303,0.3480293016116959,0.25765580873762656,0.3611375045846794,0.5294387914106747,0.504102250483384,0.17411915225833857,0.7263627833744685,0.7033993601836838,0.7108100978543833,0.724588763749139,0.7793629730463132,0.8166527536057653,0.8425962836165304,0.7935709271698084,0.7659240399035077,0.7119057863761382,0.691995711077424,0.7263708528342236,0.5571339375503176,0.7281100463836367,0.5997095269224082,0.723778960238688,0.7185449493322232,0.6711813345879728,0.8517115697356029,1.0,0.7911996086388743,0.7013565522369521,0.6154007020324573,0.8739278489410323,0.8263745314527744,0.7404420006130943,0.7378255502352485,0.5522697228553196,0.44387037662634926,0.47657802409183303,0.7501142593980921,0.780813395008014,0.6772629654059922,0.7340319923214941,0.5748276030284567,0.7363919824060787,0.7612847636884023,0.5304202511567142,0.7135738766872514,0.728283814236885,0.7190365891285172,0.6548568211082015,0.6622441580022825,0.7176342315535148,0.7106637418723197,0.8256705563542862,0.7000682405683174,0.3561494401795519,0.5084226083160208,0.7308556136321365,0.7336421545487177,0.7242799065609739,0.7270867432386968,0.6351346985770056,0.7789535074703209,0.6396749742937066,0.7440687292583782,0.77844671732354,0.5685833206297095,0.6294911212029309,0.7618480366208735,0.7617009489266352,0.7597199432460431,0.817597046274853,0.7900140697495793,0.7512035844629836,0.5591815402769202,0.8266396597640249,0.5611376901344534,0.6388263961195338,0.6409202593575206,0.8381540585119466,0.6654885711671941,0.5334733394472682,0.5748612830339135,0.7635074525562274,0.7102876237591702,0.7282217969841305,0.7560144754278285,0.7162702181383447,0.6387235662158047,0.7504016005428592,0.7444847128609635,0.7419428306546204,0.822401923455841,0.6868978083215441,0.7488249846708253,0.7789859157858325,0.6760512954849958,0.6454416136865021,0.7775105369162474
Engagement_and_Motivation_Opportunities_for_Engagement,0.5250113512759705,0.611988697244435,0.7174349265115504,0.3947847592622884,0.514204745056234,0.6201997389785926,0.5467142168364656,0.7939542971580809,0.7358155621307286,0.7416644722200033,0.7578458328587129,0.8333591540448315,0.5185427599594762,0.6137492618167759,0.7282831206861504,0.6952001635060322,0.7362538686452827,0.7128879570311021,0.7482496793941779,0.7630545935029239,0.7973514499479648,0.7839262477065932,0.722573510750602,0.7041814669183881,0.6682376913774924,0.5322514413794284,0.6255599263920767,0.695993776579685,0.6568635088546356,0.6634638140215321,0.7414179465139379,0.7261812123164728,0.7028401147428821,0.7500967201332651,0.6601140101559291,0.7162710688999535,0.6328241964295571,0.6364959377356897,0.7006623113558084,0.41864119797262805,0.622140779281884,0.6715462898016321,0.7068939523702373,0.4207288700228801,0.42412066497507434,0.32023804170185133,0.38716905351931613,0.49748155896696955,0.6067289225990301,0.19080376877187497,0.7811089680992321,0.7207489253241033,0.6626003785105355,0.7494270387501775,0.7805320268237167,0.8747678869974675,0.8805626781734774,0.6902819851906287,0.6682131076963698,0.7565274787717223,0.6666822660047029,0.7198525883779865,0.5217937274349915,0.7278038259950088,0.5819192609692536,0.7430181915044106,0.7127087135336363,0.6869603239992601,0.8630988811489058,0.7911996086388743,1.0,0.839974030303531,0.5567518453651967,0.7249255259773324,0.8330866654224903,0.720110029249978,0.71855841308295,0.46689832112100627,0.47416571688886366,0.5018298523905477,0.6437637546738384,0.7468867947980921,0.7107202334304128,0.6874037610365444,0.6193743782920865,0.7032655039504048,0.7357305003737334,0.4387325960339391,0.7401865096292414,0.7937117783028503,0.7569460295666,0.760557202841406,0.7693482236305794,0.7183953572791526,0.7083944624542697,0.8029538404457338,0.7882257386967083,0.4266946060810654,0.5599797964829488,0.6728095933753271,0.667912687536582,0.6951374113725584,0.6676721789930367,0.6701355268549926,0.6090067165928459,0.6122334916607896,0.7953740609682841,0.7940419692651092,0.6194660515421996,0.6586464665643882,0.8296127778391867,0.7249491743915988,0.7549682859334588,0.6789596747630331,0.7545129770788459,0.7556675260498695,0.4245192394149218,0.6998461359631656,0.4832527446702438,0.6075753220582115,0.6274122096010369,0.7471604468949848,0.6001967273548428,0.6401844654753178,0.5812997607822699,0.6831233036141103,0.7241431838302732,0.6851664048593498,0.7348611015816203,0.7144774514532534,0.7378905922020655,0.7537354303156522,0.6996625123072144,0.7060354666610726,0.7644087158646787,0.7424313988816654,0.7311790133824726,0.8074604264230913,0.7498935710987604,0.6353387816312734,0.7283370190205188
Engagement_and_Motivation_Ownership_of_ideas,0.6241375198011525,0.6947487459755959,0.714794192513073,0.4915003245923788,0.6065808279385265,0.6947792150184298,0.6219821109823819,0.8051352398228113,0.8125723595415549,0.816226213793687,0.7372130786065961,0.8705185979247638,0.6446103601611017,0.6967716659318612,0.7884991873340653,0.7897593801811158,0.8109428297517965,0.815950544089554,0.7326872498772578,0.8264091445201232,0.7904937350742285,0.8432711245292388,0.8108631921291088,0.7656916763098507,0.6759997908556329,0.5603661498525022,0.6772197203467037,0.7448663230087289,0.6760297505497431,0.6717737208509489,0.784290212820139,0.7513797577835106,0.7431179435859362,0.7766150221396856,0.6766656469995084,0.7279352853519713,0.7361421201910703,0.7114059262435967,0.7867131509973215,0.3946585522172169,0.5815919574552058,0.7297797655088692,0.7299709958827872,0.5317992505277097,0.5184502546748418,0.41350092516305076,0.3989287164293884,0.518950562027689,0.6912799852957984,0.1879253074625043,0.837715604484471,0.781645977323436,0.6950574675617915,0.8226797190137579,0.8246892036240459,0.8622390693120007,0.8437269928655406,0.575274603693477,0.5367949099348416,0.7917957613619165,0.7036200226590994,0.7469329595367551,0.5478304016019155,0.7499239493346198,0.5932864845000183,0.7552568352947071,0.7419142573650849,0.7229890987485175,0.8237423570552206,0.7013565522369521,0.839974030303531,1.0,0.5835760537317536,0.6594827600197803,0.706533095020857,0.7192556792627979,0.7142850848088264,0.44712690162473206,0.5446652818982433,0.5617142611705618,0.5718142197942868,0.7723515419451625,0.7805795360636558,0.7104028563893543,0.7246940517633159,0.7425822660364751,0.7753139814342982,0.4203447567213328,0.7530288383054179,0.8211425722187582,0.8236123332182216,0.827668851494282,0.8250813287162757,0.7678516746696102,0.7529457327130161,0.8034876162442265,0.8455485220446758,0.5161685658093397,0.6467704089287056,0.6900590006537037,0.6441163514257875,0.7502134588033157,0.6597154193356597,0.7493792900288153,0.5398405684985502,0.6719200653341716,0.8465473119584352,0.7849607251299288,0.6911163240467479,0.7231348841947811,0.8527706054804618,0.7739592661524457,0.6750434365359822,0.6153933159512559,0.7894342472788545,0.815099684814969,0.3920352762666187,0.6197884788448276,0.45919354312872945,0.6278961860928155,0.6345543829544207,0.7314456046729692,0.6170308348704999,0.703654016928776,0.6545853424236737,0.6695053643384283,0.7869614990971525,0.7317681669750058,0.7754612134688829,0.7776174041293604,0.8125719741760191,0.8184853497424023,0.7471737693453757,0.7508537706929328,0.7769872342880998,0.8257716542087467,0.7465181953112837,0.8408253959985427,0.7968588840951819,0.6056368753328732,0.7350625353804738
Engagement_and_Motivation_Pedagogical_Principle_Criteria_Feedback,0.4942353180379945,0.6284696395373633,0.7057314842616763,0.2787082096281066,0.4398087258246606,0.6543171964608533,0.5191158869002944,0.6324269087905918,0.6988440588190423,0.6858750624502563,0.5693353514618492,0.652403365786351,0.6060143475172156,0.6685256592843833,0.7160753540059217,0.6521721168544495,0.6729740309287802,0.613833678598566,0.6318643253559112,0.7005349753938795,0.6862689522025206,0.6526137739915945,0.6416693720906079,0.664258422509367,0.7185415461196529,0.5398833257610934,0.746484930656279,0.706060959621643,0.5723237044388703,0.754671939742692,0.703237304182691,0.6917846348849414,0.6953969109003055,0.6696714523950622,0.7287069805203167,0.48130270327135033,0.4819233230211992,0.6202621682064889,0.5941165115841417,0.2263487851984163,0.41722847399861496,0.6276975192282787,0.5815300738501493,0.2987617486510972,0.3827918548763177,0.3176185677256396,0.22865307609136065,0.3918893160223557,0.4551778735838343,0.032971398362331934,0.6599518281081932,0.6923443785299757,0.6827004127598577,0.6869543961759321,0.6787837127447776,0.6412107516356123,0.6432149575995095,0.4447369118874396,0.4168359265610385,0.6664740651062414,0.7514460300964458,0.7328986827105312,0.6281213527548976,0.7030049517992003,0.6849732577868317,0.6582911544676067,0.7147407989276838,0.7099809497841896,0.6560073839576289,0.6154007020324573,0.5567518453651967,0.5835760537317536,1.0,0.623053975829067,0.5244469178890514,0.6731012417342659,0.6914465242158601,0.6066337665587196,0.545924791079829,0.5648612741186764,0.4346450659990912,0.6666803356610868,0.7045809812941666,0.6519283519235679,0.6592646396851075,0.7392209923447038,0.7604368286713893,0.5960583597852553,0.5424319114409526,0.6313541433308375,0.6697719971971622,0.5833209121616293,0.5753983912589284,0.7051626630508251,0.7038823290430049,0.6979170278703998,0.6075908184604681,0.3759321630739884,0.6756643233787791,0.7021624521566523,0.5839422153775582,0.7121897589046027,0.5487890365349732,0.6496650239382441,0.5523225701651575,0.7278344728296847,0.6629895960568805,0.676302896679162,0.6115225527917258,0.6875165838286683,0.5995412329331875,0.6968920952475983,0.4912405914357495,0.542242270123848,0.67160082066397,0.6786536758752446,0.5193593152519477,0.5171250019394013,0.6216068848541878,0.7521735633252365,0.6858295632191364,0.6415275994805792,0.7101345305793287,0.5211218646977717,0.6301142663449729,0.6679990232485449,0.6795176524764327,0.7162394230986521,0.7127668504450339,0.6867489998483683,0.5807770180499396,0.7047276068311815,0.7178079858759697,0.7233226667546588,0.6959800834659781,0.6445222830824496,0.6297112906216845,0.6889316461410397,0.6102728304229399,0.5618407195855051,0.6768709825155833
Engagement_and_Motivation_Promote_active_engagement,0.48697751647025644,0.5911919954152323,0.8365059938861684,0.3212783401729075,0.45088791662791844,0.6136698865905478,0.4981282827289374,0.8062051543949758,0.7182653870683334,0.6885962583971273,0.6649347895700067,0.7344688978063019,0.43783580419548407,0.5928500800008171,0.7313493356345578,0.6439991339223373,0.691549530912541,0.6334146507681837,0.8892802838539215,0.7497017587996861,0.8038461248521874,0.6909402512207861,0.6498718630130161,0.6933956726921405,0.6629761381215804,0.46838508844994003,0.5720406260176901,0.6985279768059426,0.6012637889687288,0.6731648808731444,0.7136867230209744,0.680682741076187,0.6897401203325009,0.6686025121101106,0.632661048695574,0.54964194636084,0.5377007794096337,0.5788713753734912,0.62437609221722,0.5937522461484921,0.6453922484262847,0.6546975553211738,0.6353136190009446,0.3417415646375062,0.37035305132990937,0.2581664841785503,0.3831640496992369,0.5685341873965737,0.49667769792582295,0.20479492914396857,0.7177690474048145,0.6951057195996148,0.7612882436921237,0.7200528667467251,0.7834702321338237,0.7786065710671422,0.7985009997977077,0.84434787772474,0.8197921362916352,0.6730010120993183,0.6785623304174364,0.7038081954709581,0.53830112237515,0.6939373623695629,0.5950725213860045,0.7099745026082426,0.7192757388831432,0.6419187488360908,0.8052464914857687,0.8739278489410323,0.7249255259773324,0.6594827600197803,0.623053975829067,1.0,0.8199834650489709,0.7368665798182691,0.7408717801932704,0.548766792638255,0.42266535596426646,0.4506770487101774,0.8174425180930447,0.8230633232880411,0.6892824444252865,0.795911412018165,0.5848393845800336,0.7510917338711536,0.7563725875424291,0.5522161969402002,0.7251298779490126,0.7238672603795765,0.7156417358047114,0.6420700273549458,0.6479994389445819,0.720456279732914,0.7123737325001234,0.8102985545096962,0.6775435846013669,0.3709000301940397,0.5090534562711877,0.7435359401390454,0.8152924003681761,0.7513682661868477,0.774763400214979,0.6388389162978383,0.8926185205987672,0.6754026218785136,0.741083156840898,0.7897324739185115,0.5910855296800931,0.6415333413357484,0.7351354029402669,0.7920801694806895,0.7704917837135906,0.9092977196757417,0.8097555082686848,0.7683259598995477,0.6108086141843588,0.8797036876171135,0.5815666849167833,0.6327288027782424,0.6383418987216507,0.8856273550246759,0.69374186557726,0.5173312111286422,0.579834412591263,0.8366259838655926,0.7055244648122784,0.7220365726962767,0.7425296065867487,0.7219489675711048,0.6237999830186474,0.7551486827816681,0.744953402214118,0.742166743016319,0.8481041392501081,0.6787018167254082,0.7644236246946886,0.7409868731936073,0.6639037866231581,0.6485988222161624,0.808930969771422
Engagement_and_Motivation_Promotes_engagement,0.4266411323784931,0.5111403626362407,0.7217767989981381,0.32007761394828166,0.42451345131571583,0.5248603207701737,0.4420951387142933,0.780179806521963,0.626670388475714,0.6287933446722183,0.6579036227566107,0.7251122220311983,0.3446811902641619,0.5041845496628383,0.6441324210872772,0.5762425623835581,0.6203259447593332,0.5849579013402254,0.808312795774158,0.6699643073502675,0.7490049664910752,0.6642206733107823,0.5990256052477584,0.6157367148496892,0.5805862501173631,0.4143966943064079,0.4865334134931062,0.5999056421196677,0.5546458404209849,0.5714156454420726,0.630861601927873,0.6395126471819734,0.6060127361579002,0.6207361720829128,0.5514677551187134,0.5890072108887147,0.5153853483557967,0.5167686177767449,0.5909907692237426,0.559750132762034,0.7014199748295389,0.5839739510344019,0.5973935538707942,0.35045184006480934,0.3265186034327561,0.182699424898505,0.38283564693242994,0.5167882950153292,0.5056545102456551,0.2018994920302223,0.6821312805490292,0.6291808392326941,0.648944034525443,0.6544986714934222,0.7316833018880722,0.788708870856547,0.8116967142544729,0.8637133670934822,0.8533553103795619,0.6535085419111784,0.5954751173000911,0.6256730265625923,0.44135813153089265,0.6431539097144082,0.5349630043115895,0.632037548124137,0.6072000463567891,0.5676480471938393,0.8333727437258143,0.8263745314527744,0.8330866654224903,0.706533095020857,0.5244469178890514,0.8199834650489709,1.0,0.6447938133781856,0.6476964437374138,0.44316558300803083,0.3498917567138918,0.38286204434443594,0.8090780544394042,0.7661715730349068,0.5960082701736296,0.7140788341770694,0.49434515677718194,0.6482788217665236,0.652626125657373,0.4879293929810742,0.7270313939835373,0.7143870351897711,0.6669910260522974,0.6372209626160222,0.6350683541447112,0.6343783136464268,0.6180287371154459,0.7551315970607203,0.6694302870137224,0.33768144694958635,0.41994306102251144,0.6620139704863326,0.7537397865685643,0.6667699819050236,0.7063144383597252,0.5577417936799038,0.7643479190047706,0.5562931048556571,0.7109580097896576,0.7567570787634252,0.5054621336939923,0.5432218353913255,0.7554317656845194,0.7045917273164227,0.8464365767258816,0.8182887660429103,0.7465632648866433,0.6946019066160312,0.5239491071001869,0.8532835364706745,0.5255374976619741,0.5555635360658004,0.5832414941721017,0.8189053339645308,0.5799151644838483,0.5350936321367339,0.4732345668916669,0.7233970442629978,0.6325058978652182,0.6155164354035739,0.6565501170920224,0.6308048627775935,0.6136777015057603,0.6790302007499609,0.6375960059722636,0.6337326612958306,0.7761504154478158,0.6292065189280268,0.7107474101122621,0.7011571692277014,0.6400380093763784,0.6292496627248928,0.7465681041208536
Engagement_and_Motivation_Stimulates_Interest,0.5427106546645961,0.6676517108083936,0.7574655026245427,0.3484394066302938,0.49744238384872236,0.6841956135637681,0.5547392425665488,0.7533084682770386,0.8078396646854336,0.7640117465691972,0.6926164799600398,0.7604265110868503,0.6234545469932412,0.6896957104655695,0.7937261457209539,0.7694735322607279,0.7708659177243896,0.7156340167656294,0.7667389246342665,0.7944654602828118,0.8073563995753478,0.7604974913489135,0.7437353717890479,0.7515050831693194,0.7729027529560254,0.6357454836299975,0.7679269383456315,0.774203986706383,0.680514453127081,0.7971396774846062,0.7967940285466457,0.7477052068600182,0.7668540940971841,0.7480220280478938,0.7659830964677864,0.6065075696521376,0.5958334435483872,0.6819815738384593,0.6740169457418078,0.3703212318090888,0.5180112221356792,0.7147979536863567,0.6901266791369514,0.38691259026332186,0.4017969227283395,0.35775001946114326,0.34590582993481755,0.48700203558118954,0.5285412238393752,0.1511148645508303,0.7590006105000081,0.758364043335341,0.7236113626689498,0.7768339484548558,0.7967876099277764,0.7932280000730287,0.797551654711455,0.5774778397740751,0.5460316491072124,0.7296311567681696,0.7539564854770554,0.7908599137597151,0.6365866875935203,0.7567921005176222,0.6714685068229858,0.9132720883913158,0.8983104785374559,0.799423031484826,0.772795598137955,0.7404420006130943,0.720110029249978,0.7192556792627979,0.6731012417342659,0.7368665798182691,0.6447938133781856,1.0,0.9436828945509126,0.49511368422188834,0.6352303322572077,0.6463748615923325,0.5673092043180407,0.7494745173607138,0.7895868772989659,0.6857048336667338,0.7040152123863783,0.7796712976678937,0.8213418707368387,0.4277691653255379,0.6707141854850867,0.7402658101736794,0.7652096297664954,0.6978158408313008,0.6959985624070156,0.7894109411749604,0.7883889255411601,0.8184133974209502,0.7453157780302132,0.40206011796725616,0.6589446039874681,0.7570826807027523,0.6561409690734044,0.7347541935195894,0.6867982126350807,0.716892105983713,0.6511233150395093,0.7235445502445844,0.77401617954788,0.7916294520770216,0.6583453369394731,0.7295161017571804,0.7171009008070758,0.7752001373307665,0.6084806650527463,0.6902711829383804,0.7795565570567405,0.7938129920661768,0.40821999887117755,0.6252672082283415,0.46727684429434396,0.6629219110899441,0.6064287404810909,0.7402040501315138,0.7108658267294111,0.5722508152785429,0.674750387417134,0.7425289704997392,0.7627241658115905,0.7829453918986058,0.7973437802910213,0.779262788898881,0.6641020258953223,0.7899316612991235,0.7913829584437136,0.7973029929974678,0.7910251813102133,0.7473992086011974,0.7130372302267114,0.7928649621456838,0.7031324030864444,0.6046876323304508,0.7429159225656007
Engagement_and_Motivation_Stimulates_Interest_tries_to_stimulate,0.5431689839697171,0.6692753616651647,0.7561179257092954,0.34949155207814947,0.4930276086991489,0.6881094664283809,0.5558061015958744,0.7418619608963769,0.8034830730664907,0.7628736908722334,0.700146554689411,0.7568658779867926,0.6353361769048587,0.6985150709650851,0.7961138941635462,0.7631239093311475,0.7683102236062601,0.7059976692257683,0.7548445167512826,0.7922496326522236,0.8046536428451174,0.7577011554863092,0.7319169053138038,0.7440156856415782,0.7967153691617909,0.630885349869539,0.7783838365838583,0.7823780937450904,0.6969777374684237,0.8097613014102083,0.7972222950654726,0.7619288236680875,0.7733273712157253,0.7645486914083393,0.7857307408968057,0.6057297875429087,0.5900779816406977,0.6811707286837143,0.6682188958216593,0.35511847476645847,0.5151484601000347,0.7208776501404066,0.6923348547676922,0.3814562898851805,0.4050912409551752,0.3477020576476845,0.34470090999561426,0.48082096062621216,0.5229349201613978,0.1427380471405908,0.7575163721114072,0.7606339725606924,0.7261518775166708,0.7806741779091261,0.789843855275685,0.7894430153284513,0.7908052068554592,0.5649554044544073,0.5390814454113488,0.7405515637166233,0.7632670338888546,0.8077760071132162,0.646946310808058,0.7710806937203691,0.673319174759127,0.9134155594839412,0.896128600705395,0.8103594699670819,0.7760731043520289,0.7378255502352485,0.71855841308295,0.7142850848088264,0.6914465242158601,0.7408717801932704,0.6476964437374138,0.9436828945509126,1.0,0.49492792635622507,0.6329109125024531,0.645165237295103,0.5591849322659751,0.739080222766149,0.7928044689751977,0.6827629804282445,0.70822430097834,0.788552844368865,0.8310241309448406,0.4382777703706981,0.6677496786558297,0.738419734420602,0.7585720924551794,0.6958799643220671,0.6939689224518544,0.7940566419644693,0.7930093278894308,0.8143019005362474,0.736272906336856,0.3986076663545061,0.6743941102473151,0.7551133085357966,0.6525302540552766,0.7375690923930408,0.6777339479942354,0.7150949848209371,0.6484204566822976,0.7336785041092192,0.7681879671677498,0.7900801338650218,0.659126828095303,0.7377140826051508,0.7162505442094306,0.7703947002304635,0.6032284504526088,0.6751970572171768,0.7640498430252276,0.7852053448615106,0.41339572403008534,0.6200366672397474,0.48602233377573056,0.6677425356828944,0.6047091827951199,0.7299390022430539,0.7156147027591422,0.5851035003452494,0.678782778432649,0.7355710680283641,0.7641465053968186,0.791674981942795,0.7993081801498106,0.7869549293257453,0.6582998202837238,0.7872477966557262,0.7931975729290992,0.8017830838258415,0.7815713603144788,0.7378302630261208,0.7090046425238173,0.7876655189450957,0.6992441348533162,0.6123516920886283,0.7437398061575656
Instructional_Support_Actionability,0.39525445966408884,0.4742210507420247,0.5545561137456453,0.22412178875376385,0.34526073477497715,0.4893436590385275,0.41144405829337016,0.5157804545712803,0.5177446611455333,0.5150535355014707,0.4922033755368887,0.4982851312265812,0.4192572829682777,0.48805302396465583,0.5384385140091468,0.4685803489077393,0.48999090105178605,0.46108423952125105,0.515553137802387,0.5271889582479291,0.5487534206383757,0.490356895230279,0.47118632009765793,0.49822095513465003,0.5221959880546684,0.38905693492316795,0.5002629251559801,0.5443626516206393,0.4637092000039329,0.542042294178417,0.5324298996422184,0.4940879533822461,0.5436542030872,0.5115489426549247,0.4958113814755336,0.3958844231034913,0.39422645323221517,0.4509855679112693,0.45004287765085155,0.2602796723429177,0.3477050822665856,0.49858136939369124,0.467912686911726,0.2502610647344159,0.28098623622131613,0.2470227163373051,0.20518521950483393,0.33860238657620395,0.34114719987351877,0.07417065602866699,0.5082740357325319,0.5385733648722206,0.515502165478164,0.5242545423317838,0.5094135727678473,0.5141973958347346,0.5122361033792634,0.40798970076479785,0.37913960536990865,0.4973010353808055,0.5128899824933852,0.517032541758753,0.41835010639248676,0.5009703924078468,0.4280584160093302,0.4907203227200495,0.5395163152386113,0.519770964088186,0.5159033667328276,0.5522697228553196,0.46689832112100627,0.44712690162473206,0.6066337665587196,0.548766792638255,0.44316558300803083,0.49511368422188834,0.49492792635622507,1.0,0.36025038600494785,0.38606470837704693,0.3984476630619167,0.5230979814748022,0.5238446418024234,0.522863284450818,0.48843421957882405,0.5518784919204954,0.5571217603684094,0.5364196382311672,0.46864722639980844,0.4899371156073908,0.5082852125383371,0.44163609489147226,0.4291065948080104,0.5370225761980254,0.5285707963477907,0.5464595407135905,0.46243724362575545,0.2712659358027696,0.4750942809591166,0.5483604052176554,0.5217346692996983,0.5358320327373014,0.48489282849196436,0.49336869805226685,0.48672135336642536,0.5583199383456826,0.5056220863917933,0.5051150557110932,0.4723171516187133,0.5291926339685371,0.4713742047559877,0.5337635011249542,0.3972537697788342,0.47512843606379196,0.5213415274943545,0.5178181313439288,0.5078640842894152,0.46412936169305524,0.5507207142725756,0.5558817366104598,0.6035772532603645,0.5253645095009046,0.5371865327814453,0.3827274865829953,0.5191772239205277,0.5336195604392625,0.5192816411498433,0.5455159045016761,0.558876278939994,0.5140617990203283,0.4746779799611843,0.5279673469366737,0.5507217104820996,0.5535160965464693,0.5434011660119666,0.46889270017447654,0.4808368773640787,0.534697936502182,0.48356527887603934,0.4576740860468733,0.5331939838015436
Instructional_Support_Analogies,0.4699057920195599,0.5785569253808399,0.5082034143609586,0.2610589570960901,0.4161071277777869,0.6073353303718897,0.49992585773408743,0.5433197035491181,0.665899749878958,0.6270644928339391,0.49546172842341374,0.5814154891602319,0.5743164556496919,0.6103791320215588,0.6640703654842366,0.7359717358604162,0.6636883475991242,0.6097356191094437,0.4819336941538028,0.6595350494814324,0.6004030622906356,0.6219214028833181,0.6253098989304428,0.6238371933570477,0.5685759726804422,0.8512551964647042,0.6647993018319697,0.6191295462283284,0.5076519392453478,0.6084649335330298,0.6409082443478513,0.5557513236315815,0.5876220211446457,0.5519904431157796,0.5837302775164009,0.41640856265692366,0.4389950769467959,0.5684528633074104,0.5534060581877246,0.09753183782991853,0.2972181321250501,0.574693857017478,0.5220238920537736,0.27238109179513487,0.2846688608136442,0.3205585461045944,0.1408249044554002,0.26916435404549793,0.426458856825842,0.042712514947045546,0.6083640931846003,0.5950491312353667,0.5219086187676956,0.6300732060951577,0.603891967046209,0.5673427501692655,0.560247755341784,0.27443954233274964,0.2582752310817273,0.5732924084257113,0.5747074269005158,0.5860527557934526,0.49921056414601256,0.5624846145949493,0.5013251521480908,0.6349619998483931,0.6591526720080071,0.5844079051913752,0.5347762455196695,0.44387037662634926,0.47416571688886366,0.5446652818982433,0.545924791079829,0.42266535596426646,0.3498917567138918,0.6352303322572077,0.6329109125024531,0.36025038600494785,1.0,0.9231954466887369,0.2558951323143137,0.5488959026122313,0.6853914789479348,0.45084391043504335,0.6801358124855166,0.5808677738518576,0.6258516212654228,0.30586918864395674,0.47693607606563426,0.5661293002335502,0.6377069981108401,0.573079886113037,0.571601957487053,0.6344055253621692,0.6374157266990448,0.5936243427092426,0.5845794340408029,0.288392458865481,0.6879978726559232,0.5869187530266261,0.37098243998656527,0.5427025665065697,0.4705581868792227,0.6290708013203017,0.34299895971541056,0.5959742278887322,0.6010739450016624,0.5709274980627796,0.5245602690205229,0.6035541909172665,0.5133700349547106,0.5626288271944563,0.35989440607216466,0.3651368214612443,0.5642298580243407,0.6128919148413544,0.21004644467777356,0.3439806204153022,0.3299062147566662,0.4749440300996632,0.44501130122630433,0.459712417538885,0.6016794608582766,0.4760482421231593,0.5208730749169013,0.49785719169108456,0.618191514298066,0.5984655834031127,0.6087086786159698,0.6201138958981941,0.5132624238123338,0.6277425502252217,0.618302391501924,0.6179802096439164,0.5688904125300084,0.6490723933865556,0.5189916811801966,0.58001712899417,0.5531095673719555,0.4380547842044169,0.5282233997065621
Instructional_Support_Analogies_the_tutors_use,0.4956394848570934,0.6128398541924625,0.5347987017189109,0.28556599073625105,0.43262605133271426,0.6233379381932739,0.5186952245949706,0.5765768813803249,0.6795656369175814,0.6497515919413114,0.5259737091715967,0.6136434991656642,0.5869162807504242,0.6281541002973778,0.6855182038987874,0.7538960859900357,0.6887599737915129,0.640017887062272,0.5017792140946663,0.6870930335414691,0.6254232102681473,0.650974424357739,0.6537093664828232,0.6450852677198015,0.5786778283348518,0.8553309717086985,0.6770144980945224,0.6419401794179789,0.519897367848017,0.623099032357151,0.6651129188592297,0.5702139501460602,0.6228662199565878,0.5606170358123869,0.5826989155365991,0.43919171168760346,0.46850006166069375,0.5914200808096415,0.5946824506676103,0.12125376549123185,0.31568575562041645,0.5987350158491719,0.5476066785209335,0.29661504197624156,0.307077147415665,0.33812826588452904,0.1611011368445318,0.2902436700045765,0.45086288188067086,0.043418404819487694,0.6406591955196108,0.6302635776685744,0.5405529401523349,0.6577755032729767,0.6309995798140798,0.5965079684576847,0.5876456241278312,0.3029248994680255,0.28743902419570816,0.5936476447570619,0.5868119861013653,0.5990543262546651,0.49089334274841495,0.5753174510805529,0.5100942087501599,0.641962360227586,0.6744120037871832,0.5964147523480474,0.5671721148906925,0.47657802409183303,0.5018298523905477,0.5617142611705618,0.5648612741186764,0.4506770487101774,0.38286204434443594,0.6463748615923325,0.645165237295103,0.38606470837704693,0.9231954466887369,1.0,0.28327615007071827,0.5748781607905321,0.710617753329146,0.4716203603514781,0.6965076386582598,0.5976086343966485,0.6480266248994964,0.31982196976687854,0.5110108990527672,0.6068761287513805,0.6652714192774347,0.6046615567368709,0.6019107936955216,0.6617321987870098,0.6598239428194651,0.6284574983220862,0.6048451381303005,0.3040660415126044,0.7004537964836491,0.6076732593688796,0.40616095506176125,0.5614360165547573,0.49518588847789824,0.6590733899531379,0.3691786115569601,0.611527715787379,0.629126814915128,0.6023794613341542,0.5478614454112006,0.6299043375012556,0.5472512717524532,0.5855884141531955,0.3861862131681734,0.387388300233854,0.5839631393936302,0.6343312740723303,0.22820457889123935,0.3739408949602149,0.33713973153614063,0.4989842144458798,0.47275829342526504,0.4866816252670496,0.6139261953899241,0.4815031453235503,0.5431365848294665,0.5161028987861893,0.6388094134311219,0.6198976667838599,0.6386187686875715,0.6396154693384444,0.549793300504777,0.6502103432731883,0.642180636343789,0.6449217538910187,0.5952394446860596,0.6660383055625619,0.5490442092795037,0.608319182481594,0.5901118852877957,0.46428654257167234,0.5566492590990506
Instructional_Support_Deep_Socratic_Follow_Up_Questions,0.4015084206371328,0.4664090401996915,0.7028364501451652,0.2796264077694078,0.39413985379476585,0.46275704466547607,0.39942799951787017,0.7385706073496898,0.545532350989538,0.5595698243497762,0.565755113926736,0.6162446094167535,0.2751551978401579,0.45541421139114835,0.5884430184513402,0.4990242528802012,0.5612183748048548,0.5168433546494714,0.832564477432955,0.6085801141117146,0.6918996360732498,0.5612192096069502,0.5259839462046401,0.5814397616985946,0.4569978095678657,0.30275291873640453,0.35628836795522256,0.5345102558150203,0.493096429417675,0.4672833031019795,0.5617636310551115,0.5175168235875046,0.5389722297817292,0.5153145001617244,0.43253768161658984,0.4447955128912055,0.4607148270833224,0.4536252184865848,0.5317803318901517,0.716030511023919,0.7337439955182803,0.5398981607978605,0.535244016804776,0.29661865580566504,0.320447713291106,0.18286589774804218,0.3964824936825069,0.5669152475875662,0.4381635865464309,0.23507880624785707,0.6049100560824613,0.5525177450241248,0.6481035490576423,0.5970050766280807,0.674884712494606,0.6885251810909111,0.6907887723773103,0.9112127037401583,0.8880438889061707,0.5269664390563913,0.5050536912871396,0.5205182934911631,0.38140947150109716,0.5271696275400769,0.43836944131826555,0.5380821968738748,0.52872228086354,0.45456262094241445,0.7452447645811586,0.7501142593980921,0.6437637546738384,0.5718142197942868,0.4346450659990912,0.8174425180930447,0.8090780544394042,0.5673092043180407,0.5591849322659751,0.3984476630619167,0.2558951323143137,0.28327615007071827,1.0,0.7351796452015619,0.5375078313827759,0.7251182026365376,0.42699495078507743,0.594359310198877,0.5836599093900446,0.43346669094389906,0.7196537490081177,0.6603151696538434,0.607637073140971,0.565277380942358,0.5569882417804778,0.5772524655680891,0.5625283689103647,0.7040505721930694,0.5874939751468772,0.3296695748279246,0.32498220402525335,0.6580936526074953,0.7425326649079352,0.6196744721230106,0.7316402350721737,0.5060004501337638,0.8606328686508852,0.5232636543554815,0.6434719239334443,0.6922672610164521,0.4475752926790696,0.4726096186088895,0.6727653015917041,0.6952716044329325,0.8288660116881985,0.8901733040471633,0.7202960493651077,0.649501266675431,0.5695891970954721,0.8949444090231405,0.47934922405309444,0.4494659526761683,0.5369717858990597,0.8381970643702769,0.5717859742070672,0.4142638020358659,0.4264867055446618,0.7522482762809735,0.5766876715768725,0.574684660097781,0.5949511610283246,0.5877464947763726,0.5304589204427101,0.633922134979988,0.5951932046792452,0.5931179982371397,0.7580430779358454,0.5706415611752448,0.7285724630787856,0.6162503372638629,0.5660737855505434,0.5806033558067455,0.7446047738194738
Instructional_Support_Depth_of_reasoning,0.6173811652598795,0.7224602867836132,0.8503999805256501,0.38184300208119754,0.5625043823219458,0.7445413665180883,0.6251754852556175,0.8428263166322825,0.7988587360559697,0.7846686785930895,0.6913774844865908,0.8105577094656632,0.5759961116983316,0.7319636417317156,0.8205859220928736,0.7714724527005512,0.7889736909653551,0.7533954140722351,0.8758946868746059,0.8358974417822197,0.8405961877007553,0.7843918723565277,0.7572294607196328,0.7919796126202278,0.6726918585672976,0.5677179272764994,0.6540807918450261,0.7575046194837266,0.6339376543478866,0.7008957172057185,0.7723841662962918,0.7036833716713499,0.7384297756056554,0.693297009541874,0.659664676891061,0.5918390389450013,0.6401688608994088,0.7009344386487201,0.7466168475979095,0.5452289105987905,0.6375241126324416,0.7384867192083504,0.6888679258167484,0.40081234524401055,0.4446020125623366,0.33149141770597734,0.34592850871465763,0.5574166850047809,0.6101143961911741,0.19263092740706528,0.8202470649870441,0.8060999951270373,0.8186672406106478,0.8251510192212773,0.8853390773115365,0.8264645193171307,0.8256470519496236,0.7303408946117922,0.685879461115106,0.734071467841619,0.7245187285074354,0.7315489165981471,0.5552979879123804,0.7065536907041736,0.6226733196452188,0.7292541886459049,0.7518844229997869,0.6817953841498646,0.8311417689979463,0.780813395008014,0.7468867947980921,0.7723515419451625,0.6666803356610868,0.8230633232880411,0.7661715730349068,0.7494745173607138,0.739080222766149,0.5230979814748022,0.5488959026122313,0.5748781607905321,0.7351796452015619,1.0,0.7868374764010259,0.8670762074230649,0.7378258657085759,0.800209069132613,0.8152550476370735,0.5327527692661798,0.7639721507402465,0.8144047622986055,0.8152469295656766,0.7480515571988069,0.7503666813889832,0.8013867779550651,0.7880845856581935,0.8485181882129144,0.7698013630690013,0.4393913482406147,0.6593458339047114,0.8124297963258629,0.785166965895866,0.8561816718394434,0.7801908354623349,0.7721102514306228,0.7654200719681651,0.7691331334799362,0.8329878659818617,0.8450703453255081,0.6626122817061327,0.7237449789900208,0.8006871977349496,0.8971096159394986,0.7396305813313861,0.7932689223696778,0.907139034405571,0.8778714226033564,0.5424021655296757,0.7669019976098364,0.5722731681517363,0.6403892279683606,0.6696323940173848,0.8717473886647129,0.7452215231128092,0.5885187464851924,0.6660224623558558,0.8291253783829917,0.8065050313436329,0.7837580011048719,0.8138901243022503,0.8096882975996025,0.7368618491883638,0.8536093121676736,0.8122430966923025,0.8155207210257659,0.8874689954229115,0.8281322608440327,0.8208587265348619,0.8018544823490191,0.7565386262590862,0.669648069888934,0.8506870270030107
Instructional_Support_Engagement_and_Motivation_Clarity_Simplicity__Inspiration,0.7005492092197491,0.8446812599485584,0.7861536800223723,0.45029958615685917,0.618413244866549,0.8449526157015499,0.7121226969819561,0.7945464576415765,0.9181528158997424,0.9246970385022774,0.7670467389477508,0.858947734330777,0.7691169191254718,0.8600640575906654,0.9257498156953061,0.9005607595045986,0.9453040979074261,0.8994676097409824,0.755623513556645,0.9292427178161248,0.8577642283064628,0.8609565183878742,0.902147765689643,0.8661495568279238,0.7539831473074442,0.6611482114151188,0.7995473776960816,0.9241779886953171,0.7566039028142743,0.7681639729491211,0.9367097178800179,0.7704168576683937,0.8959394775808222,0.8010654478969991,0.7586921972555696,0.6383518735165524,0.7281901131683505,0.8544941402429742,0.8484423000259188,0.33798265676470163,0.5040578602894107,0.8645083653744534,0.8000699158459691,0.4714004572939868,0.5350036363301456,0.4758592513459743,0.35908198054442364,0.5443479973296659,0.6544366055232348,0.14117015161704785,0.8940887982137568,0.868823781197887,0.7999766619420575,0.9182612811623562,0.8456391253650999,0.8306739473770068,0.8024723799523077,0.5201970146808631,0.4780187710181209,0.8114134677897702,0.7805520539879068,0.8093477149901253,0.6313256899691333,0.7769812866816781,0.6582067470381253,0.8003553619122767,0.8453800313624272,0.7974209065866745,0.7832750547212775,0.6772629654059922,0.7107202334304128,0.7805795360636558,0.7045809812941666,0.6892824444252865,0.5960082701736296,0.7895868772989659,0.7928044689751977,0.5238446418024234,0.6853914789479348,0.710617753329146,0.5375078313827759,0.7868374764010259,1.0,0.7497978273067647,0.9133542574838485,0.8692459686455735,0.9065322194877455,0.468044687160403,0.7486828413325031,0.8627761775043811,0.9131225144753697,0.840663400678156,0.8277889674223751,0.9370527883557719,0.9315930866619107,0.8840659462179089,0.8567372800146651,0.5241309470652862,0.83379582486465,0.7916808844557616,0.6414632065565474,0.7945839133588117,0.6790520256517283,0.9068557634564074,0.6013385135827813,0.8052317647825643,0.9000837239806273,0.8600319905503971,0.8307414876326711,0.9117250863622299,0.7815954971036869,0.8313991580068203,0.5995318276299597,0.6272043854143,0.7986155330144473,0.8509771798599864,0.39003799367094016,0.6067555673068985,0.4905305878145225,0.640430226925173,0.6599569137290127,0.7492494422470559,0.7525268111387071,0.6662155313701221,0.7809462441077993,0.7601120029071365,0.9255508834512748,0.8865745766826097,0.9094728212319854,0.9135235104211666,0.8140706429522584,0.9164152667822774,0.9033505905533664,0.8998783129851073,0.8502241033632449,0.8657263140008895,0.7782713606922546,0.8742152772169687,0.8449709435493142,0.6256985236391094,0.83408766465753
Instructional_Support_Evidence_based_reasoning,0.6017575122648244,0.7001585886117244,0.8331278005237193,0.37343986485909086,0.5407300405570088,0.7297774509805733,0.6233210323743373,0.7830977688592676,0.7555437046243325,0.7518393167703291,0.6569119890684917,0.7757529755720519,0.5793526180730711,0.7211446162331602,0.7822383022015709,0.7043083031422177,0.7524058459749183,0.7129315785282364,0.8407503024057775,0.7884194519187477,0.7883093768315065,0.7250884266403065,0.7067739866669903,0.7496932236068521,0.6396914555407553,0.46674536288113005,0.6108516982623051,0.7277535885973583,0.6088581645089156,0.6610748819878497,0.7374304510891097,0.6785752553677782,0.712675870901405,0.6636094046387806,0.6253923776405991,0.5595061725443201,0.6189026705336469,0.6929185884047002,0.718596943862889,0.5888013335791874,0.6321958335179548,0.7228053333098644,0.6791530948525469,0.396561789406132,0.46061384218845247,0.34827048442409736,0.35595837678247233,0.5685344045499564,0.5920031421223941,0.18998902592563352,0.7822927181194677,0.7671376156955999,0.8243379591497862,0.7838653837741996,0.8190800986002519,0.7740308447373504,0.7691655456801717,0.6984182181735716,0.6529502025821089,0.6980343233196118,0.6883324183960007,0.7013541113230348,0.5469781801867178,0.680479320781372,0.5910753336266008,0.6755278486558733,0.7096955716508191,0.6531135992641219,0.7719061676314585,0.7340319923214941,0.6874037610365444,0.7104028563893543,0.6519283519235679,0.795911412018165,0.7140788341770694,0.6857048336667338,0.6827629804282445,0.522863284450818,0.45084391043504335,0.4716203603514781,0.7251182026365376,0.8670762074230649,0.7497978273067647,1.0,0.703735394048307,0.780785140666882,0.7875550061436413,0.5418460933517043,0.7472923490086454,0.7780547948189961,0.7711444939625295,0.7130122435885218,0.7026536559516118,0.7675927692891727,0.7522165013391455,0.7999852880021305,0.728629818529864,0.4680091071925363,0.6141967195808289,0.801705482357491,0.8024821001674198,0.8649242399810474,0.7835461115096582,0.7380703973847252,0.7650874295845074,0.7669353615743192,0.7913397408227004,0.7826360595281193,0.6590137419848983,0.7069144489135634,0.7527316702090734,0.8714186098286321,0.7075408261951753,0.7801600963320647,0.8467605511365822,0.8194332224418296,0.5669114650862433,0.7431370894549334,0.5728240757287468,0.6349307974558468,0.6599447367636739,0.8552911671124787,0.7433530118781648,0.5472617233355903,0.6647407665797329,0.8387691834824634,0.7742331835601676,0.7618952665316027,0.7798786406677711,0.7747375656989878,0.7203270736233104,0.813534958596468,0.786407369731761,0.7899729656128417,0.8449741301386723,0.7574786744854373,0.7980958669317731,0.7671055158338346,0.7310541731149445,0.6368559599154043,0.8173890963776175
Instructional_Support_Explains_concepts,0.7293157148866134,0.8522123228142007,0.7231955208090622,0.44688032613679235,0.6228695958490216,0.8425702211453934,0.736173300653341,0.7151621721384366,0.8504378563118029,0.8587212764545886,0.6704070657439463,0.7927914314573314,0.7687254887701995,0.8594828081054218,0.8644817510792057,0.8810060338480551,0.8861041069834127,0.8721918948274352,0.6639794302486985,0.8511407218312355,0.7691675714842889,0.7970350980870802,0.858609511310853,0.8207588518581441,0.6779985564649567,0.6507403804429805,0.7625242313493625,0.8541887315807637,0.6584090574654975,0.69868887501268,0.8478694491734405,0.6903859749503516,0.8098226470694159,0.7027155934348491,0.6867882709344507,0.5520801741013559,0.6869194445777383,0.8337113831446643,0.8121339402843534,0.26261796693312717,0.40908219137170715,0.8056025421760268,0.7194023277897781,0.46931578553777165,0.4948753465983144,0.4772082339466316,0.29097419166853383,0.4667647115698908,0.6443944835789887,0.0964655653239742,0.8398022721691359,0.8287367802774471,0.757699596056893,0.8537823501712622,0.7838259024839851,0.7352830323809257,0.6983416888755644,0.4158251947372812,0.372951158986119,0.7505450065743575,0.7265059328999272,0.7267438763148587,0.5667423684110088,0.6973987908855038,0.6047043653047174,0.7110465242530147,0.7746104010060126,0.733429317545166,0.6721590863047086,0.5748276030284567,0.6193743782920865,0.7246940517633159,0.6592646396851075,0.5848393845800336,0.49434515677718194,0.7040152123863783,0.70822430097834,0.48843421957882405,0.6801358124855166,0.6965076386582598,0.42699495078507743,0.7378258657085759,0.9133542574838485,0.703735394048307,1.0,0.8085892693181549,0.832570129090216,0.42465334616585937,0.6673265639681851,0.7938188341976636,0.8449769515094405,0.8118570541385685,0.7904148617364762,0.8704710534130546,0.8571668585758192,0.7837047708710623,0.7956312436284602,0.48160119179272154,0.8875720751373061,0.7349187932813499,0.5627798266606104,0.7499955974873033,0.6020797377786511,0.8915713702501367,0.5107980834060802,0.7912649523671305,0.8186852305883217,0.7671947045008366,0.8104618892371571,0.8887947261624982,0.6939639472887797,0.7816121168237008,0.499221614222731,0.521326786602692,0.7298466250949701,0.7808386047682612,0.33940677718585754,0.5049603891378247,0.4500834310725854,0.5941166379330487,0.5979137847798361,0.655038729063717,0.7166373011971369,0.63884225636894,0.7614095600841329,0.6958599790657685,0.8725348175466048,0.8210529055228921,0.8349850255425303,0.8534344783268019,0.7915877004404461,0.8548919975558801,0.8412893924322201,0.8401969989080362,0.7746016973083566,0.8504222198129074,0.7008165128764093,0.7780536213517173,0.7930899041666507,0.5682369810636615,0.7613186130043227
Instructional_Support_Feedback,0.6148772540407582,0.7685700409352304,0.8101811931029218,0.41904533266325256,0.5452824271326776,0.7931959477680463,0.6320045165173723,0.7921846297463766,0.8768315338648504,0.8684287910944626,0.7333382225487365,0.8130440540791608,0.7358228030928419,0.8248374573120894,0.8850704384061273,0.798289865760823,0.8460467933210059,0.7968306883016872,0.7893310293550185,0.8748340594046627,0.8611718370758802,0.805288524330405,0.8003192495143706,0.8362157365659164,0.7806608702579709,0.5817840802461193,0.7775771504062938,0.873126202003872,0.7410255321035988,0.7716072868869863,0.8710081122566834,0.7937621884391766,0.8568223790347764,0.7898181417058819,0.7807317521890604,0.636705436332181,0.6887311994089834,0.8135579477356327,0.7796475564274329,0.37816361878455684,0.5476616339558013,0.8319665418329573,0.777839648561914,0.45009751935624187,0.5348751887844964,0.46718278271049973,0.38927649152027255,0.5467002475112486,0.6169409498125477,0.14042527263308868,0.8364193108839056,0.8420660938852808,0.8387163754242443,0.8678320712707192,0.8288851623009554,0.8059740218273608,0.7979481194041422,0.5770853765680806,0.5346667276548901,0.8006030329250057,0.8276016032701023,0.8414344631388303,0.6569009842447106,0.8037537396548368,0.703482467760864,0.7750859407212283,0.8190161143408229,0.8027704414120898,0.7950125717489843,0.7363919824060787,0.7032655039504048,0.7425822660364751,0.7392209923447038,0.7510917338711536,0.6482788217665236,0.7796712976678937,0.788552844368865,0.5518784919204954,0.5808677738518576,0.5976086343966485,0.594359310198877,0.800209069132613,0.8692459686455735,0.780785140666882,0.8085892693181549,1.0,0.9141604583157187,0.5178641760512405,0.726066174547401,0.812595025796859,0.8410433928415769,0.7543582822693777,0.7554557775602069,0.8925273375792111,0.8807410774283635,0.881633841415225,0.8005444671784914,0.5297955962284076,0.7632486715462016,0.7949874385455635,0.7033896676701776,0.8180548389135643,0.6922659367268235,0.8176363065133968,0.6720635978895212,0.8195002882299103,0.8493175294618436,0.8407420486611326,0.7484533892464185,0.8504422978444978,0.766300762346649,0.8368412528304349,0.6346506891328221,0.6820850660489427,0.8107397535925565,0.8328528759600056,0.4573416654065599,0.6537681689277147,0.5377804474128751,0.6581354800605694,0.6518542419963268,0.7872232542431604,0.7495590724720377,0.6442013557860283,0.7447784063131866,0.7813013751419213,0.8829132076525156,0.8894244509346572,0.8911510369061894,0.8763682822194869,0.7566270019021524,0.8820172041301936,0.8994521103626156,0.8984150150140051,0.8550508160160312,0.7946308005377845,0.7658994800785631,0.8488485606251331,0.7993845536986981,0.6508403574416531,0.8447929526503807
Instructional_Support_Feedback_Effectiveness,0.6338915365133576,0.7959957984605754,0.8283299662159228,0.4271611264076085,0.5685842547249437,0.8182464043634976,0.6491721124081014,0.8077044629121968,0.9079239184114752,0.8896143760851686,0.7602345070614296,0.8440415055784315,0.7530075681245622,0.8504988682958077,0.9191713246786172,0.8327172901050586,0.8798623181163673,0.8185429341476145,0.796462558564034,0.9039077312994599,0.878258235807149,0.8367374444931589,0.841158521204051,0.8597669040669514,0.8288158330047919,0.6325004351037783,0.835300872556492,0.9050060522627178,0.7517685381731234,0.8219421417854673,0.9037247483746862,0.8363256281519886,0.874676353796018,0.8317234944379339,0.830028126691702,0.6523151400777761,0.6884105163655067,0.8266486206299625,0.7934846211312964,0.37617530851380016,0.5461242641158746,0.8482729485145146,0.7851910390723815,0.45558297453063823,0.5197292667268443,0.43075155694148515,0.3593803884050507,0.5417968241596129,0.6148730742636913,0.13746253793428148,0.8698855374810817,0.8727161825727618,0.8355701065758113,0.8989111695439136,0.866596580081233,0.841190612603444,0.8297928238002968,0.5696066595262258,0.5272369683095403,0.8251821018713561,0.8487992479052687,0.8795011053354466,0.7039568095608726,0.8454986643654265,0.7317336703488831,0.8187746003467173,0.8678008900775518,0.8450675040429522,0.8296573051412485,0.7612847636884023,0.7357305003737334,0.7753139814342982,0.7604368286713893,0.7563725875424291,0.652626125657373,0.8213418707368387,0.8310241309448406,0.5571217603684094,0.6258516212654228,0.6480266248994964,0.5836599093900446,0.8152550476370735,0.9065322194877455,0.7875550061436413,0.832570129090216,0.9141604583157187,1.0,0.5406882359250564,0.7460121772270428,0.8343905843364029,0.8771529572872061,0.7814140320529074,0.7745893777949551,0.9160954383689244,0.9100303155435551,0.8982111722480297,0.8145192975754884,0.5148298880362217,0.7878096532714977,0.8183182318206599,0.6900169066517757,0.8341899953960001,0.7055211670208887,0.8412827352353793,0.663126018357064,0.831926323086221,0.8790167907000636,0.8696172129851181,0.7858485006367534,0.87512408018565,0.7986791515760101,0.8598622861203707,0.6471804354964331,0.6782802977112171,0.8308596958902438,0.8667104665852771,0.47546055356001005,0.6505512591751023,0.5650037620172027,0.7010579341699331,0.6978675426651284,0.7950209164465737,0.7813853949878629,0.6596939044250528,0.7878232515855814,0.7994710937762264,0.8981855828300405,0.9104798642702859,0.9146602280429592,0.8967622876836872,0.7719533222304632,0.9100480895810259,0.9215401917912307,0.92420889280495,0.8695197620118362,0.8300873128796914,0.7923008127772921,0.8926744840176559,0.8145676628089209,0.6655339346359838,0.8434937726739243
Instructional_Support_Feedback__Assessment,0.3600976889844125,0.40950774669820883,0.5738074090808059,0.21736095904399047,0.32263872751483114,0.46479058046379357,0.36954792868649405,0.5117909684876857,0.4831684991530388,0.46201141652408867,0.3955308669276053,0.46219855657009384,0.34898284265884427,0.4420059624049265,0.49594868821651,0.4193744829198889,0.4449948089123401,0.41480763201544013,0.5090864830559187,0.4988203770794896,0.5073215527423907,0.4592425625797973,0.4372121472303306,0.4585040976460195,0.48536037402757287,0.342409969053522,0.5072182333815458,0.4577052492602414,0.3628735234375685,0.5210106555059624,0.47077318569514415,0.4729472474664256,0.44203192177776024,0.4372096469235313,0.47077501829736335,0.3243437978818844,0.3478745815524542,0.39848773317527736,0.4119882495722615,0.28524459067753355,0.3663357421614081,0.4377664467661765,0.3951970008661897,0.23684781363905835,0.2719719567068717,0.15863936950166063,0.19202592381102918,0.33084689427348984,0.3074517283621744,0.04895848728687723,0.48183081427845653,0.5027075765660681,0.4988310759103202,0.4885651795436156,0.49068076466428845,0.47180247464791675,0.48288566462128474,0.46893761489698366,0.45302342021696523,0.4577452325915893,0.5127000180664527,0.5128572225008733,0.41637513468697585,0.480613915324502,0.46135577006027767,0.4158680024919183,0.4646820135687116,0.48251958939131206,0.5082117259792611,0.5304202511567142,0.4387325960339391,0.4203447567213328,0.5960583597852553,0.5522161969402002,0.4879293929810742,0.4277691653255379,0.4382777703706981,0.5364196382311672,0.30586918864395674,0.31982196976687854,0.43346669094389906,0.5327527692661798,0.468044687160403,0.5418460933517043,0.42465334616585937,0.5178641760512405,0.5406882359250564,1.0,0.42930843923175943,0.4409072183832826,0.45367667271416273,0.38896848903432213,0.37885499768813624,0.4693327856238953,0.45357417505605957,0.5136635123205527,0.40435463032332875,0.259989189921597,0.4260217523386948,0.5502041700598201,0.5020642723175323,0.5147289594625329,0.4432530097080982,0.4312181009239341,0.510302029710348,0.5183706726324301,0.46758752403691795,0.48344078952711195,0.41150192648293726,0.4517039420886394,0.4537028834534234,0.517398476806058,0.4465626382356079,0.5200063871655631,0.5271681800912567,0.5111558692028217,0.7653411591436571,0.5126384089820402,0.8331104887453337,0.6288682572883001,0.6772052107760029,0.5753338275258526,0.551654437156092,0.3110861708754197,0.438131381146349,0.5289990606382564,0.4598543398834735,0.4888710727712168,0.4891696790144379,0.4644581131516893,0.41016980361538485,0.5043919512966551,0.4865505166609091,0.5028814374179671,0.5366632122418831,0.42487690495357106,0.447181387298879,0.49235122565350947,0.41901543574145794,0.48620825453372174,0.5098679285102021
Instructional_Support_Guide_towards_the_answer___checking_that_the_tutor_provides_actionable_steps,0.5909417372664786,0.6839028446956832,0.7150902869416537,0.4265982341548987,0.5644520766856329,0.6848406418747403,0.5940924621582843,0.8057664175711101,0.7526432026859083,0.7874632697448212,0.7274839977788852,0.821514764960476,0.5557302611548384,0.6916373002449607,0.7802502949155714,0.712031249564075,0.7767757344087504,0.750715970815305,0.7902762530437812,0.7905051601681088,0.8031121565159536,0.7774568351937913,0.736571350805908,0.7501148177366253,0.5981626051974651,0.49590384197329457,0.5840155423355429,0.7291213608639343,0.6483617319007937,0.6021736431484344,0.7566735284708954,0.6554723660071065,0.7187476493364416,0.6799732784580638,0.5750961185376613,0.6093098043262363,0.6926060081042644,0.6949209705876822,0.7562967801730267,0.5150627157849579,0.6785475134702744,0.7279506806073266,0.7388682723525725,0.4547419704112123,0.4692905492608492,0.3803977628390277,0.4101240980887292,0.5541108342280747,0.6164866500777728,0.22452921750598445,0.813730129043471,0.7524208509337998,0.7105454378281981,0.7907562793399178,0.7876455078821671,0.8335382820528886,0.8110540275525323,0.6881535672608328,0.6387495302874648,0.6901234910368786,0.6367048780124553,0.661316565772904,0.5060749597828997,0.664263304935147,0.518427035371274,0.6813512912724892,0.6934658075611537,0.6349721476076484,0.8181865778970748,0.7135738766872514,0.7401865096292414,0.7530288383054179,0.5424319114409526,0.7251298779490126,0.7270313939835373,0.6707141854850867,0.6677496786558297,0.46864722639980844,0.47693607606563426,0.5110108990527672,0.7196537490081177,0.7639721507402465,0.7486828413325031,0.7472923490086454,0.6673265639681851,0.726066174547401,0.7460121772270428,0.42930843923175943,1.0,0.8398497524905165,0.8117764877428965,0.7767255351813648,0.7754670295513455,0.7612703959138837,0.7481224527008152,0.8199625942608301,0.7916096481993583,0.476188097788894,0.5828341484117936,0.7221583998700447,0.697343663197985,0.7256832550267757,0.7020170860969943,0.7328547673154768,0.6456372706291454,0.6585239671998413,0.843191028497041,0.8139046010130664,0.6573923844087387,0.6943317821573196,0.813806408815866,0.772357918833025,0.7397325234581983,0.717042776621571,0.7849469611690496,0.7767167511649465,0.4247403023369113,0.7276864622368694,0.4640843902669675,0.5387548829006359,0.6056718770996519,0.7846048704177433,0.6492647274999994,0.590857159924724,0.621919295859006,0.7190120665247165,0.7851848319730709,0.742514447297492,0.775657654885953,0.7679601716392991,0.7513480867155897,0.802307718321259,0.7572909546813013,0.7499818719627137,0.8083287604073888,0.7628716959181711,0.7827054035996255,0.795218240295619,0.7962630087883018,0.618792448114707,0.7844881983221338
Instructional_Support_Guides_student,0.6944395201257593,0.7844589104919587,0.7862563970052859,0.46618341045315603,0.6428677349344704,0.7856533655847638,0.6888698064386106,0.8534995458739255,0.848410016230986,0.8812924726713501,0.7690303083879912,0.9109923241718619,0.6596520739290344,0.795590298495202,0.8699074811801836,0.8189415152507659,0.8891884386400118,0.869311427056738,0.811313399417356,0.8890655331353816,0.8705066931066184,0.8553690920900893,0.8435376714500138,0.8413254725728899,0.6820830514916483,0.5814180173948325,0.6976944482008924,0.8304572719219039,0.7023059955204729,0.6888473081208178,0.8595505304873721,0.7277543932929497,0.8141822835213006,0.7560269198092368,0.665726003193111,0.6649523083161035,0.7512041696637792,0.8003677177027715,0.86627627639069,0.4444463897675681,0.6393137041667925,0.8158216883866981,0.8012375384443827,0.5051700600345411,0.5516092107804766,0.4316292304068848,0.39830094357976903,0.5576874187686145,0.7058503293373682,0.2030863875444859,0.920997423185217,0.8377105938393342,0.7713946943807328,0.8978837513317464,0.8594626775226829,0.8951584307451165,0.8692568312986784,0.6447366263303468,0.6004272517797468,0.7729928633677284,0.7150901163992358,0.7463143168192529,0.5645990531865389,0.7273122681941279,0.5950825254413036,0.7486535739932503,0.7703453043251106,0.7265697793876856,0.8535144911483916,0.728283814236885,0.7937117783028503,0.8211425722187582,0.6313541433308375,0.7238672603795765,0.7143870351897711,0.7402658101736794,0.738419734420602,0.4899371156073908,0.5661293002335502,0.6068761287513805,0.6603151696538434,0.8144047622986055,0.8627761775043811,0.7780547948189961,0.7938188341976636,0.812595025796859,0.8343905843364029,0.4409072183832826,0.8398497524905165,1.0,0.9210833985109622,0.8845964882688843,0.8732862447819231,0.8636307317324304,0.8508069844568699,0.8927766278847535,0.8849209701559227,0.5453225570584689,0.7131688041420756,0.7791520036933074,0.6884588071628756,0.7960386447719587,0.7078349770482284,0.8587099086527128,0.6179982869882394,0.7408538715536098,0.9433854971500314,0.900979472090929,0.7602436418586184,0.8106580659592116,0.8600793684863529,0.8489364368570541,0.7343017376535702,0.6947132080814099,0.830082637519854,0.8389296264227996,0.41339429651126314,0.7093131220126908,0.47397942899765183,0.6092817391337841,0.6506240056638943,0.797909923674379,0.7023383041104239,0.6424044904809867,0.717771392350144,0.7472657012679579,0.8835263132190145,0.8093574299721853,0.8580282139001479,0.8640921171607943,0.8401002227092846,0.9060673670475969,0.8367312916328242,0.8279116531893044,0.8737996602983217,0.858843179874477,0.8219960226230492,0.8758345078547383,0.880416309008681,0.6489348848363304,0.8435551224413039
Instructional_Support_In_class_Activities__Feedback,0.6994163908720994,0.8202692478892718,0.7874541924238079,0.4586338609872693,0.6386893071044676,0.805115710428056,0.7047384846466689,0.8432789757823365,0.902598676609059,0.9362320679012134,0.7880169081231676,0.9140970403037846,0.7241814555771411,0.8348772389418305,0.9185806821132461,0.8748270405861942,0.9397610990385643,0.905330584639822,0.7962707331179237,0.9356789581932247,0.8934398939728254,0.8934489569108882,0.8849892837974264,0.8862389706082523,0.7097772062280585,0.6385598123569537,0.7433987848204705,0.8741334816332881,0.7322418547546807,0.7227772748728483,0.9058501032275663,0.7574547259928439,0.8573755890512499,0.7888811572251115,0.7054767908120407,0.6644176817619492,0.7613164789804149,0.8401475699909299,0.8824403171075034,0.41114478252110787,0.5832826928093213,0.8452901834862367,0.8316316885095673,0.4884248859850639,0.5666910822120391,0.45728650026150186,0.3626123573091343,0.555795121916467,0.697959598513624,0.17682576999188865,0.9343684908358552,0.8576698728920714,0.7884178421717825,0.9328219748302856,0.8748541693955451,0.8842700691982875,0.8541588586266569,0.5910952034137975,0.5435849656927659,0.8038460094648059,0.7473768862038205,0.7668301726503622,0.5948791216988234,0.7621623925820327,0.624508773263003,0.7756424639824251,0.8104361136362477,0.7559526656109057,0.839536445006149,0.7190365891285172,0.7569460295666,0.8236123332182216,0.6697719971971622,0.7156417358047114,0.6669910260522974,0.7652096297664954,0.7585720924551794,0.5082852125383371,0.6377069981108401,0.6652714192774347,0.607637073140971,0.8152469295656766,0.9131225144753697,0.7711444939625295,0.8449769515094405,0.8410433928415769,0.8771529572872061,0.45367667271416273,0.8117764877428965,0.9210833985109622,1.0,0.880609701332199,0.8729619742126339,0.9111045453045233,0.8951296698275195,0.907199603268498,0.8815555298967325,0.5617413949443087,0.7687080212157953,0.7941942365624564,0.6728707002893156,0.7992999920952045,0.7026933870097297,0.9047510344803597,0.616703178857076,0.7700996568071253,0.9493446783957932,0.9041100203416056,0.7899237933593586,0.8514431212570115,0.845907814479146,0.8495851658067618,0.6799377710044122,0.6684468544608206,0.8314864321511443,0.8628742549189722,0.404454166032108,0.6738722583454685,0.47532763899468994,0.62862165720074,0.6687039690090423,0.7832152604670546,0.7302851020219382,0.6683329933182985,0.7450289359423296,0.7658329302645718,0.9250089232775724,0.8582157524367241,0.9005167785882007,0.9020032579958307,0.8405415190596479,0.9234347861492146,0.884522896242514,0.8772934658879138,0.8835758234934888,0.8778005902128139,0.8163063796664684,0.9028080901844218,0.8922741935542128,0.6485402642442506,0.8579408838437406
Instructional_Support_Info_Order,0.7211445711872213,0.769988441465854,0.7389748833029997,0.5350181958693939,0.6650992783568362,0.7512050415465346,0.7057232135365388,0.8007380469746035,0.8152066298094587,0.8536588708503635,0.7399260362201044,0.8915131086490806,0.6829018218707708,0.7593621744225024,0.8245467104287549,0.8339849850129822,0.8783775865818513,0.8997487535456511,0.7355782698709776,0.8535554958116172,0.8233368202647525,0.8520974195457337,0.8585700476117446,0.8081701900933036,0.6434400902138511,0.5700693307741361,0.6879309666104549,0.7962965201918405,0.6873960362038065,0.6619074093709542,0.8218848311901489,0.6898808043660904,0.7819673812537099,0.7425616321105551,0.6361055015564329,0.6722783000864279,0.8015928781311353,0.7865236315148098,0.871687119233028,0.3596883125692533,0.5251321212400583,0.7735732711947922,0.7752609936493842,0.572198123815834,0.5567438819071935,0.4546462624921271,0.39736366428615333,0.5311955193638412,0.7518155276288502,0.16659630998102895,0.8894623268186174,0.8027504852781522,0.7234823940754868,0.8598334007840136,0.8203264431204462,0.8484229078192788,0.8087608035727167,0.5699149285138626,0.5320645740099832,0.7654050884858831,0.6821756310317069,0.7062743236699521,0.5281046834553843,0.6972419575168864,0.5574776418751252,0.723369562708032,0.7449838319933787,0.699640997355687,0.7937727645609755,0.6548568211082015,0.760557202841406,0.827668851494282,0.5833209121616293,0.6420700273549458,0.6372209626160222,0.6978158408313008,0.6958799643220671,0.44163609489147226,0.573079886113037,0.6046615567368709,0.565277380942358,0.7480515571988069,0.840663400678156,0.7130122435885218,0.8118570541385685,0.7543582822693777,0.7814140320529074,0.38896848903432213,0.7767255351813648,0.8845964882688843,0.880609701332199,1.0,0.9485267832500368,0.8217357570534064,0.806667544085106,0.8244601752100608,0.9104866669034642,0.5559040730433957,0.7265263389369271,0.7071458937625147,0.6243976679055699,0.7419198748118557,0.6496628750887136,0.8379377342128268,0.5408750687441781,0.7004538909763302,0.8786048740750657,0.8295844252255214,0.7783585037927835,0.7970541597509221,0.8094903667319964,0.7811982119173303,0.6530071727050004,0.6037046585883344,0.7571992563699526,0.7856638355162983,0.3474051391933937,0.6373041429824382,0.4235346557496841,0.5947862740545667,0.6037570895246422,0.7143487852649429,0.640510535289565,0.7004164905669295,0.6953971303377274,0.6926625954112458,0.841772471582959,0.7644976025145089,0.8023928488951431,0.8143401558313309,0.8623413000236139,0.8424527135364671,0.774585005534785,0.7804474749877341,0.8044302389249885,0.8580431040760758,0.7632770186351753,0.8298812237188813,0.8625343667557116,0.6166602292285721,0.7843951560979697
Instructional_Support_Info_Order_develops_explanations_in,0.7135423319062136,0.7621523577809111,0.7349921265140548,0.5275252985848392,0.6577704161414785,0.7393388124833984,0.6982314738232873,0.8018459972145596,0.8120755405231832,0.8510900713356468,0.7536976177218884,0.9041256427293803,0.6770636117037769,0.7449393279594713,0.8143209939673707,0.8283128145714127,0.875993190763085,0.8902698497251369,0.7330269134365589,0.8434693544664911,0.823480359404045,0.8531902645923497,0.8474379404477655,0.8077153212863305,0.6438727050889671,0.5625699035739558,0.6812092871988662,0.7891419782289083,0.6824906115077826,0.6597538380076341,0.8167481546623733,0.693729626439358,0.7771559002321349,0.7435211873340173,0.6361918122696845,0.6823502011137041,0.8250139925257601,0.7815748601260945,0.8660195875798706,0.3500138518111205,0.5072865992147028,0.7646440819367138,0.7747016640485461,0.5669095655286228,0.5628328800042212,0.4698342426064612,0.3981816535697228,0.5127208771215549,0.7722606191997226,0.16120271475244974,0.8842119896255755,0.8004329407621519,0.714889543491805,0.8537687530685413,0.8154837160931713,0.8490115737730537,0.8114260175823206,0.5641511899099891,0.52211183410899,0.7691295872118393,0.6859226269401404,0.7044242292973771,0.5403212295438582,0.7022652347289378,0.5581708612667284,0.7256102696875925,0.7401500916752656,0.7020327509956422,0.7947538125688917,0.6622441580022825,0.7693482236305794,0.8250813287162757,0.5753983912589284,0.6479994389445819,0.6350683541447112,0.6959985624070156,0.6939689224518544,0.4291065948080104,0.571601957487053,0.6019107936955216,0.5569882417804778,0.7503666813889832,0.8277889674223751,0.7026536559516118,0.7904148617364762,0.7554557775602069,0.7745893777949551,0.37885499768813624,0.7754670295513455,0.8732862447819231,0.8729619742126339,0.9485267832500368,1.0,0.8143126775102263,0.7916450900375386,0.8237596570351562,0.914221886269358,0.559460577425407,0.7184905020555123,0.6993617079408061,0.6205069254482339,0.736747303444194,0.6360557390951301,0.8413382934473795,0.5300488895969355,0.6885831203492566,0.8755875628769062,0.8278365758166303,0.7623620223265816,0.7831831229893009,0.8020303824265558,0.7752652547991873,0.6393724171311252,0.599114256155958,0.7562325759646004,0.7796074520681635,0.336841944581712,0.627583014287261,0.41755412288090205,0.5970490713962108,0.6036555613516444,0.710916940466263,0.6272680128945506,0.6917349683290132,0.6873380360718636,0.6849719819365898,0.8353501440979243,0.7500815631920791,0.7958286902724886,0.8086703989824897,0.8607431203493988,0.8306241777501784,0.7650327064292378,0.7705398590851678,0.7913927555487997,0.8656628965592165,0.7525774266889415,0.8318198923520095,0.8613579272936096,0.607749612648487,0.7731615519374025
Instructional_Support_Info_Presentation,0.6937995769172416,0.8419925624497874,0.8100663743996944,0.45644946350031823,0.6159639772114855,0.846004561689992,0.7017567260835872,0.7971933698072077,0.9116939433146877,0.9280080458949754,0.7879043718843396,0.8580676645030441,0.7537138399082502,0.8597711652503409,0.9330966306812072,0.8534543795788024,0.919894903601854,0.8588499312429577,0.7950126802432693,0.9172897917788697,0.886385752822414,0.8534834140375986,0.8655305781067784,0.8797801112935398,0.7485592838958737,0.623093835788731,0.7814818236700605,0.9390921484202455,0.7772712773377388,0.7591248501719765,0.9354722017517112,0.7646606977218409,0.9214329570929877,0.7991551064434069,0.7540246817652568,0.6465013449696135,0.7287064532839463,0.874980271908079,0.8499810130316114,0.39314614724697977,0.5442602281506019,0.9026478587544494,0.8324561175800096,0.48685928145203206,0.5694542423132032,0.4599873831525511,0.4074962292776372,0.585135167367664,0.6593747174050073,0.15868789830722155,0.8942953238015833,0.8793621641995352,0.8319546026314929,0.9216054472911983,0.8571988087622416,0.8433432237411961,0.8151995953054452,0.5552580784519923,0.515242137595987,0.7984058360587903,0.777717041835205,0.8041406059768298,0.6170993053296101,0.7711920394817913,0.6476984683034861,0.791473664491893,0.8379519367452792,0.7920851165376315,0.8010020852264581,0.7176342315535148,0.7183953572791526,0.7678516746696102,0.7051626630508251,0.720456279732914,0.6343783136464268,0.7894109411749604,0.7940566419644693,0.5370225761980254,0.6344055253621692,0.6617321987870098,0.5772524655680891,0.8013867779550651,0.9370527883557719,0.7675927692891727,0.8704710534130546,0.8925273375792111,0.9160954383689244,0.4693327856238953,0.7612703959138837,0.8636307317324304,0.9111045453045233,0.8217357570534064,0.8143126775102263,1.0,0.9651013688691013,0.9118206471886726,0.8526648321748769,0.5704740203241025,0.7981962493861515,0.7968447638615517,0.6759608050201782,0.8083969767702179,0.7117980320247905,0.8989837295736989,0.6395961017294035,0.8187904215399537,0.9052918747704178,0.8877435690657202,0.8378532510183482,0.9166992928207751,0.7952339066185128,0.8465803455665319,0.6319022782388798,0.6625045330693586,0.8210265097839514,0.8553265017372359,0.40952772542595334,0.6419176707561237,0.4904455620496394,0.6465912449964364,0.6641762834776629,0.7835868835249691,0.7506258277604877,0.6540423025721812,0.7781445457753001,0.7885830424012672,0.9547220659696773,0.9242246339387045,0.9397066446845321,0.9389291201885385,0.8061977606392712,0.9334328222972208,0.9456908292515984,0.9358021001236727,0.8766837430207939,0.8457546815697672,0.7968284929719722,0.8914893577111707,0.862485138630464,0.6383295913209607,0.8694040914264853
Instructional_Support_Info_Presentation_presents_information_in,0.6747758855381382,0.8283677725837552,0.8013869606031292,0.4497141555404408,0.597106753559029,0.838154285216442,0.6850522765669852,0.7835582995650279,0.9001454143092903,0.9120243594466728,0.7781517207662032,0.8375348153160984,0.7439963921102266,0.8517981426661815,0.9229718217888891,0.8488997767001186,0.9090343680324331,0.8439571887500645,0.7791275087078763,0.9113932322212265,0.8721337128764851,0.8451950388158974,0.8527079565000827,0.8640111776435466,0.7422705288836232,0.6223342090817174,0.7752493957321698,0.9420965801834227,0.7691493006239147,0.7603040328444114,0.9356360449387643,0.7581457410278541,0.9195599864356471,0.7920649351389697,0.7497640078222675,0.6352288461709955,0.713451497324171,0.8612965736353859,0.8272975886897356,0.3778433227246681,0.536302563139842,0.8865168045012621,0.818416261421472,0.4767185784025994,0.5597703145706362,0.43732904467404027,0.4068185044190139,0.5850246854025493,0.6351962888522051,0.15421276031516618,0.8765364793628361,0.8516545124509907,0.8230661531551771,0.9082527904844008,0.8383911366301664,0.8253908778219649,0.8003820881608953,0.5437835237370005,0.49894168568462455,0.7878591022921136,0.7763170731561857,0.8005728510091799,0.6156980570892144,0.7636236290932235,0.6446566921764525,0.7887846273219444,0.8361397810891092,0.7844707429716615,0.7852679337523211,0.7106637418723197,0.7083944624542697,0.7529457327130161,0.7038823290430049,0.7123737325001234,0.6180287371154459,0.7883889255411601,0.7930093278894308,0.5285707963477907,0.6374157266990448,0.6598239428194651,0.5625283689103647,0.7880845856581935,0.9315930866619107,0.7522165013391455,0.8571668585758192,0.8807410774283635,0.9100303155435551,0.45357417505605957,0.7481224527008152,0.8508069844568699,0.8951296698275195,0.806667544085106,0.7916450900375386,0.9651013688691013,1.0,0.896807961194812,0.8323701605117964,0.5601976763441682,0.7913705291516167,0.7897844786272579,0.6618508987897505,0.7973934415131709,0.6962101302407988,0.879322126400616,0.6325401358134025,0.811319839908397,0.8934069446066004,0.8768528579151589,0.8282034910658452,0.9119996774460071,0.7831783233825169,0.8377597898877942,0.6187268570985217,0.6492046420088837,0.8040058369009007,0.840102658034812,0.3973137024552112,0.6263743573151053,0.4796129372294889,0.6402392130461683,0.6539952208063435,0.7666803809425141,0.74824240908597,0.6331522953949849,0.7798761480471329,0.778110339218732,0.9375985300545132,0.9185006167251282,0.9305183063508305,0.9256391822354265,0.7827827914066765,0.9200658981472939,0.9381324580763227,0.9295163607602791,0.862542189931322,0.8333448777794522,0.7905743911410502,0.8779597578011318,0.835329081320718,0.6352956432945616,0.8487320541535727
Instructional_Support_Interactivity,0.6434989729764938,0.7731714709253582,0.8282642600650967,0.44454519292381023,0.5887410428024369,0.7748872420670779,0.6484787495544669,0.8709344985987565,0.8910388788472557,0.8976803487940334,0.8076532324625901,0.890094045710622,0.6706986753008419,0.7984122047474307,0.8989129404379033,0.8227141521073257,0.8912277521112579,0.8383618077275886,0.8629774765358571,0.9122834070304844,0.9334785278417538,0.8644426150606555,0.8329137193894145,0.8630901532180437,0.7734563420782681,0.6017038942841587,0.7511357316664182,0.8790204951532194,0.7827244152986835,0.7665230394663578,0.9004238470384814,0.7906898674965649,0.8756132770710711,0.8299284197787571,0.7633892799359913,0.6803088431945631,0.7242877235658429,0.8099674557477385,0.829463261374687,0.47252024760939954,0.6313844302879165,0.8584118086196587,0.8257065420114786,0.47408749026968683,0.5369268608522418,0.42753040398793934,0.4238536974672585,0.6035167873087987,0.6433906640281346,0.1807040380758133,0.8929928301259863,0.8569217398516027,0.8282086803449956,0.9033829817674358,0.8833654211825033,0.9120937351991916,0.8969611909958418,0.7053489703624246,0.6639184041883698,0.8145265698237535,0.7784258860848158,0.822494977328696,0.6354541601358725,0.7991675244154721,0.6602091799768264,0.8106130997615935,0.8336407992957189,0.7840739310100927,0.8967642343004015,0.8256705563542862,0.8029538404457338,0.8034876162442265,0.6979170278703998,0.8102985545096962,0.7551315970607203,0.8184133974209502,0.8143019005362474,0.5464595407135905,0.5936243427092426,0.6284574983220862,0.7040505721930694,0.8485181882129144,0.8840659462179089,0.7999852880021305,0.7837047708710623,0.881633841415225,0.8982111722480297,0.5136635123205527,0.8199625942608301,0.8927766278847535,0.907199603268498,0.8244601752100608,0.8237596570351562,0.9118206471886726,0.896807961194812,1.0,0.8556904881594904,0.5387543071435484,0.7089914640969763,0.8229758937551268,0.7394347833291048,0.8200707293984126,0.7510867328997283,0.8460786165789568,0.7182060858319694,0.7835159048470945,0.9204849272591733,0.9194982563088423,0.7559092286640317,0.8326194789357538,0.8562517888582647,0.8739664439215173,0.741775162679374,0.7719950210096224,0.868688711396433,0.8730135247558047,0.47890490498889543,0.7680628279618051,0.5430248299278835,0.6639427950583667,0.6866030958335384,0.853207312751959,0.7551945138136078,0.6600076317715133,0.7262384933662963,0.8029109411132591,0.9039429897630286,0.8849405904803398,0.9154125978100645,0.8954340173731444,0.7961205465168703,0.9196624437935647,0.9027731367641516,0.8984319794312332,0.9155371288328907,0.8380060305725389,0.8398034818273812,0.9125474557393765,0.8622830284001298,0.6883031085393884,0.8938042721437117
Instructional_Support_Manageable_Chunks,0.6720527834132128,0.7685090693130836,0.7534263653958125,0.5024972166537536,0.6093052955652465,0.7587244829606784,0.6589137753166091,0.8283728524410245,0.8509374053431931,0.8741482311014589,0.8002819920827562,0.9027982320347039,0.6954192423648942,0.7621920858848096,0.8527351083796949,0.8393056107915801,0.8882392603033173,0.8795968728674745,0.763495278910951,0.8796564311374049,0.8505078340348555,0.8682905622868963,0.8718247316539246,0.8213515675701775,0.6830140335790506,0.5869065980596295,0.7079826817509808,0.8248656404987124,0.7320491003321816,0.6977477151598264,0.8538946863196929,0.733019748227373,0.815293785335864,0.7788324529132503,0.6847249301333316,0.6969270216739673,0.7876791436077107,0.7984880838241786,0.8435373786516241,0.3784275035565804,0.5570691793001163,0.7933772377715219,0.805259916901706,0.530799532251149,0.5570714651418893,0.44144818941764646,0.42631758033048844,0.5488986383915059,0.728073846083649,0.18180425458592628,0.8908945566686244,0.82362146854267,0.7481307477167431,0.878292867649136,0.8348925059175564,0.8822581058585734,0.8512108333137675,0.580401637855734,0.5358674797522539,0.7939048081120438,0.7195617229137339,0.7469569920243095,0.5631934286370934,0.7402739230047118,0.5968418616292638,0.7736569257576471,0.7877148820175319,0.7506649109525507,0.8230256537864908,0.7000682405683174,0.7882257386967083,0.8455485220446758,0.6075908184604681,0.6775435846013669,0.6694302870137224,0.7453157780302132,0.736272906336856,0.46243724362575545,0.5845794340408029,0.6048451381303005,0.5874939751468772,0.7698013630690013,0.8567372800146651,0.728629818529864,0.7956312436284602,0.8005444671784914,0.8145192975754884,0.40435463032332875,0.7916096481993583,0.8849209701559227,0.8815555298967325,0.9104866669034642,0.914221886269358,0.8526648321748769,0.8323701605117964,0.8556904881594904,1.0,0.5642721998426162,0.7214975255262647,0.7223946957188522,0.6498862331549264,0.7582496289248707,0.6736890616716106,0.8346620006665556,0.5675936953466706,0.7101114583370326,0.9048739730070329,0.8632838286362905,0.7600157421857187,0.8060879253769402,0.8394373251885212,0.8016115734455019,0.6593607953086503,0.626845235422733,0.7854285279661586,0.8027912149758121,0.3565954855575274,0.6516887374109938,0.4272543197715735,0.6242220066552624,0.6264654521435353,0.7434239712586296,0.6603401851854246,0.6972302034743254,0.7279311173652421,0.7204652591555136,0.8589796195083543,0.7985016605037089,0.8349535082373227,0.8350986625929235,0.8561697795433787,0.8614016791200436,0.8081346954107493,0.8101987587274848,0.8184769575765556,0.8637488831290261,0.7783019386032839,0.8652602730642643,0.8721632916764046,0.6201387456931922,0.8038439556061848
Instructional_Support_No_Irrelevant_Info,0.5042789061498404,0.5411989335232837,0.4619390627380952,0.42492245425042313,0.45843818437725514,0.5222468303550949,0.4858058173544034,0.5030836749783676,0.5546850999424388,0.5808940361887076,0.45535571962925653,0.5278741569456374,0.49972339158602536,0.5158802427091683,0.5307532132234506,0.48085338754086554,0.5523716220897503,0.555036524594106,0.4664549214623581,0.5506116146844702,0.514652079093203,0.5423485556278475,0.53827553434644,0.5329523864077289,0.3734448629970433,0.2552276314797744,0.42394422004862425,0.5535079819546262,0.4419490924248432,0.3963424746470874,0.5529729260897164,0.42202428312371637,0.5343249150914131,0.476193846152789,0.3816009429359049,0.44588116199750266,0.5942883369039916,0.636694063971111,0.626905529348256,0.25408091135827104,0.33413411993596975,0.5708040723886202,0.556173809232308,0.4391685100201565,0.93694228650944,0.37728784197911763,0.3572644579271553,0.3993008013336276,0.5843846427246823,0.14614817346076278,0.5700033364506903,0.5190728527282332,0.5317030807846556,0.5686694635542239,0.49790688584507364,0.5153297601397664,0.48646293283723624,0.29916808751113255,0.2656021771195477,0.4324305816736032,0.4209005646954133,0.4494792821506592,0.31637504067254285,0.4370362111136556,0.3251382109375871,0.4096265971073468,0.46230380176043584,0.469580832395777,0.4545434120953022,0.3561494401795519,0.4266946060810654,0.5161685658093397,0.3759321630739884,0.3709000301940397,0.33768144694958635,0.40206011796725616,0.3986076663545061,0.2712659358027696,0.288392458865481,0.3040660415126044,0.3296695748279246,0.4393913482406147,0.5241309470652862,0.4680091071925363,0.48160119179272154,0.5297955962284076,0.5148298880362217,0.259989189921597,0.476188097788894,0.5453225570584689,0.5617413949443087,0.5559040730433957,0.559460577425407,0.5704740203241025,0.5601976763441682,0.5387543071435484,0.5642721998426162,1.0,0.41814107215091945,0.4256281559101189,0.40544628685363154,0.47747737836941107,0.39982854426406184,0.5652733896124856,0.3269555681805953,0.49908313536028925,0.5668539480542486,0.5433241112257701,0.5269313975547895,0.5406033287663378,0.5251103413408558,0.4942705899753973,0.3886390595232112,0.3469404294553032,0.46753414233667473,0.5022252968668699,0.20390396937591942,0.3469746803289259,0.2472442013261968,0.3560364323338832,0.3719979213146805,0.45520650634938103,0.3842132317021644,0.4214343319109728,0.46374067071820735,0.44391520401158285,0.5802487389484764,0.5368663779551773,0.5539201133966113,0.5700233382725329,0.5819697349123877,0.5581033591078076,0.5408452352385195,0.5447464488016229,0.5123024151954657,0.4854992658168048,0.47654058236670216,0.5594148474298265,0.6020702112065331,0.4182465774441102,0.517650402518798
Instructional_Support_Pedagogical_Principle_Criteria_Explanation,0.6538270804690178,0.7885226225468477,0.6587290120132594,0.385553589427526,0.5569953144217238,0.7853863720735637,0.6744323648382441,0.622041163874941,0.7923796836651263,0.7871760233761654,0.6229617729653464,0.7342370117573213,0.7573654346900592,0.8225425611256018,0.8049939220450697,0.8136401016266012,0.7992386408316132,0.7842912607389385,0.5725950712293627,0.7741907638072342,0.7081757778826006,0.7320956966912444,0.7723954876283948,0.7412398396001422,0.6788055700740927,0.6451286461585624,0.7787699920088654,0.7937276190297979,0.609303518900834,0.6832197175529687,0.7813638314649147,0.6562030765426635,0.755392341889133,0.6671412356653006,0.6930915713424889,0.5155059956957894,0.6199745605250513,0.7684554027343614,0.7354242700353523,0.10450397191139882,0.3244915997686333,0.7319263819374954,0.6573911559591167,0.4061250166252293,0.4260023939809802,0.45384219502964174,0.2418196119962563,0.3670395734296205,0.5769223802921977,0.017328179378258004,0.7678681776929969,0.7689979192097925,0.6733452356337141,0.7820811422588312,0.7066684255605057,0.6675183638057264,0.6399362401681946,0.32203679637264665,0.2831736774651045,0.7229941016340493,0.7100025782621019,0.69881141492802,0.5656629005020198,0.6630460090141679,0.5954058513836603,0.6746967213231375,0.7386654001130037,0.7104329544002563,0.6071716347269532,0.5084226083160208,0.5599797964829488,0.6467704089287056,0.6756643233787791,0.5090534562711877,0.41994306102251144,0.6589446039874681,0.6743941102473151,0.4750942809591166,0.6879978726559232,0.7004537964836491,0.32498220402525335,0.6593458339047114,0.83379582486465,0.6141967195808289,0.8875720751373061,0.7632486715462016,0.7878096532714977,0.4260217523386948,0.5828341484117936,0.7131688041420756,0.7687080212157953,0.7265263389369271,0.7184905020555123,0.7981962493861515,0.7913705291516167,0.7089914640969763,0.7214975255262647,0.41814107215091945,1.0,0.6819900808140509,0.4783585196685591,0.6810397889078507,0.5042605278173351,0.8120936321652453,0.4216597435942066,0.7568457153635486,0.7449890146753827,0.6948484553211445,0.7361280476336092,0.8304781718191806,0.6081534795990097,0.6976281935463465,0.40027172606273315,0.42959776714449593,0.6372651700326846,0.6934661793973902,0.3098345765803206,0.4150617896411827,0.4519379651201056,0.5877981701396853,0.5779162018147553,0.561571868045213,0.7060255300930582,0.5899033182162966,0.7286631032882172,0.6183394457863151,0.7869887568768923,0.7648037717833162,0.767136518979593,0.772227403413084,0.7023742417624205,0.7776846958773682,0.7731053698539895,0.7806260489000755,0.6868648046220269,0.7785685952782498,0.6003489363794573,0.7127213232772073,0.7164882941332645,0.5141345683888439,0.6777794447789913
Instructional_Support_Pedagogical_Principle_Criteria_Modelling,0.5837054537145241,0.7092278267463161,0.8081580837244908,0.36011738953226974,0.5368716818755542,0.7518208567739337,0.6086234545081285,0.7807959856380158,0.7890271079513753,0.7743456225914123,0.6812096754657739,0.7577011317894103,0.5980611953361169,0.7354775311100479,0.813399730290521,0.7415713181738821,0.7842629379664633,0.7264498438321372,0.8129523063406638,0.8109926073283252,0.8151346405977015,0.7453322464106711,0.7286417255087999,0.7884524313121476,0.6902785727003383,0.5885075497509628,0.6978651625795947,0.7663839927904097,0.6171469766089183,0.7177578013972288,0.7796133000969456,0.7006872417424133,0.7420510169077988,0.6989977261047103,0.6767196360477564,0.540791124830788,0.5903379370945264,0.6995743684165839,0.7128983182149338,0.516791023859611,0.598521521251193,0.7477836966790659,0.6977084022689218,0.3883033252729458,0.4318988423551397,0.3456472491942483,0.35144562419326886,0.5583961571407179,0.5352758221272621,0.18183892383809078,0.780544369729936,0.7708465156618093,0.7780958591463774,0.8019287711708404,0.8129370739108235,0.7666007134318651,0.7645391556537902,0.6421749305989592,0.605336653594306,0.6998862848699586,0.7277295064592598,0.7369687696962494,0.5874948258398554,0.7040312650000128,0.6344795632981971,0.7334756578844318,0.7703832456811677,0.6969318400757323,0.7876847670792779,0.7308556136321365,0.6728095933753271,0.6900590006537037,0.7021624521566523,0.7435359401390454,0.6620139704863326,0.7570826807027523,0.7551133085357966,0.5483604052176554,0.5869187530266261,0.6076732593688796,0.6580936526074953,0.8124297963258629,0.7916808844557616,0.801705482357491,0.7349187932813499,0.7949874385455635,0.8183182318206599,0.5502041700598201,0.7221583998700447,0.7791520036933074,0.7941942365624564,0.7071458937625147,0.6993617079408061,0.7968447638615517,0.7897844786272579,0.8229758937551268,0.7223946957188522,0.4256281559101189,0.6819900808140509,1.0,0.7099910959951955,0.8133063152433145,0.7509003351119677,0.757008459794282,0.7084430897933647,0.7981751074724546,0.7947405053701737,0.799323771369655,0.6793259371889434,0.7444075182268899,0.741312349076602,0.8489751318211527,0.677359332191941,0.7352880023841538,0.8440546734839731,0.8255657145543196,0.5306792515564628,0.7010649844111878,0.5641839250140669,0.6535017339040722,0.6845644162743751,0.8226633436160912,0.7832730450045853,0.5356175838099718,0.6957584587152483,0.794439853168464,0.7952578594691275,0.7904583716366547,0.8054267963978602,0.795806202310111,0.6823015099842848,0.8180086235154465,0.8097600127715576,0.8079438366805477,0.8442213593426406,0.7625739586880312,0.7950790202896918,0.7816853818931095,0.722725876864937,0.6197708929934669,0.8117200282329663
Instructional_Support_Pedagogical_Principle_Criteria_Practice,0.48094670067292006,0.5719453733698118,0.7667943028237635,0.32337396035752597,0.45369706160846945,0.5908711514982448,0.49123361156977147,0.7359479454655475,0.663795890663023,0.6557383224505955,0.6098078713985363,0.686031906228888,0.4593473344251998,0.5839084360353965,0.6743597668801384,0.6049687884076052,0.6362635838256026,0.6018852310294133,0.8081476211459313,0.6947487101531359,0.725837003892837,0.6591354047597684,0.612653186349139,0.6499319649865505,0.5967563119396003,0.40144281052021247,0.5115697508085106,0.6389317627675531,0.5380547707089092,0.6119344964136513,0.6457701764961321,0.6182667492120958,0.6314232766191958,0.6127416612702224,0.5713532677140506,0.5172606591500225,0.5379967509669995,0.5694065058075678,0.6142159361282795,0.5769466863871049,0.6256017927075452,0.6194614939795039,0.6049609577805849,0.3384329480452227,0.3978931717906307,0.2600623821286037,0.3561047844510241,0.5398443371414803,0.4943915597067278,0.20380879940073576,0.6749842876677341,0.6653752703323458,0.7489484974862787,0.673725380820622,0.7362937417588044,0.731650326968702,0.7352365193828104,0.7366749908645347,0.7124223256540815,0.6397672281285005,0.6309596982029944,0.6532832326587134,0.49953835963307797,0.6339453587042067,0.5577932731584453,0.6437033223751792,0.6568394194831293,0.596846983242717,0.7428918483452868,0.7336421545487177,0.667912687536582,0.6441163514257875,0.5839422153775582,0.8152924003681761,0.7537397865685643,0.6561409690734044,0.6525302540552766,0.5217346692996983,0.37098243998656527,0.40616095506176125,0.7425326649079352,0.785166965895866,0.6414632065565474,0.8024821001674198,0.5627798266606104,0.7033896676701776,0.6900169066517757,0.5020642723175323,0.697343663197985,0.6884588071628756,0.6728707002893156,0.6243976679055699,0.6205069254482339,0.6759608050201782,0.6618508987897505,0.7394347833291048,0.6498862331549264,0.40544628685363154,0.4783585196685591,0.7099910959951955,1.0,0.7528531001612699,0.7702561166463315,0.5989941448978215,0.7814697877404794,0.6566339290533643,0.7049947110787711,0.7226055335174343,0.5550997003062026,0.5987376336368329,0.7023596265060194,0.7579672761501614,0.7027060976582444,0.7859446656771086,0.7805060321191117,0.7421178824104573,0.5532516523989067,0.764351839170076,0.5510871478734567,0.6027746382064875,0.6221715922434388,0.8104432123117843,0.6542532485920974,0.5069782574795313,0.5397116660666179,0.8050007383192265,0.6663075105049275,0.6768146404051786,0.6911097571721755,0.6616393635342056,0.6280828349191386,0.710785249706319,0.6847929388146208,0.6894287206545412,0.7692515175361136,0.6502411770601395,0.7118487475727815,0.6930857754042463,0.644252959065147,0.6111512838377037,0.7547016540501528
Instructional_Support_Persuasive_discourse,0.6259640960703589,0.7373720266349334,0.8310724778987061,0.40170049565285176,0.5701751288217689,0.7701175643051743,0.648481872065173,0.7836639783860387,0.809179498121287,0.7950759226279355,0.6849872337794656,0.7931825226874221,0.663700082563075,0.7766960659766681,0.8181466231852632,0.7532082225445496,0.7904508793142048,0.7514138145271628,0.8054553258359458,0.8228635351785809,0.8099096200922102,0.7705829275067128,0.751826394774617,0.7825091396366203,0.70166575117073,0.5578359796619566,0.7079112013921331,0.775838083313039,0.6364641087432499,0.7314644558283135,0.7807220127980441,0.7281141327848604,0.7600137603904059,0.7225426686187684,0.6931366629757959,0.6134303286498609,0.6558259583985857,0.7418324213010007,0.7418656278493505,0.47260137574692385,0.5707843014835161,0.7589787880033293,0.708398448057392,0.4368649464019195,0.48268368825672325,0.39017647788813964,0.3474187448211442,0.56258371844735,0.6093892148679484,0.161148171803825,0.7999976880780328,0.8010449092984719,0.8313637975246504,0.8158374493559458,0.852589361975596,0.789456621221198,0.7782711860709887,0.607512628461196,0.5617523205098488,0.732676781099053,0.747968410319223,0.7584613693561777,0.5982867246570179,0.7326057294022006,0.6416073095533593,0.7310541356699115,0.7784254114534104,0.724983009167244,0.7840079331265402,0.7242799065609739,0.6951374113725584,0.7502134588033157,0.7121897589046027,0.7513682661868477,0.6667699819050236,0.7347541935195894,0.7375690923930408,0.5358320327373014,0.5427025665065697,0.5614360165547573,0.6196744721230106,0.8561816718394434,0.7945839133588117,0.8649242399810474,0.7499955974873033,0.8180548389135643,0.8341899953960001,0.5147289594625329,0.7256832550267757,0.7960386447719587,0.7992999920952045,0.7419198748118557,0.736747303444194,0.8083969767702179,0.7973934415131709,0.8200707293984126,0.7582496289248707,0.47747737836941107,0.6810397889078507,0.8133063152433145,0.7528531001612699,1.0,0.7445693838730971,0.7717981014610382,0.6890956890774957,0.8161001804484946,0.8197334840918835,0.8039939313103672,0.6946186733670684,0.7562439781433653,0.781083344519579,0.8880414767548526,0.6617609404033339,0.7105576406459984,0.8592288960488094,0.8495377640637579,0.5030422218799517,0.6615378402969706,0.566604274498655,0.6800915926572569,0.6606589580738439,0.8118086675192177,0.7554809090710457,0.5973679891340239,0.7021515333867503,0.8084388208911867,0.8116790495999943,0.7947458018134286,0.8145669334667786,0.8140719562011658,0.743454320656483,0.8431235994669849,0.8187146128340839,0.8235141215506513,0.8469954287984357,0.7952673055252899,0.7981424173183191,0.801253896304355,0.7534050910016138,0.6417439783654251,0.8150597384423093
Instructional_Support_Problem_based_learning,0.5091635074940604,0.6108019501196829,0.7747994038613044,0.3379557810742173,0.48479115080517726,0.6276270596042935,0.5144715077717199,0.734118139179184,0.6923945112641837,0.6763630032754507,0.6259401527244159,0.6929105206458126,0.47428412542645204,0.6145971976525031,0.705060026113894,0.6504052029347631,0.6828763017533415,0.6421279971370595,0.7981003087378777,0.7234913073378165,0.737149695284671,0.6646356922218041,0.6464719679411113,0.6827439960977392,0.5732838607551336,0.4949893657623904,0.5258684700255859,0.6556969353517524,0.5612662310870238,0.6041938004624025,0.6778197387769895,0.6067340425075879,0.6537636325760848,0.6064238569678984,0.5627792057159772,0.5233810625067338,0.5359872350880317,0.5959641538280782,0.6423924044217303,0.6299946057240975,0.625483475433306,0.6537416410891205,0.625651383825735,0.3577170407521425,0.39535729750577775,0.2860188940189966,0.38245033790221145,0.5913048927425437,0.5126926267290953,0.23881030809541526,0.7012705201819949,0.6637420670116017,0.7202703183457116,0.7093206648047905,0.7517983868297979,0.7296992468001073,0.7327338151013247,0.7029531618105006,0.6749993214171175,0.6244623741545279,0.5930222866855012,0.6267985411638688,0.4768872733581556,0.6073106253312333,0.5074646681024686,0.6682166995641817,0.6802309234701176,0.5758230700020777,0.7406252460090028,0.7270867432386968,0.6676721789930367,0.6597154193356597,0.5487890365349732,0.774763400214979,0.7063144383597252,0.6867982126350807,0.6777339479942354,0.48489282849196436,0.4705581868792227,0.49518588847789824,0.7316402350721737,0.7801908354623349,0.6790520256517283,0.7835461115096582,0.6020797377786511,0.6922659367268235,0.7055211670208887,0.4432530097080982,0.7020170860969943,0.7078349770482284,0.7026933870097297,0.6496628750887136,0.6360557390951301,0.7117980320247905,0.6962101302407988,0.7510867328997283,0.6736890616716106,0.39982854426406184,0.5042605278173351,0.7509003351119677,0.7702561166463315,0.7445693838730971,1.0,0.6462376630904579,0.7597039779599348,0.6917550120879722,0.7206420377996667,0.7353509530402453,0.5776643210334932,0.6248668965400576,0.709016602245717,0.7863511403189302,0.7102989643140258,0.7852934206999339,0.7956447542946706,0.7608327468636047,0.5013184896295839,0.7329894293601719,0.48789250986826727,0.5464075213121493,0.6182737326667346,0.8155132172033828,0.7091878931398162,0.4913483472015333,0.5714674365848916,0.8297701656846647,0.7076758527940235,0.6897040792210538,0.7101836300081648,0.7097812976790743,0.6200037922023725,0.7380972352654022,0.7223855816393113,0.7186261222917416,0.7826983263894096,0.6815350119549577,0.7484024144556018,0.7119195793325592,0.6611783567011965,0.6064313635867866,0.7527766114825161
Instructional_Support_Providing_guidance,0.7929873589264582,0.8856558700578361,0.7566092357373634,0.4991001564881153,0.7061010348876363,0.8403785384810672,0.794682564334075,0.7609603928566347,0.87683004779143,0.9081023444851767,0.7334083339133787,0.8571473533642704,0.734701756873335,0.8523174557116635,0.8871794485802805,0.8504192031776047,0.9206799255496797,0.8885746474167036,0.7321831878217396,0.8832437497416888,0.8319878802518818,0.8502147349309932,0.8527627726655019,0.8534084922157383,0.6650278516517951,0.5996978837653245,0.7195654816670091,0.867487421361883,0.6891209167428022,0.6866608075472096,0.8775357038995243,0.6969360675873484,0.8396317504808074,0.7410402961232802,0.6680647825248412,0.6308336464719992,0.7683499828394809,0.8544255203277481,0.8995982566054578,0.3406014739695794,0.47901066363406575,0.8642844482424505,0.7943032977733646,0.5222059916404936,0.5770319773448415,0.4888319965863343,0.33743047696803197,0.5233776564403497,0.7211182360570253,0.1554412970229333,0.8917970773532217,0.8448911529913035,0.7718630496147861,0.8980963908664081,0.8123992299004258,0.7960953938120567,0.7584995383639531,0.4853748881807798,0.44330976418519624,0.7523132430056886,0.7187560164172143,0.7189316288433878,0.5491792781741676,0.7060129215567474,0.5775488002444245,0.7261910947202773,0.7703078024947945,0.7183910877775667,0.740203446761707,0.6351346985770056,0.6701355268549926,0.7493792900288153,0.6496650239382441,0.6388389162978383,0.5577417936799038,0.716892105983713,0.7150949848209371,0.49336869805226685,0.6290708013203017,0.6590733899531379,0.5060004501337638,0.7721102514306228,0.9068557634564074,0.7380703973847252,0.8915713702501367,0.8176363065133968,0.8412827352353793,0.4312181009239341,0.7328547673154768,0.8587099086527128,0.9047510344803597,0.8379377342128268,0.8413382934473795,0.8989837295736989,0.879322126400616,0.8460786165789568,0.8346620006665556,0.5652733896124856,0.8120936321652453,0.757008459794282,0.5989941448978215,0.7717981014610382,0.6462376630904579,1.0,0.5523060039743523,0.7775239591982014,0.883654894195838,0.8309783953044014,0.8017370954894267,0.8785197968617157,0.7594922729169183,0.813322652952408,0.563708581527901,0.5788122115417194,0.7775219782403238,0.814578377185163,0.36270582341117596,0.5770512847471462,0.45684488231006637,0.6041876656334224,0.6400675448173655,0.7183092969039581,0.6998650337107015,0.6468495402608329,0.7710922346744589,0.720983460222562,0.9257901877270379,0.8401539777787799,0.8740145129538875,0.9018117337704483,0.8377918015008914,0.895951193915026,0.8631577447131645,0.8601296928763801,0.8270423962617501,0.8565831457661222,0.7583583806594305,0.8409042674982025,0.8766073255784306,0.5949202248572736,0.8164685140998326
Instructional_Support_Question_Diversity,0.43286057082747575,0.5337698019467737,0.7960977166836223,0.2706115231117132,0.39830402360402006,0.5377005528866262,0.44157204753329876,0.7185229467438564,0.6168615886153079,0.585751432267029,0.5583272061832542,0.599568226145811,0.3541067261631778,0.5127004683352582,0.6435582894361983,0.5505519832551942,0.5918159365116811,0.5294869514020548,0.8592396701727082,0.647996681843031,0.7109952708434459,0.5773006892815302,0.5507392623772447,0.6231746133877792,0.5461590240589599,0.3763482978447989,0.456076162433819,0.6108466729247393,0.514246972968346,0.5747699101267959,0.6140462311094613,0.5723944077985369,0.609157755001736,0.5569662684957541,0.5293151709211936,0.4382116215983843,0.43543641379632947,0.5079782700319446,0.5291475750845953,0.6603627069140761,0.6294823854303062,0.5831633392261942,0.546525884952851,0.2886105089351379,0.322784358277463,0.20913535359498286,0.37556872153961063,0.5826328118890189,0.4103739859894192,0.18701792243601453,0.6111206440212366,0.5891068583442095,0.7163358809626146,0.6196372416242184,0.6998854333592277,0.6519757157756958,0.6731267776412416,0.8629952374148869,0.8511459242724118,0.5687819482126453,0.5969267281532231,0.5965503206834305,0.46089398455612673,0.5842291284627055,0.5283378221077025,0.6050628509938524,0.6202932592313822,0.5326710542970396,0.7031036182220203,0.7789535074703209,0.6090067165928459,0.5398405684985502,0.5523225701651575,0.8926185205987672,0.7643479190047706,0.6511233150395093,0.6484204566822976,0.48672135336642536,0.34299895971541056,0.3691786115569601,0.8606328686508852,0.7654200719681651,0.6013385135827813,0.7650874295845074,0.5107980834060802,0.6720635978895212,0.663126018357064,0.510302029710348,0.6456372706291454,0.6179982869882394,0.616703178857076,0.5408750687441781,0.5300488895969355,0.6395961017294035,0.6325401358134025,0.7182060858319694,0.5675936953466706,0.3269555681805953,0.4216597435942066,0.7084430897933647,0.7814697877404794,0.6890956890774957,0.7597039779599348,0.5523060039743523,1.0,0.6275958424969467,0.6298322315667624,0.7052046532067232,0.5142720731451411,0.5601838724384481,0.630894760305941,0.7381949263167626,0.7587854268352361,0.9204261153802311,0.7403694173531918,0.6877616942087924,0.6285566267842709,0.8784624919445909,0.5517547448131103,0.5490186663682339,0.5799967994634415,0.8642716209477338,0.66515073307154,0.42617575724780665,0.5051165664468352,0.8394466197724632,0.6158675190121641,0.6490979010503143,0.6541107834862269,0.6306615230042091,0.5104923312716609,0.6612681614471608,0.6676013388333166,0.6708365076105547,0.7831427253847884,0.5791148935619256,0.7033077436080639,0.6262471032850296,0.5547319315636169,0.6124652587305905,0.7675939474042351
Instructional_Support_Response,0.6333325887460491,0.7632706229612964,0.79589994687335,0.4013171345036452,0.5671080382059419,0.8066814141546149,0.6559111580828116,0.7251218772553334,0.8054084184673479,0.7842114678249457,0.6362278802087289,0.7287078662838476,0.7004961157213054,0.7937514656355641,0.8208977140479029,0.7477210497633316,0.775229294202281,0.7416172000969136,0.7290259404806189,0.7972798164673927,0.7678644832969169,0.729473383933069,0.7398688342583701,0.8007162219334586,0.700995466055551,0.5811774968242011,0.7405576331637719,0.7998120804480667,0.6230932430769336,0.7385758845694779,0.7783516756814435,0.6912328074933073,0.7683488743999699,0.6816178190854895,0.7265027660036084,0.5568028246370886,0.6345875196204251,0.7641212363463977,0.7357040096861965,0.36833293917034937,0.5125795995408016,0.7712879907052292,0.696298474504383,0.425353228291981,0.5103235295414924,0.440094702871942,0.3374145085523338,0.5196525433317242,0.589663127545102,0.11496759047713101,0.7651681583922119,0.7782294242491468,0.8242924646397016,0.7914715884928475,0.7776434300315789,0.7115812876307804,0.6986826447135321,0.5049169194040319,0.47427071179439245,0.6985458773649,0.7316012292165822,0.7417608330956947,0.584936374227633,0.6978199734463664,0.6223560249418248,0.717665053145036,0.7891032902953804,0.7441683991214734,0.6909625919318337,0.6396749742937066,0.6122334916607896,0.6719200653341716,0.7278344728296847,0.6754026218785136,0.5562931048556571,0.7235445502445844,0.7336785041092192,0.5583199383456826,0.5959742278887322,0.611527715787379,0.5232636543554815,0.7691331334799362,0.8052317647825643,0.7669353615743192,0.7912649523671305,0.8195002882299103,0.831926323086221,0.5183706726324301,0.6585239671998413,0.7408538715536098,0.7700996568071253,0.7004538909763302,0.6885831203492566,0.8187904215399537,0.811319839908397,0.7835159048470945,0.7101114583370326,0.49908313536028925,0.7568457153635486,0.7981751074724546,0.6566339290533643,0.8161001804484946,0.6917550120879722,0.7775239591982014,0.6275958424969467,1.0,0.7712101152424907,0.7597599152519487,0.7154267295276151,0.7941579924621234,0.696158895686201,0.8273852981293983,0.566153171103258,0.6160843045333939,0.7676116632674472,0.7863937542010571,0.4631170182735714,0.5769459457704349,0.5259618648755903,0.6582591733820381,0.6489686823972032,0.7332941578096023,0.7672915929952221,0.5605521001930585,0.7278220808451442,0.7805071755825069,0.814004817396695,0.8257545165135232,0.8185330140855916,0.8117617894376964,0.7157562673774132,0.8134146519431067,0.8389864509602636,0.8461396812600847,0.7963612119179819,0.7484735755827121,0.7255920904033788,0.7538736918527098,0.7309834189296988,0.6128546975657126,0.786242257846558
Instructional_Support_Scaffolding,0.688293947065722,0.8050496472491759,0.7977868462763573,0.4701232259565282,0.6308520230126616,0.8111932197117239,0.6934718275659227,0.8685309275520174,0.9009781421133436,0.9321495778097005,0.7993648326070445,0.9283951366538626,0.7115189290270792,0.8208185333447217,0.9139863383288256,0.8540850068657778,0.9264625381824914,0.8935150835572755,0.8221022252299377,0.9343416417856515,0.8941785190661538,0.8920939748984457,0.8829386045031461,0.8818013317830438,0.7272845498184987,0.6070739858733454,0.7438770415681706,0.8703257288206575,0.7377001524652904,0.7313232610655463,0.9026640241439556,0.7746578189685885,0.852697400296627,0.805605518256542,0.7207830165077701,0.7006475496128028,0.7734427002981988,0.8346269248982942,0.8790011562666931,0.4342077440822973,0.615068946905215,0.8530623954877807,0.8351543157347711,0.5047859546384829,0.5714325481557143,0.44122255194736193,0.39963581567088974,0.5699801260662929,0.7036875345364104,0.19009330386777323,0.9376208484339525,0.8738030838747259,0.7982732687724674,0.934654609501939,0.8845151001561111,0.9133971942860849,0.8871057907997298,0.625614331152894,0.5805851993078723,0.8086822720595929,0.7538526253235592,0.7904522210709849,0.6084052501201194,0.7743114271783519,0.6328034377327179,0.7884773363386968,0.8148860134029099,0.7664080636306,0.8683528627990253,0.7440687292583782,0.7953740609682841,0.8465473119584352,0.6629895960568805,0.741083156840898,0.7109580097896576,0.77401617954788,0.7681879671677498,0.5056220863917933,0.6010739450016624,0.629126814915128,0.6434719239334443,0.8329878659818617,0.9000837239806273,0.7913397408227004,0.8186852305883217,0.8493175294618436,0.8790167907000636,0.46758752403691795,0.843191028497041,0.9433854971500314,0.9493446783957932,0.8786048740750657,0.8755875628769062,0.9052918747704178,0.8934069446066004,0.9204849272591733,0.9048739730070329,0.5668539480542486,0.7449890146753827,0.7947405053701737,0.7049947110787711,0.8197334840918835,0.7206420377996667,0.883654894195838,0.6298322315667624,0.7712101152424907,1.0,0.9145150569036208,0.7792803181565685,0.8423183232966337,0.8773313163388389,0.8658979805913712,0.7137563470553663,0.6964378928390575,0.8497564712285478,0.8731315462121103,0.4261101135727653,0.7024099746329739,0.4955396233028386,0.6434658104335197,0.6798024693622884,0.8101800387970112,0.7278930290875562,0.6728160290884673,0.7450209427042299,0.7699623921013053,0.9209297389084499,0.8566294943996807,0.8978056908254477,0.9018219940382896,0.8588947195943031,0.9323919915302343,0.8787472863773889,0.8735833113083286,0.8921051258617435,0.8716951721906088,0.8334736400778172,0.9212098241190788,0.9033609698830009,0.6518598880538617,0.8640681175951674
Instructional_Support_Scaffolding_Progression,0.6371272728870206,0.7680142797410847,0.8258939338639548,0.4173984092310005,0.584562477158883,0.7789791518280923,0.6470898108358066,0.8636290289680835,0.8627532223268383,0.8777053812011294,0.7760419196700534,0.8844403371278413,0.6370024416820986,0.7829163658392735,0.8912732872642671,0.8051279267289947,0.8748017155906511,0.8233641928979797,0.8589929194836349,0.901265853249593,0.9085118149533472,0.8490456690023518,0.8296688433665348,0.8537725113761078,0.723391248972806,0.5835008796342028,0.7163580091424722,0.8519792639947364,0.7182675519444096,0.7339754122501366,0.8696516478413733,0.7521439145899397,0.833452933999123,0.7601161840475422,0.7008267981165378,0.6528830513674078,0.7111743914926685,0.8004895795224596,0.828795821964728,0.47049073279092546,0.6224758907831955,0.819683014497837,0.7965691881887763,0.4506459593751018,0.547322641680423,0.40207174619062447,0.4005021908670841,0.5765083228227729,0.66497975475648,0.19026725650657392,0.8974353983468008,0.8385451012237604,0.8114228374294697,0.8972231533800817,0.8812960171928619,0.8899476485279371,0.876799254558262,0.6962196642719494,0.6529464788705683,0.7767323635940517,0.7470020959786212,0.7756124981325174,0.592758870513429,0.7554309009651727,0.622307967370524,0.7864841327210356,0.8096865693474149,0.7514586945612541,0.8636757443552474,0.77844671732354,0.7940419692651092,0.7849607251299288,0.676302896679162,0.7897324739185115,0.7567570787634252,0.7916294520770216,0.7900801338650218,0.5051150557110932,0.5709274980627796,0.6023794613341542,0.6922672610164521,0.8450703453255081,0.8600319905503971,0.7826360595281193,0.7671947045008366,0.8407420486611326,0.8696172129851181,0.48344078952711195,0.8139046010130664,0.900979472090929,0.9041100203416056,0.8295844252255214,0.8278365758166303,0.8877435690657202,0.8768528579151589,0.9194982563088423,0.8632838286362905,0.5433241112257701,0.6948484553211445,0.799323771369655,0.7226055335174343,0.8039939313103672,0.7353509530402453,0.8309783953044014,0.7052046532067232,0.7597599152519487,0.9145150569036208,1.0,0.74949148587903,0.8112053832575069,0.8387451250152818,0.8650681210963662,0.7457892087507966,0.7553282115700931,0.8588547305879497,0.8574943092189258,0.45747306506050994,0.7590568357289306,0.509031130515436,0.6439426183734754,0.6701871461205191,0.8447081431418392,0.7409708509660928,0.6384215252791707,0.7088583079525981,0.8103200649647316,0.8870443531611312,0.8446953449490339,0.8805116573415706,0.8787400047621151,0.7871729185086561,0.9041720820986131,0.871945175466814,0.8667573768635266,0.9157990043822324,0.8335988351713305,0.8208869591804554,0.8765764853490583,0.8433796875606551,0.675550647872503,0.8947630081956257
Instructional_Support_Straightforward_Response,0.702247480437517,0.7827699611130062,0.7039628669080041,0.4628122849560362,0.6423188780189112,0.7916104576991405,0.6993271804556096,0.6712498849121855,0.7774047116411037,0.816487930483926,0.6998579706720494,0.7582235148973756,0.691214515405042,0.7752531505869712,0.8051458220223154,0.7525480826023867,0.8164507426696141,0.8021342077811158,0.6472238595829412,0.784744791215336,0.7262637938397782,0.7406963013256506,0.8000512740545265,0.7584592148368997,0.6501321351923961,0.5101697615304103,0.7106798809472875,0.8640767100502742,0.6788485001489286,0.6626475559063105,0.8133882171119633,0.681885158594633,0.8339491274617273,0.6959373987074734,0.6561046166829162,0.5518039101531081,0.7132624270902168,0.8048824418927568,0.7719629946930279,0.2840576754500283,0.4090424479865577,0.788813083411542,0.725837831421718,0.4994633880227553,0.5393409815220074,0.40037675254628036,0.3710838214836067,0.5544995459088202,0.6088069942620773,0.15397075769454416,0.7956582588967538,0.7486506370943397,0.704111937883025,0.7981952503250282,0.7336262462705343,0.7036895244461816,0.6722051893639945,0.4322159144035249,0.39671363132315973,0.6930942665871995,0.6855844626533028,0.7025750223844652,0.5599275362157826,0.6882335057007279,0.5715134110422446,0.6752353093833827,0.7160476283818573,0.6967282927704187,0.6587722005854945,0.5685833206297095,0.6194660515421996,0.6911163240467479,0.6115225527917258,0.5910855296800931,0.5054621336939923,0.6583453369394731,0.659126828095303,0.4723171516187133,0.5245602690205229,0.5478614454112006,0.4475752926790696,0.6626122817061327,0.8307414876326711,0.6590137419848983,0.8104618892371571,0.7484533892464185,0.7858485006367534,0.41150192648293726,0.6573923844087387,0.7602436418586184,0.7899237933593586,0.7783585037927835,0.7623620223265816,0.8378532510183482,0.8282034910658452,0.7559092286640317,0.7600157421857187,0.5269313975547895,0.7361280476336092,0.6793259371889434,0.5550997003062026,0.6946186733670684,0.5776643210334932,0.8017370954894267,0.5142720731451411,0.7154267295276151,0.7792803181565685,0.74949148587903,1.0,0.9087179460681452,0.6773441211722478,0.7286179550832732,0.5187292242504644,0.5285361899496298,0.6886869091034676,0.7368789367576548,0.34564246073023275,0.5073509646904817,0.42932768849099084,0.5783257295454923,0.5760345972716846,0.6522777184144855,0.6391283076906084,0.5921437581487875,0.7315416657880328,0.6693570651835328,0.8347689677043576,0.794184940773893,0.8026057060321972,0.8025732856068606,0.7378519542202331,0.8021221807281826,0.8033938274137084,0.8077414507751794,0.745134288638735,0.7469273327529765,0.6843807742433494,0.7753993741625449,0.7450504547151006,0.5636980301270824,0.728037488333356
Instructional_Support_Straightforward_Response_the_tutors_responses,0.7072257517534989,0.8403687959116656,0.7584566756704776,0.4733979620524148,0.6249385625095788,0.849179336582117,0.7058409002662114,0.7212544582446514,0.863182266388161,0.8841413251957086,0.7543744477586249,0.8094732489237618,0.7712334333559187,0.8573100143886733,0.8807164005767302,0.8246568804625742,0.8839169477562883,0.8394158831727133,0.694548340553166,0.8596412703232046,0.8006525841185018,0.8046162377602671,0.841784062581327,0.8256995194657224,0.7279116945300719,0.5834429966091178,0.7823934108120871,0.9347181377186325,0.7414481473909861,0.7310309546712562,0.8908549848602323,0.7421755606369996,0.8948254216121113,0.7693678512993,0.7334814218496393,0.5958662693613564,0.7227478292908905,0.8711659021996505,0.8166288834329423,0.28691213422703804,0.45745231646397816,0.8571466396552402,0.7787829476887922,0.5009928247781115,0.5460078370762996,0.45537778560813574,0.37923199436812377,0.5513313509182155,0.6300087046655392,0.13230318521872694,0.8471615938388833,0.8260372642287821,0.7748136800843398,0.8623777130876978,0.7789294431506746,0.7620745852054425,0.7327433184270044,0.4601710034211446,0.4154828668918468,0.771878637862156,0.7593118541695645,0.7776735758308164,0.6155008489958639,0.7480781729722479,0.6432504847013405,0.7406979931726941,0.7951854637335561,0.7733246915987829,0.7131565776699447,0.6294911212029309,0.6586464665643882,0.7231348841947811,0.6875165838286683,0.6415333413357484,0.5432218353913255,0.7295161017571804,0.7377140826051508,0.5291926339685371,0.6035541909172665,0.6299043375012556,0.4726096186088895,0.7237449789900208,0.9117250863622299,0.7069144489135634,0.8887947261624982,0.8504422978444978,0.87512408018565,0.4517039420886394,0.6943317821573196,0.8106580659592116,0.8514431212570115,0.7970541597509221,0.7831831229893009,0.9166992928207751,0.9119996774460071,0.8326194789357538,0.8060879253769402,0.5406033287663378,0.8304781718191806,0.7444075182268899,0.5987376336368329,0.7562439781433653,0.6248668965400576,0.8785197968617157,0.5601838724384481,0.7941579924621234,0.8423183232966337,0.8112053832575069,0.9087179460681452,1.0,0.7229885186254122,0.7879754024635588,0.5458650219796503,0.5698813299626827,0.7370354123154456,0.788989829931198,0.3775143629426598,0.5416610103423726,0.48030466247618464,0.6250329622787111,0.6333985944627337,0.6946416963232048,0.7187110170382819,0.6413810185488222,0.7926577197791589,0.730512855588119,0.9065079843656839,0.8740574032885489,0.8778968823091291,0.8774684069138415,0.7846243202541349,0.8689485707952864,0.8861243591582861,0.8867229966492273,0.8021596881394459,0.7965470105254044,0.7157571053914704,0.8345913893029229,0.8088924306507514,0.5966725145992522,0.7897567978516585
Metacognition_Classroom_Culture,0.6026982335956717,0.68959898651646,0.759643346032665,0.45882496136331596,0.5770319417000804,0.6941627326440997,0.6082553894002872,0.8304053316254363,0.8073420763384883,0.8261832482737083,0.774330792852123,0.8634075539039706,0.6107860976983818,0.705060920841193,0.7983494362039923,0.7504099341366931,0.8089577793132933,0.7816491252373031,0.7942297598050658,0.8352826476519493,0.8336313548741437,0.8265975242283122,0.7798831592912879,0.7738989235221044,0.6733637453685396,0.5421091352960791,0.655064632041907,0.7662973343889691,0.695477739615184,0.6827411330461337,0.8028076998423768,0.7351306765839772,0.7640890678918435,0.7616492123168375,0.6708160205731928,0.7056149088167353,0.7202055639356465,0.7235512714220292,0.7816563236427482,0.4863976107011439,0.669702222913273,0.7558501774741107,0.7601986633029294,0.48622827067918734,0.5333503594452946,0.3581014406578068,0.4269246229045564,0.5757915961163771,0.6603060309834755,0.20840328664156046,0.8328854251120744,0.7862211434320763,0.7366618896653673,0.8331314614777502,0.8332720113256246,0.8857363672374857,0.8650338381953235,0.672087148278888,0.6269703629402932,0.7590234862082994,0.7031601651836829,0.7373488534480768,0.5504125345736115,0.7389305360062214,0.5974311205980338,0.7418939398871461,0.7413476528654955,0.709675211714677,0.8761166852783229,0.7618480366208735,0.8296127778391867,0.8527706054804618,0.5995412329331875,0.7351354029402669,0.7554317656845194,0.7171009008070758,0.7162505442094306,0.4713742047559877,0.5133700349547106,0.5472512717524532,0.6727653015917041,0.8006871977349496,0.7815954971036869,0.7527316702090734,0.6939639472887797,0.766300762346649,0.7986791515760101,0.4537028834534234,0.813806408815866,0.8600793684863529,0.845907814479146,0.8094903667319964,0.8020303824265558,0.7952339066185128,0.7831783233825169,0.8562517888582647,0.8394373251885212,0.5251103413408558,0.6081534795990097,0.741312349076602,0.7023596265060194,0.781083344519579,0.709016602245717,0.7594922729169183,0.630894760305941,0.696158895686201,0.8773313163388389,0.8387451250152818,0.6773441211722478,0.7229885186254122,1.0,0.8051182734929747,0.7729309869284995,0.7009281163182475,0.8277346599253327,0.8218817191719526,0.4326610931679222,0.7019569775928884,0.4875763680454944,0.6067438233821076,0.6474968554744565,0.7813839833388742,0.657485330238944,0.6318728392885723,0.6559533958597906,0.7212082084895554,0.8162150558071585,0.7629309810301528,0.8077831090421093,0.8004900331275018,0.7959323815963657,0.8384435685403165,0.779935338300343,0.7812179116169362,0.8231015117924793,0.8002882437225398,0.8257794842416945,0.8687335825328716,0.8225231405151278,0.6577790861283666,0.7991475460255861
Metacognition_Critical_thinking,0.6697246174216748,0.7795087822681837,0.8614156375416265,0.4274729032271053,0.6089399069568172,0.801878026995574,0.678486907421534,0.8414219997473976,0.843952921976092,0.8278000347520094,0.7054257232281882,0.8248133201437623,0.6383981341463572,0.7829255609980201,0.8612303747292114,0.7881427554273354,0.8304342405610806,0.7912605161936429,0.8676552717232914,0.869503171967156,0.8530565041400686,0.7997826225844262,0.7843772120056921,0.8303780019450774,0.7030391890630183,0.5721089282512443,0.6988275298376343,0.813082540950763,0.660766578494241,0.7287199251500225,0.8176071824258878,0.7301695418954025,0.7862878718514243,0.7290712646504931,0.6894064364171464,0.5933541811030049,0.6665410365018234,0.7610641306042701,0.7793515353528004,0.5401663043443392,0.6354159222849463,0.7959517758747842,0.730587522457266,0.4495046828533781,0.492621447239881,0.3757144376807633,0.3770709175221783,0.5931279999331741,0.6437678319221732,0.19562004368811903,0.8445094830825469,0.8245527061407123,0.8549419888427835,0.8681386670378509,0.8939300575357118,0.8333398682208037,0.8174543184696508,0.6647743849821028,0.623126298831001,0.7461244429653422,0.7479838331574563,0.7665468308125565,0.5911017950682127,0.7298017019374081,0.6413336153050204,0.7646160708638626,0.7941361658092262,0.7257902930498907,0.8289468180873765,0.7617009489266352,0.7249491743915988,0.7739592661524457,0.6968920952475983,0.7920801694806895,0.7045917273164227,0.7752001373307665,0.7703947002304635,0.5337635011249542,0.5626288271944563,0.5855884141531955,0.6952716044329325,0.8971096159394986,0.8313991580068203,0.8714186098286321,0.7816121168237008,0.8368412528304349,0.8598622861203707,0.517398476806058,0.772357918833025,0.8489364368570541,0.8495851658067618,0.7811982119173303,0.7752652547991873,0.8465803455665319,0.8377597898877942,0.8739664439215173,0.8016115734455019,0.4942705899753973,0.6976281935463465,0.8489751318211527,0.7579672761501614,0.8880414767548526,0.7863511403189302,0.813322652952408,0.7381949263167626,0.8273852981293983,0.8658979805913712,0.8650681210963662,0.7286179550832732,0.7879754024635588,0.8051182734929747,1.0,0.7150821988637492,0.7718097637696039,0.9108479558540792,0.8968690644616953,0.5115669003775273,0.7223371795691659,0.5549524553396715,0.6532140747127629,0.6724774283967103,0.87137297037515,0.7774360654439335,0.6056241196716281,0.7241183822591483,0.8468206912530679,0.8579391206447161,0.8352788376501136,0.8521200497177299,0.8622496459397525,0.7702656895425254,0.8951293383545563,0.863240421192534,0.8622469508735376,0.910785072270689,0.8397966421113789,0.8474391263762564,0.8300625802159782,0.784932330289549,0.6566857290361471,0.8706655544907013
Metacognition_Exploration_vs_Explanation,0.4459896323078827,0.5103380903766482,0.7044866775939379,0.33991826192300956,0.4403890273889856,0.5293703912895197,0.4504766775858172,0.7610962335822428,0.6236852944994329,0.6297111040384197,0.638575309107884,0.6982815978234688,0.34880514324811446,0.5116459814192408,0.6515360000779418,0.5775217663996849,0.6278800739819264,0.5846327671444859,0.7993361212709177,0.6815925337326262,0.7185103819327343,0.6393346015778816,0.6012999449278132,0.6377991273195552,0.5168765500093299,0.41185683853286237,0.456762778198318,0.5996789236390618,0.5573867526543155,0.5351302425899217,0.6285284352761278,0.6004894742559673,0.6079251162029019,0.5863020318106172,0.5028101050362717,0.5302629471412817,0.535177674303011,0.5222803928466178,0.588397955956803,0.6252089427475976,0.7592782464830226,0.5987573227207346,0.603590194055842,0.3678123347211807,0.36782164990475025,0.2039244762490879,0.4199821009779031,0.563295362505348,0.500549951369258,0.22241957423274802,0.6908979933123173,0.6046162779784778,0.6423931583697913,0.6643606695539976,0.7206287559564457,0.7514554416330526,0.7547689342558153,0.8365793710663095,0.8125225606864953,0.6058720655876664,0.5706160446550171,0.5931821823367687,0.4334516841143059,0.5995095821867557,0.5035567568854445,0.5941563247485229,0.5827656500297084,0.530561795394675,0.8035696020608343,0.7597199432460431,0.7549682859334588,0.6750434365359822,0.4912405914357495,0.7704917837135906,0.8464365767258816,0.6084806650527463,0.6032284504526088,0.3972537697788342,0.35989440607216466,0.3861862131681734,0.8288660116881985,0.7396305813313861,0.5995318276299597,0.7075408261951753,0.499221614222731,0.6346506891328221,0.6471804354964331,0.4465626382356079,0.7397325234581983,0.7343017376535702,0.6799377710044122,0.6530071727050004,0.6393724171311252,0.6319022782388798,0.6187268570985217,0.741775162679374,0.6593607953086503,0.3886390595232112,0.40027172606273315,0.677359332191941,0.7027060976582444,0.6617609404033339,0.7102989643140258,0.563708581527901,0.7587854268352361,0.566153171103258,0.7137563470553663,0.7457892087507966,0.5187292242504644,0.5458650219796503,0.7729309869284995,0.7150821988637492,1.0,0.8073345275772419,0.7446775063181889,0.7001814363963681,0.5094897015597407,0.8158683816201823,0.4830344496267598,0.4948018766780692,0.5674107720151563,0.815140262192497,0.5911630302326789,0.5087418197514719,0.47654520003968803,0.7199109098731965,0.6425474174752943,0.6237758336847865,0.6502155231159659,0.6362823907002845,0.607101901249945,0.6847017519066824,0.6414888730448671,0.6398017397053527,0.7764550114905372,0.6279303659090232,0.7629186748305543,0.7005442892268134,0.633615149666554,0.6342051533653588,0.7462625387451662
Metacognition_Generative_questioning,0.45270661864004197,0.5400491860920162,0.7953672938723093,0.304914492008837,0.4340810011446349,0.546052624161496,0.46318875427586803,0.7752512707320526,0.6469378529282338,0.628599204367128,0.6042772510379582,0.6757045171836754,0.3621161129863604,0.5319408228139386,0.6713776650586899,0.5919952145278077,0.6364191168147881,0.582712767054441,0.8922459886562365,0.6872186804552736,0.7581657901499705,0.6313538199172196,0.590670604949793,0.6465196254837136,0.5726299596674956,0.4011052672781482,0.4893111701279471,0.6250688472906962,0.5523354986821478,0.5878903198897396,0.6442718972911382,0.6075463356241677,0.6217812717766097,0.5958547341864674,0.5469090712057914,0.4846400632355524,0.4985185744684454,0.5237878761349918,0.5854163431956158,0.6834865969645941,0.6793949589598726,0.6012505376990057,0.5882368850341404,0.32928818523905046,0.33915564781352997,0.21309071236877358,0.39242878810515824,0.5825312309752414,0.45933105261951424,0.209146510854746,0.6699440011152445,0.626720177905516,0.7144266127313627,0.6691787638386874,0.749294520537758,0.7317952582299962,0.7451572470269097,0.9020598549870132,0.8839195032679377,0.5988359831738578,0.606902516720312,0.6237083546457767,0.47170001481078316,0.6098707679738363,0.5337170651365597,0.650750633113383,0.6458745220739954,0.558865651522653,0.7792518380713123,0.817597046274853,0.6789596747630331,0.6153933159512559,0.542242270123848,0.9092977196757417,0.8182887660429103,0.6902711829383804,0.6751970572171768,0.47512843606379196,0.3651368214612443,0.387388300233854,0.8901733040471633,0.7932689223696778,0.6272043854143,0.7801600963320647,0.521326786602692,0.6820850660489427,0.6782802977112171,0.5200063871655631,0.717042776621571,0.6947132080814099,0.6684468544608206,0.6037046585883344,0.599114256155958,0.6625045330693586,0.6492046420088837,0.7719950210096224,0.626845235422733,0.3469404294553032,0.42959776714449593,0.7352880023841538,0.7859446656771086,0.7105576406459984,0.7852934206999339,0.5788122115417194,0.9204261153802311,0.6160843045333939,0.6964378928390575,0.7553282115700931,0.5285361899496298,0.5698813299626827,0.7009281163182475,0.7718097637696039,0.8073345275772419,1.0,0.7978338607380759,0.7365244412773381,0.6199724750410341,0.9102356049961282,0.5512420154230717,0.5593083064740144,0.5969924570471842,0.8985200169397449,0.6663835628380996,0.45959027179706774,0.5126663798858788,0.8187533191197317,0.6509544997008714,0.6589828297209278,0.6781297303091292,0.6684951056027765,0.5613889432647139,0.7072168305675186,0.6803969112420396,0.6826739182777782,0.826140149796432,0.6273441599584504,0.7369797059065644,0.6815367106483807,0.6119563245307234,0.6144301207625477,0.794033001082551
Metacognition_Higher_Order_Thinking__Skill_Development,0.62964752150304,0.7247202464023187,0.8496993771513048,0.3971739914335016,0.5870661722966459,0.7538890697613632,0.6461744320949863,0.8527266670592676,0.8179827993621296,0.8081015341896904,0.7141012773869021,0.8203000137170041,0.5790280758084536,0.7356225633612999,0.8326156765681578,0.7703230308183159,0.8067682806075451,0.7606974777179296,0.8762401456693903,0.8520979061438121,0.8534764890326058,0.7930915260136202,0.7670388218153597,0.8032329376503313,0.6887875793407485,0.5787403935764788,0.6671686822006492,0.7753647391661035,0.6480500729047227,0.7127289542266377,0.7967710592487719,0.7220880746578959,0.7641615503630382,0.7169487502847628,0.6636491712292482,0.6024305153063624,0.6645278366336436,0.7122414385032337,0.7596786516951446,0.5616938504510898,0.6399720352716177,0.7658623734978978,0.7186879729750076,0.41812040477260903,0.47430161519279995,0.34127395658534776,0.37686270027908486,0.5747776074269135,0.6134415720952983,0.20348287115581448,0.8230361534527432,0.8093966863468646,0.8109505504614403,0.8399008596830617,0.9038748789324342,0.8500647662067622,0.8454503349270293,0.7045215181393957,0.6646648316988677,0.7351279769152046,0.7384015970150578,0.7496250180908213,0.5817809764955878,0.7197718312027745,0.6348047659842133,0.7631636721814953,0.7789077172389666,0.6959855454637788,0.8568679855527723,0.7900140697495793,0.7545129770788459,0.7894342472788545,0.67160082066397,0.8097555082686848,0.7465632648866433,0.7795565570567405,0.7640498430252276,0.5213415274943545,0.5642298580243407,0.5839631393936302,0.7202960493651077,0.907139034405571,0.7986155330144473,0.8467605511365822,0.7298466250949701,0.8107397535925565,0.8308596958902438,0.5271681800912567,0.7849469611690496,0.830082637519854,0.8314864321511443,0.7571992563699526,0.7562325759646004,0.8210265097839514,0.8040058369009007,0.868688711396433,0.7854285279661586,0.46753414233667473,0.6372651700326846,0.8440546734839731,0.7805060321191117,0.8592288960488094,0.7956447542946706,0.7775219782403238,0.7403694173531918,0.7676116632674472,0.8497564712285478,0.8588547305879497,0.6886869091034676,0.7370354123154456,0.8277346599253327,0.9108479558540792,0.7446775063181889,0.7978338607380759,1.0,0.9269253848027548,0.5294161950615975,0.7493482313951525,0.5582876593381327,0.6496851825338822,0.6782221159369193,0.8852537615679921,0.749360465545744,0.5817136990820712,0.6828836482854956,0.822102487122401,0.8246051396021371,0.804435625289276,0.8318976563509058,0.8320240581177788,0.7456616407816375,0.8748226089488775,0.8275007171753591,0.8279080880980133,0.9014139442111961,0.8259118383739205,0.8648436940430233,0.8294187235075431,0.7722490646634447,0.6590372829065883,0.8491617036532829
Metacognition_Learning_Exploration,0.6626402985075767,0.7657118534256042,0.8336040703944231,0.43053948513495705,0.6092912564749926,0.7916186895460299,0.6791560120241533,0.8406463749937423,0.8635943221845842,0.8512810196718725,0.7308736409270645,0.8384224099565369,0.6500282675265137,0.7763948635399375,0.8742393385653335,0.81865169397999,0.8503733316119295,0.8041689687899392,0.828870851318199,0.8890506655650904,0.8520348773657815,0.8295563817847281,0.8128972477448749,0.838278402799992,0.7131079512680238,0.6215790688987213,0.7259148117133398,0.8167120370756634,0.6916431534325721,0.7365422180518885,0.8306306364640729,0.7522965558652864,0.801229201542689,0.7413510824045477,0.7031466492601456,0.6228214408500269,0.6890818342035497,0.7602621861554341,0.7927786175282532,0.49245183525849634,0.6035123228845479,0.7982873809107912,0.7476117611861293,0.4527139830574908,0.5131130249452418,0.3842031648879519,0.3771526317742301,0.5727658516484977,0.6321624697759445,0.1901202626253664,0.8504842109078788,0.8269218165690291,0.8202934340193929,0.8698356786120044,0.9027091143820667,0.8542094180998971,0.8417001878390108,0.6273733195962035,0.5832052894122399,0.7601588433307624,0.7536988273561117,0.7758886032399751,0.5976443517414678,0.745632646133619,0.6423335606102303,0.7921082177534442,0.8073137111389852,0.7408630442751969,0.8386931544518521,0.7512035844629836,0.7556675260498695,0.815099684814969,0.6786536758752446,0.7683259598995477,0.6946019066160312,0.7938129920661768,0.7852053448615106,0.5178181313439288,0.6128919148413544,0.6343312740723303,0.649501266675431,0.8778714226033564,0.8509771798599864,0.8194332224418296,0.7808386047682612,0.8328528759600056,0.8667104665852771,0.5111558692028217,0.7767167511649465,0.8389296264227996,0.8628742549189722,0.7856638355162983,0.7796074520681635,0.8553265017372359,0.840102658034812,0.8730135247558047,0.8027912149758121,0.5022252968668699,0.6934661793973902,0.8255657145543196,0.7421178824104573,0.8495377640637579,0.7608327468636047,0.814578377185163,0.6877616942087924,0.7863937542010571,0.8731315462121103,0.8574943092189258,0.7368789367576548,0.788989829931198,0.8218817191719526,0.8968690644616953,0.7001814363963681,0.7365244412773381,0.9269253848027548,1.0,0.48205654313711543,0.6839012430190534,0.5380705388457718,0.6578206148892831,0.6716069775250613,0.8332608163852389,0.749170996668137,0.6224021565397921,0.7151288793597232,0.8040843598739259,0.859955379578373,0.8381913706516145,0.8633397710645259,0.8653805307611808,0.770801674387078,0.9000075137022868,0.8573155422088933,0.858943235920793,0.8808583574186434,0.8439079468282807,0.8443501125407582,0.8524529777040746,0.8063636210986302,0.6517343385397228,0.8384468523659745
Metacognition_Metacognitive_Promotion,0.29735659220120036,0.34445560515111057,0.596343215366968,0.17938532862585163,0.27543623725285504,0.3789736694894774,0.307817885838371,0.49929842738392816,0.41216925602801296,0.39660531620215767,0.3697621534322741,0.41860109401222395,0.25513189502841305,0.355692738877586,0.4282289236587023,0.34926291153776784,0.3894679275732501,0.3527577046573473,0.5630455262648055,0.4357721568176295,0.47996443912293046,0.4047942822818121,0.3708456697787715,0.4169984163696553,0.42683243367768636,0.24293074028843234,0.40720055435962904,0.3872634915411852,0.31641097637932386,0.46636457557939515,0.41200489949591684,0.43078699604232445,0.38883878951452144,0.3965916463427847,0.4267723764835842,0.30426507434958533,0.2976366770403688,0.32114715688881856,0.34709624718822457,0.43186750262878115,0.42122287732530467,0.3782446531979963,0.3610800506425446,0.2000105642661513,0.20827875942458624,0.09067901284065574,0.21928266470789523,0.37986942120961337,0.2650533211779518,0.06860221081050188,0.4210480538007341,0.4127517927597158,0.4812676868770585,0.43236413466150675,0.46386016322007745,0.44141387045016345,0.454027408969367,0.5738494073272519,0.5530207340454933,0.40088892857344466,0.4538718916393851,0.46412539165971395,0.38005773135930987,0.4386839208083516,0.41101061666668753,0.38596783112291916,0.40941315218280155,0.40704536915809186,0.49705443227508245,0.5591815402769202,0.4245192394149218,0.3920352762666187,0.5193593152519477,0.6108086141843588,0.5239491071001869,0.40821999887117755,0.41339572403008534,0.5078640842894152,0.21004644467777356,0.22820457889123935,0.5695891970954721,0.5424021655296757,0.39003799367094016,0.5669114650862433,0.33940677718585754,0.4573416654065599,0.47546055356001005,0.7653411591436571,0.4247403023369113,0.41339429651126314,0.404454166032108,0.3474051391933937,0.336841944581712,0.40952772542595334,0.3973137024552112,0.47890490498889543,0.3565954855575274,0.20390396937591942,0.3098345765803206,0.5306792515564628,0.5532516523989067,0.5030422218799517,0.5013184896295839,0.36270582341117596,0.6285566267842709,0.4631170182735714,0.4261101135727653,0.45747306506050994,0.34564246073023275,0.3775143629426598,0.4326610931679222,0.5115669003775273,0.5094897015597407,0.6199724750410341,0.5294161950615975,0.48205654313711543,1.0,0.5946050036918767,0.8082868121705225,0.5695929276874983,0.6968568084356324,0.6362017411349926,0.5228419562221818,0.2527580731234184,0.3813251026475287,0.5635527440207672,0.3984669203750705,0.4164799389111661,0.4292921776240232,0.40314486254581516,0.3642361970551191,0.45697901114509554,0.42664003613341495,0.4443048382392388,0.5327225446813224,0.374675784446358,0.452666063451325,0.45495000655417533,0.37411761852382874,0.463444656033283,0.5050248457388306
Metacognition_Pedagogical_Principle_Criteria_Questioning,0.4511910679225453,0.5267607256551547,0.7534576100523177,0.31772639497911487,0.43066609853860466,0.5228490816720731,0.45351763890396746,0.7873747958012788,0.6188062908670373,0.6190098041109695,0.6122203561690418,0.6931638604616474,0.3319081629096835,0.506805889366195,0.6497323877087227,0.5760647355399815,0.6281605114479176,0.5932012136073408,0.8649850311011035,0.6781796955617018,0.7605721903239396,0.6410710177535754,0.5995893864236262,0.6279079758763776,0.5424619922029759,0.38641458402086104,0.4497693421643455,0.6010382273400864,0.5307792073587879,0.5505945856525204,0.6317474082995186,0.5837653787059841,0.6042337559319331,0.5846197360697885,0.5090528739348329,0.5054358116742866,0.5070860940175577,0.5089166439879957,0.5959245431132438,0.6373826555025456,0.6663527580670545,0.5907719551756235,0.5930359547297719,0.3475099833587733,0.34430773289976596,0.22426265560283995,0.37651254610496865,0.5443907881368805,0.4905505072716269,0.20148627981097272,0.683115185817982,0.6163506387733935,0.6794346617017754,0.6623725244898288,0.7263272238649681,0.7501895741114335,0.7642040772776129,0.9372454584189945,0.9205853732319202,0.6085752106884428,0.5794566957259644,0.5932003134417164,0.4411048962365211,0.5946087370537481,0.5058754888226333,0.5940949067074324,0.5929318490323382,0.5263860634299244,0.7916323602744844,0.8266396597640249,0.6998461359631656,0.6197884788448276,0.5171250019394013,0.8797036876171135,0.8532835364706745,0.6252672082283415,0.6200366672397474,0.46412936169305524,0.3439806204153022,0.3739408949602149,0.8949444090231405,0.7669019976098364,0.6067555673068985,0.7431370894549334,0.5049603891378247,0.6537681689277147,0.6505512591751023,0.5126384089820402,0.7276864622368694,0.7093131220126908,0.6738722583454685,0.6373041429824382,0.627583014287261,0.6419176707561237,0.6263743573151053,0.7680628279618051,0.6516887374109938,0.3469746803289259,0.4150617896411827,0.7010649844111878,0.764351839170076,0.6615378402969706,0.7329894293601719,0.5770512847471462,0.8784624919445909,0.5769459457704349,0.7024099746329739,0.7590568357289306,0.5073509646904817,0.5416610103423726,0.7019569775928884,0.7223371795691659,0.8158683816201823,0.9102356049961282,0.7493482313951525,0.6839012430190534,0.5946050036918767,1.0,0.5324403232197588,0.5400356383822051,0.5839896969411826,0.8675054881610517,0.6201902126230169,0.48911914592470196,0.4807733154603167,0.7711488328043653,0.6368834737780383,0.627378341318062,0.6557019715700346,0.6391531874395182,0.585966098042195,0.6858191530471113,0.6537801001115127,0.6484756234812024,0.8157023835723609,0.6238561320181297,0.7334654233486549,0.6803519204149142,0.6336607499617326,0.6252483413591091,0.7939257113712669
Metacognition_Reflection,0.3906233781574347,0.44159889551834947,0.6159144077931118,0.24458460667311677,0.36277584149335435,0.4824944222472041,0.4023176574256002,0.5434252742572362,0.507628554164688,0.4840379501755143,0.4288195097048153,0.4933280948623706,0.36180679040710007,0.46876326248493566,0.5167594477534045,0.4443277380419199,0.47413285102111286,0.4479198408349391,0.5428266457053749,0.5186597863199373,0.5395790943486599,0.49603281254319864,0.45254843209775686,0.48356257631679345,0.5165281219907651,0.34206242800551917,0.5202250562158116,0.48572924109919136,0.38324348952926507,0.5583118536301445,0.49609954602799367,0.5067356017726382,0.4632256089949514,0.49085898083791707,0.5073887887244795,0.36284962760305783,0.3686066496891091,0.40808704509598487,0.43717508030171304,0.30805807763341725,0.39087028374199134,0.46221552039597913,0.42007098623943223,0.2657027986118174,0.2520551913593478,0.17705654960963288,0.20167762418179144,0.33952011956152744,0.3337629333315381,0.05095278078125529,0.4974173489125407,0.5180308962124576,0.5354725644333009,0.5086911297771067,0.5184352233944982,0.5091071178317642,0.51207818125017,0.5012575976038666,0.4754187703455083,0.48376265848041716,0.5381016371653514,0.5466407895344269,0.4581369268800489,0.5157535306350451,0.4932207699592816,0.4703289409487758,0.5006613781882776,0.5151829763789616,0.545601608093694,0.5611376901344534,0.4832527446702438,0.45919354312872945,0.6216068848541878,0.5815666849167833,0.5255374976619741,0.46727684429434396,0.48602233377573056,0.5507207142725756,0.3299062147566662,0.33713973153614063,0.47934922405309444,0.5722731681517363,0.4905305878145225,0.5728240757287468,0.4500834310725854,0.5377804474128751,0.5650037620172027,0.8331104887453337,0.4640843902669675,0.47397942899765183,0.47532763899468994,0.4235346557496841,0.41755412288090205,0.4904455620496394,0.4796129372294889,0.5430248299278835,0.4272543197715735,0.2472442013261968,0.4519379651201056,0.5641839250140669,0.5510871478734567,0.566604274498655,0.48789250986826727,0.45684488231006637,0.5517547448131103,0.5259618648755903,0.4955396233028386,0.509031130515436,0.42932768849099084,0.48030466247618464,0.4875763680454944,0.5549524553396715,0.4830344496267598,0.5512420154230717,0.5582876593381327,0.5380705388457718,0.8082868121705225,0.5324403232197588,1.0,0.6668707346919274,0.7417648712123539,0.6232433833154597,0.5673484551361554,0.33671151348863554,0.4641445734643041,0.5669748626442026,0.4858378722163023,0.5051041873689558,0.5176370233586761,0.4905380008895171,0.43729466308679926,0.5282962558998252,0.5068055385757612,0.5271763698290987,0.5632515395096245,0.45765102462079515,0.48149730128267115,0.5280243782393204,0.44382134600649176,0.5128895255873243,0.5337316432024453
Metacognition_Reflective_growth,0.5111297335893875,0.5870055568303867,0.7142261005505672,0.3517789334427879,0.4681954600205995,0.6165796296536475,0.5153357007865812,0.6515000010011699,0.6646328273472194,0.6396913948766928,0.5823178938370273,0.6620404011774458,0.5321264967907211,0.5922115999899855,0.6486534658534021,0.614983029358869,0.6348961644245121,0.6107859105104599,0.6249882280773584,0.6604747721065473,0.6614539358967397,0.6427972347897497,0.6233034419032321,0.6189758876716479,0.706907919048698,0.49575681238459224,0.6991227451458834,0.642749086838319,0.5500431087431624,0.7564039921890678,0.6512085656953167,0.689403028613755,0.63765970033651,0.6598241092196969,0.6876432505849813,0.5576090451045693,0.5125137109233827,0.5541937410511325,0.5789858223345095,0.26782234477559397,0.4226304186346674,0.5902626660083574,0.5568414245385837,0.3741774776687176,0.3717979641761574,0.2972351617419586,0.29522695657445713,0.43809875746956456,0.5037476468481069,0.07938226976430457,0.6547083754418863,0.6648675865246022,0.6490581965149235,0.6553527646673246,0.661341018633229,0.6603152782988764,0.6552499156302726,0.48100514396197264,0.4467928173897522,0.6630319501837078,0.7009944353550575,0.7123874271088702,0.6186474512887082,0.6877260215825501,0.6454366686782255,0.6530261011599409,0.6970443987718119,0.6937374780066111,0.656926663255124,0.6388263961195338,0.6075753220582115,0.6278961860928155,0.7521735633252365,0.6327288027782424,0.5555635360658004,0.6629219110899441,0.6677425356828944,0.5558817366104598,0.4749440300996632,0.4989842144458798,0.4494659526761683,0.6403892279683606,0.640430226925173,0.6349307974558468,0.5941166379330487,0.6581354800605694,0.7010579341699331,0.6288682572883001,0.5387548829006359,0.6092817391337841,0.62862165720074,0.5947862740545667,0.5970490713962108,0.6465912449964364,0.6402392130461683,0.6639427950583667,0.6242220066552624,0.3560364323338832,0.5877981701396853,0.6535017339040722,0.6027746382064875,0.6800915926572569,0.5464075213121493,0.6041876656334224,0.5490186663682339,0.6582591733820381,0.6434658104335197,0.6439426183734754,0.5783257295454923,0.6250329622787111,0.6067438233821076,0.6532140747127629,0.4948018766780692,0.5593083064740144,0.6496851825338822,0.6578206148892831,0.5695929276874983,0.5400356383822051,0.6668707346919274,1.0,0.7050676824321016,0.6582476655447108,0.641194443458424,0.5298898275805574,0.5843214558630045,0.6424743408522126,0.6331866471282881,0.641472524599573,0.6583241761358565,0.635004761846784,0.6044833555289422,0.6566495471269354,0.6428950178685788,0.6573800823402849,0.6611342689062987,0.6340072642614962,0.5904976918212137,0.6726678571340396,0.5993169934903796,0.5500351142364024,0.6331156383911158
Metacognition_Strategic_thinking,0.509307054566439,0.596450382184533,0.7045932559212226,0.3428096615240028,0.46841048399637003,0.6180865252683678,0.5306996700003314,0.6604800060907703,0.6657427447458174,0.6713260899778544,0.60914971436911,0.6778566753958273,0.5239511636548072,0.6154670277257414,0.6782614736028495,0.6076392787057255,0.6559077669776706,0.6178282500786245,0.6534946468977038,0.6883922359575871,0.6830599201390668,0.6681053847268061,0.6330764175211264,0.6506677994273792,0.6154215607249826,0.46286400102776715,0.6317415227138714,0.6477290973254268,0.5426192924424998,0.6470221273963238,0.6667554427296774,0.6422071962819181,0.6378651441336819,0.6422943622449776,0.6187028721387576,0.5356765126763781,0.5370613820016708,0.5776249194476849,0.6041134044180275,0.379817325615965,0.4759843733565975,0.6200080769285409,0.5976026472445879,0.37577585773690464,0.3714009389967044,0.28691749925723686,0.30888379987226017,0.4730966442402257,0.4981903564319841,0.12677632149677623,0.680500940787949,0.6605683579823975,0.6352504007909854,0.6904652595144763,0.6656392861466313,0.6770650516336104,0.6639442275101318,0.5346267152816956,0.49403878131281026,0.6425216470099032,0.6390985494614151,0.6568398211133891,0.5446591978129419,0.6501227768601531,0.554951566864006,0.5998863559793752,0.6334517710699245,0.6242498337094442,0.6714182264360937,0.6409202593575206,0.6274122096010369,0.6345543829544207,0.6858295632191364,0.6383418987216507,0.5832414941721017,0.6064287404810909,0.6047091827951199,0.6035772532603645,0.44501130122630433,0.47275829342526504,0.5369717858990597,0.6696323940173848,0.6599569137290127,0.6599447367636739,0.5979137847798361,0.6518542419963268,0.6978675426651284,0.6772052107760029,0.6056718770996519,0.6506240056638943,0.6687039690090423,0.6037570895246422,0.6036555613516444,0.6641762834776629,0.6539952208063435,0.6866030958335384,0.6264654521435353,0.3719979213146805,0.5779162018147553,0.6845644162743751,0.6221715922434388,0.6606589580738439,0.6182737326667346,0.6400675448173655,0.5799967994634415,0.6489686823972032,0.6798024693622884,0.6701871461205191,0.5760345972716846,0.6333985944627337,0.6474968554744565,0.6724774283967103,0.5674107720151563,0.5969924570471842,0.6782221159369193,0.6716069775250613,0.6968568084356324,0.5839896969411826,0.7417648712123539,0.7050676824321016,1.0,0.7051131676225105,0.659217982853952,0.4943653446863083,0.6046381822667732,0.6608435144558239,0.6629680717482459,0.6448400387103429,0.6704841077164369,0.6505053478437465,0.6259601172652481,0.688346587231851,0.6501034627959211,0.6565544980224715,0.6835161438258195,0.6329037245819581,0.6250034031861919,0.6919661302592409,0.6373873123209294,0.5681328544733547,0.6607496674544686
Metacognition_Thinking,0.5736846175547818,0.6731674400253567,0.8725498795916363,0.38075024337651925,0.5411841816044549,0.6925415327831389,0.58473657928265,0.8404747541795838,0.7707299505395483,0.7611204998647458,0.6961700925474761,0.7847900908003794,0.5086285041076778,0.6637619270405313,0.7922864537636365,0.7065651154130385,0.7592292000336994,0.7133270387676023,0.9244531054505708,0.8077088143985611,0.8439886865255463,0.7472161041849427,0.7181862450796812,0.767585550343889,0.6499929431724125,0.49049175122941846,0.6060497750935984,0.7398190742435633,0.6333028028036921,0.6759561920142029,0.7585348431171438,0.695790242881563,0.7292290879569592,0.695674764115685,0.6371408322422654,0.5888604889798595,0.6123306991333108,0.6608122903271435,0.7146218625782975,0.6456343096085095,0.6892105970828588,0.7394474580908955,0.7001698870699449,0.40720519497860197,0.449682367941507,0.3118218791608144,0.40976798818396354,0.6213559175770524,0.5731812375862066,0.22433361805787538,0.7935044655244039,0.7510036608623354,0.8095883286550798,0.7959683554342616,0.8372766966181475,0.8155766764109458,0.8198457883135908,0.8329454712083851,0.7952253053683963,0.7005094395542889,0.700707186170396,0.7197008159471477,0.545490549032817,0.6971646146559831,0.6024108882958668,0.7112194935912336,0.7292398134953778,0.6668938306490901,0.8431193281979226,0.8381540585119466,0.7471604468949848,0.7314456046729692,0.6415275994805792,0.8856273550246759,0.8189053339645308,0.7402040501315138,0.7299390022430539,0.5253645095009046,0.459712417538885,0.4866816252670496,0.8381970643702769,0.8717473886647129,0.7492494422470559,0.8552911671124787,0.655038729063717,0.7872232542431604,0.7950209164465737,0.5753338275258526,0.7846048704177433,0.797909923674379,0.7832152604670546,0.7143487852649429,0.710916940466263,0.7835868835249691,0.7666803809425141,0.853207312751959,0.7434239712586296,0.45520650634938103,0.561571868045213,0.8226633436160912,0.8104432123117843,0.8118086675192177,0.8155132172033828,0.7183092969039581,0.8642716209477338,0.7332941578096023,0.8101800387970112,0.8447081431418392,0.6522777184144855,0.6946416963232048,0.7813839833388742,0.87137297037515,0.815140262192497,0.8985200169397449,0.8852537615679921,0.8332608163852389,0.6362017411349926,0.8675054881610517,0.6232433833154597,0.6582476655447108,0.7051131676225105,1.0,0.7380473746140187,0.5436069697403993,0.6297864056158607,0.8657997275006055,0.7806529318218924,0.7701218255198825,0.7957842858152829,0.7910526325242352,0.6912129568863462,0.8277891364593544,0.7930042041347224,0.7940356209173554,0.9031631016328062,0.7538737885270149,0.8227388014284471,0.8050490795132603,0.7291361137024489,0.6879968628670233,0.8625722720639769
Metacognition_Thinking_aloud,0.540290141809297,0.6820468292252118,0.7543812473612134,0.3235330532042527,0.48020220398296587,0.7195662230581222,0.562088977402784,0.6896692063415706,0.7380388923030683,0.7212513673993904,0.6154069258693612,0.6917437449133168,0.6087472032157422,0.7125281572707403,0.7622930359449562,0.7111843445839681,0.7239140928139228,0.6702966685617657,0.7348463130149773,0.7490930474896754,0.7419529379413724,0.6918061630843335,0.6789902306489912,0.7200378715294031,0.6820639508750885,0.5832320091254727,0.7044383977276308,0.7350810458910143,0.5969793593394092,0.7164973977225602,0.7480293452637041,0.6648716317020578,0.7095989902726074,0.6543728203127136,0.6712364595936398,0.49786088491643893,0.5203524798581418,0.6666543481658663,0.64513414561537,0.4010750153037936,0.5146065158281539,0.6911271600115556,0.613949164236555,0.34717675278866056,0.39393213382161385,0.33436670473188246,0.2885371213479233,0.4934250504360364,0.4789404050572446,0.07647958931313,0.7115484412599801,0.7203789963241376,0.7163748005840493,0.7427563031142377,0.7491664284228652,0.6984426275293042,0.6998817382728921,0.5674829332942892,0.5288183355013921,0.6696832152157723,0.692171093031916,0.704032503914976,0.5680000862090495,0.6643454997701097,0.6151354779478065,0.6959952780177006,0.7392733510604991,0.6692611536437096,0.708798116749113,0.6654885711671941,0.6001967273548428,0.6170308348704999,0.7101345305793287,0.69374186557726,0.5799151644838483,0.7108658267294111,0.7156147027591422,0.5371865327814453,0.6016794608582766,0.6139261953899241,0.5717859742070672,0.7452215231128092,0.7525268111387071,0.7433530118781648,0.7166373011971369,0.7495590724720377,0.7813853949878629,0.551654437156092,0.6492647274999994,0.7023383041104239,0.7302851020219382,0.640510535289565,0.6272680128945506,0.7506258277604877,0.74824240908597,0.7551945138136078,0.6603401851854246,0.3842132317021644,0.7060255300930582,0.7832730450045853,0.6542532485920974,0.7554809090710457,0.7091878931398162,0.6998650337107015,0.66515073307154,0.7672915929952221,0.7278930290875562,0.7409708509660928,0.6391283076906084,0.7187110170382819,0.657485330238944,0.7774360654439335,0.5911630302326789,0.6663835628380996,0.749360465545744,0.749170996668137,0.5228419562221818,0.6201902126230169,0.5673484551361554,0.641194443458424,0.659217982853952,0.7380473746140187,1.0,0.5125604867264724,0.660577671690141,0.7669569128730915,0.7353268466590581,0.7505419046896626,0.7548751139438096,0.745476445176967,0.6063472894920723,0.7607597987039668,0.7706378978172606,0.7716924217871781,0.7615345295496784,0.706415929342007,0.713393198424758,0.7212809935778588,0.6474420559511723,0.596216343835669,0.7372730114089966
Mistake_Handling_Acknowledge_Correctness,0.5340135003642539,0.6007346028413488,0.5842030330758646,0.39786781153270473,0.49481466871559837,0.5766334332007023,0.5122598656438142,0.6195330970556364,0.6611916947825461,0.6644386607849813,0.5998870488988343,0.7040300224898521,0.5772436852341428,0.5945217813738717,0.6358178393490387,0.6645821225051483,0.6701079079262664,0.6824462787421336,0.5680791321389564,0.6598875120493316,0.6416064136492655,0.7015660612806327,0.6847479817154939,0.6120708531255411,0.6155605534864822,0.4727720852233501,0.5775714264189602,0.6473996020708671,0.5942107597620434,0.589226650008662,0.6686682446344979,0.6853672037955844,0.6363120281871978,0.6931588986660976,0.6024625243206198,0.5970750248453547,0.596337069244155,0.6119693976946633,0.6460280617805971,0.21706230347560593,0.39649948401283125,0.6091042953991544,0.6057368924466676,0.41229636127089936,0.41347519933112703,0.40734494873422905,0.29781422486319525,0.4062875103275288,0.6050632737322507,0.08308716821849904,0.6791899294326222,0.643724209639659,0.5727974178548109,0.6624338128393441,0.6400202778733403,0.6734498411170395,0.6580591628197515,0.44904915296915227,0.412159738090525,0.7944171908530734,0.6426400867764992,0.6521685680876628,0.48787365796572063,0.6881319453365122,0.5696314674511761,0.5927359543394048,0.6067550005527361,0.6065486979762774,0.6418414221200682,0.5334733394472682,0.6401844654753178,0.703654016928776,0.5211218646977717,0.5173312111286422,0.5350936321367339,0.5722508152785429,0.5851035003452494,0.3827274865829953,0.4760482421231593,0.4815031453235503,0.4142638020358659,0.5885187464851924,0.6662155313701221,0.5472617233355903,0.63884225636894,0.6442013557860283,0.6596939044250528,0.3110861708754197,0.590857159924724,0.6424044904809867,0.6683329933182985,0.7004164905669295,0.6917349683290132,0.6540423025721812,0.6331522953949849,0.6600076317715133,0.6972302034743254,0.4214343319109728,0.5899033182162966,0.5356175838099718,0.5069782574795313,0.5973679891340239,0.4913483472015333,0.6468495402608329,0.42617575724780665,0.5605521001930585,0.6728160290884673,0.6384215252791707,0.5921437581487875,0.6413810185488222,0.6318728392885723,0.6056241196716281,0.5087418197514719,0.45959027179706774,0.5817136990820712,0.6224021565397921,0.2527580731234184,0.48911914592470196,0.33671151348863554,0.5298898275805574,0.4943653446863083,0.5436069697403993,0.5125604867264724,1.0,0.5521798030578456,0.5530186919906908,0.6436044545335747,0.6161457309450756,0.6341082791852328,0.6298210316579371,0.6637354978194476,0.6429774968200481,0.6133046697250188,0.6161051977275768,0.6093193428474136,0.6680168839422751,0.595551373666024,0.6670813448857766,0.6683428075263779,0.5061649901063444,0.6040874456511311
Overall_Rating_Certainty_of_Knowledge,0.658880732100894,0.7557090911121931,0.698551842711963,0.43253298601143975,0.5999326579254547,0.7659545929805001,0.6695681544000076,0.6498844878455889,0.7606476734154982,0.7570350562638516,0.658269975934564,0.7286946609656421,0.6806291363378049,0.7566331459539902,0.7790662213403344,0.7263689800981794,0.7614225060689811,0.7214887775044218,0.6229740254292696,0.7601335114561852,0.7276406965072583,0.7173148658019934,0.7283441028361787,0.7340817682539065,0.6636780555423867,0.5146989179481006,0.6959062270169003,0.7858639283161075,0.6260423987099919,0.6854291053060586,0.7756087865253185,0.678724284660386,0.7641872762555856,0.6845054911978818,0.6841629682624075,0.546059630585762,0.6428026617956133,0.7339496620832658,0.7206574693535828,0.30115080985407927,0.42655962742385733,0.7453065199005934,0.676348921397914,0.44438987568655536,0.4735383807868694,0.407172042689202,0.31842947824535645,0.4793208155934711,0.5810529430786938,0.14855664612638586,0.7503521452475975,0.756278705454343,0.7054493644191637,0.7670089619235647,0.7072993280806178,0.6835093527534594,0.666262816436896,0.4002827673847824,0.36481144857379305,0.6897128852074025,0.6999833381741379,0.6974393906528397,0.5643653073110785,0.6774375669227061,0.5927248347638997,0.6773342378840972,0.7268705354914706,0.7030403504989675,0.650680890853684,0.5748612830339135,0.5812997607822699,0.6545853424236737,0.6301142663449729,0.579834412591263,0.4732345668916669,0.674750387417134,0.678782778432649,0.5191772239205277,0.5208730749169013,0.5431365848294665,0.4264867055446618,0.6660224623558558,0.7809462441077993,0.6647407665797329,0.7614095600841329,0.7447784063131866,0.7878232515855814,0.438131381146349,0.621919295859006,0.717771392350144,0.7450289359423296,0.6953971303377274,0.6873380360718636,0.7781445457753001,0.7798761480471329,0.7262384933662963,0.7279311173652421,0.46374067071820735,0.7286631032882172,0.6957584587152483,0.5397116660666179,0.7021515333867503,0.5714674365848916,0.7710922346744589,0.5051165664468352,0.7278220808451442,0.7450209427042299,0.7088583079525981,0.7315416657880328,0.7926577197791589,0.6559533958597906,0.7241183822591483,0.47654520003968803,0.5126663798858788,0.6828836482854956,0.7151288793597232,0.3813251026475287,0.4807733154603167,0.4641445734643041,0.5843214558630045,0.6046381822667732,0.6297864056158607,0.660577671690141,0.5521798030578456,1.0,0.6547505695939583,0.7707572296346213,0.7737693643141359,0.7684742938541254,0.7675193010936071,0.6919247871203793,0.7746091113696586,0.771593952673844,0.7811078539449197,0.7091961246926639,0.7369075229357559,0.6854930974929904,0.7473187982116026,0.7250642766979549,0.5554634782260598,0.6958131182997886
Overall_Rating_Cognitive_Level,0.5701426696229946,0.7012868619998988,0.8638884359850856,0.34681590898071446,0.5114453592284587,0.7185937847867974,0.5848583185929609,0.7668497266880956,0.7715634119406969,0.745964058965665,0.6762827083688269,0.7398350537956767,0.5619271283589211,0.701424914841163,0.7860383156295784,0.7178550769704578,0.7507199817199011,0.702894432932568,0.8524064608094897,0.7907488753289479,0.7961654485349001,0.7246867437086684,0.7175955290634618,0.7580613190272935,0.6669295346576349,0.5047462064475488,0.632358591449054,0.7591262822633329,0.6214813485985069,0.7028825259746242,0.7603841213442657,0.6828836803268372,0.7444662653712061,0.6601003584581547,0.6530333967697326,0.5295109649683839,0.5847226137078886,0.6930304495484356,0.6906372253796158,0.5850125675230698,0.6176615235057079,0.7246771570144217,0.6725472663787628,0.36999230000183925,0.4397130396283625,0.33213923810806356,0.3874694415901474,0.603243452595544,0.5537960015541453,0.18448070434135608,0.7585463590484726,0.7479541207457855,0.8160768800123421,0.7733391210943351,0.8025854222144945,0.7549062641195655,0.7598921340229245,0.7253522463579418,0.6910737479264162,0.6987265695518051,0.7059995386444347,0.7130057145708436,0.5573323210801819,0.6918995022122629,0.6186949261366036,0.7150821564778893,0.7497443270063213,0.6773041112273683,0.7619639643253846,0.7635074525562274,0.6831233036141103,0.6695053643384283,0.6679990232485449,0.8366259838655926,0.7233970442629978,0.7425289704997392,0.7355710680283641,0.5336195604392625,0.49785719169108456,0.5161028987861893,0.7522482762809735,0.8291253783829917,0.7601120029071365,0.8387691834824634,0.6958599790657685,0.7813013751419213,0.7994710937762264,0.5289990606382564,0.7190120665247165,0.7472657012679579,0.7658329302645718,0.6926625954112458,0.6849719819365898,0.7885830424012672,0.778110339218732,0.8029109411132591,0.7204652591555136,0.44391520401158285,0.6183394457863151,0.794439853168464,0.8050007383192265,0.8084388208911867,0.8297701656846647,0.720983460222562,0.8394466197724632,0.7805071755825069,0.7699623921013053,0.8103200649647316,0.6693570651835328,0.730512855588119,0.7212082084895554,0.8468206912530679,0.7199109098731965,0.8187533191197317,0.822102487122401,0.8040843598739259,0.5635527440207672,0.7711488328043653,0.5669748626442026,0.6424743408522126,0.6608435144558239,0.8657997275006055,0.7669569128730915,0.5530186919906908,0.6547505695939583,1.0,0.7780059098109976,0.7858340456626134,0.7897103658235591,0.7713202015325895,0.660000495388809,0.8038150002060528,0.8039322298567035,0.804844228352215,0.8399053574952409,0.7358022427346439,0.7842628529221448,0.75733376924212,0.7034207593965078,0.6540988832280471,0.82724798112269
Overall_Rating_Competent,0.7365307258672853,0.8675696898860047,0.7936735475367729,0.49521200349372496,0.6679287936495008,0.8575053033260622,0.7463703224824699,0.8112972069246982,0.9083805929705698,0.9417623372103795,0.7753621332447524,0.8714205145754664,0.7512093825091668,0.8660988798146876,0.9311460288095511,0.844400453180242,0.9227747992540303,0.8769340541821153,0.7924278055042211,0.9238263999391536,0.8826654739552875,0.8668482298063539,0.8652517186209499,0.8873319858565242,0.7190209828587066,0.6074043928989179,0.7523546732960932,0.9191981033871748,0.7526226570927473,0.7347873663584904,0.920225995683309,0.7484921356832335,0.9022391071308141,0.781542451239852,0.7237763872173232,0.6680384776347816,0.7552181542847763,0.8794031994533412,0.8859501511189909,0.4010975555359461,0.5664463519163133,0.9053017888728526,0.8452420579620044,0.5194447218928778,0.5820651385156783,0.4642097839002069,0.39653933931490526,0.5789638431001679,0.695723291152867,0.18622255856579945,0.9097375681081735,0.8746521060907599,0.8274576761751453,0.934473720278106,0.8559145301122673,0.852058150211683,0.8201429665854809,0.5547265838185873,0.5065842236656456,0.7771096757128905,0.752103880711656,0.7792437094830245,0.5959803089569035,0.7508085598962486,0.6162174215329536,0.7725495274391834,0.8218600485611102,0.7768151956470327,0.8059389506339178,0.7102876237591702,0.7241431838302732,0.7869614990971525,0.6795176524764327,0.7055244648122784,0.6325058978652182,0.7627241658115905,0.7641465053968186,0.5192816411498433,0.618191514298066,0.6388094134311219,0.5766876715768725,0.8065050313436329,0.9255508834512748,0.7742331835601676,0.8725348175466048,0.8829132076525156,0.8981855828300405,0.4598543398834735,0.7851848319730709,0.8835263132190145,0.9250089232775724,0.841772471582959,0.8353501440979243,0.9547220659696773,0.9375985300545132,0.9039429897630286,0.8589796195083543,0.5802487389484764,0.7869887568768923,0.7952578594691275,0.6663075105049275,0.8116790495999943,0.7076758527940235,0.9257901877270379,0.6158675190121641,0.814004817396695,0.9209297389084499,0.8870443531611312,0.8347689677043576,0.9065079843656839,0.8162150558071585,0.8579391206447161,0.6425474174752943,0.6509544997008714,0.8246051396021371,0.859955379578373,0.3984669203750705,0.6368834737780383,0.4858378722163023,0.6331866471282881,0.6629680717482459,0.7806529318218924,0.7353268466590581,0.6436044545335747,0.7707572296346213,0.7780059098109976,1.0,0.9116307476234133,0.94002722803224,0.952549177865396,0.8381538305633947,0.9436753304489971,0.9339463876111571,0.9288244816732083,0.8765984820046581,0.858631272650067,0.805607036608694,0.8968409259287677,0.8899659913691971,0.6435098117983902,0.866885822636159
Overall_Rating_Continue_using,0.6513804203744945,0.8068803463502187,0.7991335188981695,0.4151066318693776,0.5782626891911944,0.8285822054325414,0.6693177067574452,0.7734394629608627,0.8893523903206673,0.879450906733674,0.7537599649145663,0.8107372287057405,0.7309736556700216,0.8390138671821044,0.9049783700909501,0.8039526795839753,0.8583136218204522,0.7985540052039155,0.7845881106323651,0.881513992372074,0.8542621611525071,0.8114364165289806,0.8090887681571508,0.860970498208909,0.7566552246826345,0.5810439919711082,0.7765031333439745,0.9120962041429327,0.7728267704792482,0.7635804260951355,0.8888525121113076,0.7665937152470332,0.9008530883138705,0.7900023044303904,0.7702265909544049,0.6193512212721431,0.6958332169650582,0.8436581817519243,0.7994769912383782,0.3959898831419368,0.543716205975847,0.8907318817387312,0.8214510106335563,0.44263637196195427,0.5351365217270477,0.43821708361603184,0.4007292722630339,0.5830612836319263,0.6039879963050342,0.1592605106422213,0.8405570856338556,0.8496678353672327,0.8294036823577743,0.8741681374036552,0.8307743769641883,0.8064800153578021,0.7859523087176746,0.5474379757969224,0.5038579321375505,0.7674439276190311,0.7831175863896269,0.8076359290639559,0.6321571163219112,0.7723951521465097,0.6565869689751498,0.7773628341698912,0.8382136379096484,0.802605033364537,0.7847649992276443,0.7282217969841305,0.6851664048593498,0.7317681669750058,0.7162394230986521,0.7220365726962767,0.6155164354035739,0.7829453918986058,0.791674981942795,0.5455159045016761,0.5984655834031127,0.6198976667838599,0.574684660097781,0.7837580011048719,0.8865745766826097,0.7618952665316027,0.8210529055228921,0.8894244509346572,0.9104798642702859,0.4888710727712168,0.742514447297492,0.8093574299721853,0.8582157524367241,0.7644976025145089,0.7500815631920791,0.9242246339387045,0.9185006167251282,0.8849405904803398,0.7985016605037089,0.5368663779551773,0.7648037717833162,0.7904583716366547,0.6768146404051786,0.7947458018134286,0.6897040792210538,0.8401539777787799,0.6490979010503143,0.8257545165135232,0.8566294943996807,0.8446953449490339,0.794184940773893,0.8740574032885489,0.7629309810301528,0.8352788376501136,0.6237758336847865,0.6589828297209278,0.804435625289276,0.8381913706516145,0.4164799389111661,0.627378341318062,0.5051041873689558,0.641472524599573,0.6448400387103429,0.7701218255198825,0.7505419046896626,0.6161457309450756,0.7737693643141359,0.7858340456626134,0.9116307476234133,1.0,0.9514013032196621,0.9035566804394293,0.7578229281983622,0.896068570329799,0.9512539898565215,0.9584580984797944,0.8530271321746221,0.809369604959161,0.785769968352952,0.8624781718037354,0.8223459175433899,0.6420784082087271,0.8412781113004777
Overall_Rating_Future,0.6772784832162603,0.8215501884663827,0.8074233523871303,0.4425021008661681,0.6162805947702191,0.8264350255940718,0.6984669651201912,0.8117872286113667,0.9094977991336266,0.916908188057746,0.7839029721027668,0.8560589976885585,0.7308024639563409,0.8410509348266235,0.9264763859055807,0.8311438448670064,0.8973792554994983,0.8415971474593262,0.8094536061425751,0.9144428278440381,0.8805503591293323,0.8532400601004528,0.8412034789779165,0.8746770925150047,0.7626961655200599,0.6102185349427028,0.7789272951321752,0.9216017198287926,0.7828866818121424,0.760591372991465,0.9151276799204849,0.7830011191010685,0.910176614861661,0.8173882323713427,0.7605354586194296,0.6699126953756765,0.7288733305811177,0.8498639027403755,0.8369433573099131,0.4095422009832602,0.5614190827037554,0.8944301365017981,0.845654192122865,0.46736784247752755,0.5558165448912599,0.4464315999449332,0.40662915387836757,0.5828630852311036,0.6493944272958719,0.16819941462544377,0.8793677839801598,0.8700079955076743,0.8335027024279478,0.9080834489731171,0.8549741059787042,0.8557662558667068,0.8326977536253505,0.5758142176193557,0.5324160678936918,0.7870679287914353,0.7830100216398328,0.8080458966530715,0.6294574609508634,0.7883386105823624,0.6460611019952706,0.8037214971306778,0.8504694804431755,0.7956415980938929,0.825406902997238,0.7560144754278285,0.7348611015816203,0.7754612134688829,0.7127668504450339,0.7425296065867487,0.6565501170920224,0.7973437802910213,0.7993081801498106,0.558876278939994,0.6087086786159698,0.6386187686875715,0.5949511610283246,0.8138901243022503,0.9094728212319854,0.7798786406677711,0.8349850255425303,0.8911510369061894,0.9146602280429592,0.4891696790144379,0.775657654885953,0.8580282139001479,0.9005167785882007,0.8023928488951431,0.7958286902724886,0.9397066446845321,0.9305183063508305,0.9154125978100645,0.8349535082373227,0.5539201133966113,0.767136518979593,0.8054267963978602,0.6911097571721755,0.8145669334667786,0.7101836300081648,0.8740145129538875,0.6541107834862269,0.8185330140855916,0.8978056908254477,0.8805116573415706,0.8026057060321972,0.8778968823091291,0.8077831090421093,0.8521200497177299,0.6502155231159659,0.6781297303091292,0.8318976563509058,0.8633397710645259,0.4292921776240232,0.6557019715700346,0.5176370233586761,0.6583241761358565,0.6704841077164369,0.7957842858152829,0.7548751139438096,0.6341082791852328,0.7684742938541254,0.7897103658235591,0.94002722803224,0.9514013032196621,1.0,0.9304468288399494,0.8028261106966275,0.9240669406037113,0.9573013409943371,0.9546756913888077,0.8760257085399819,0.8410795229194239,0.8079332804492898,0.8995314725279769,0.8650042117354977,0.6557525038931644,0.8580275586375761
Overall_Rating_Intelligent,0.7150601128331696,0.8449575912032116,0.8001709574891713,0.5015640546717364,0.6504371457690503,0.8478623573190545,0.726065774518099,0.8148854673262178,0.9144892977701601,0.9130280626506604,0.7466261292589185,0.8565431198481129,0.7223548078621271,0.8453334141259844,0.9284373985256457,0.8425265871781321,0.9085505523878478,0.8555618923602597,0.7991471028637364,0.9182024552846563,0.8704953492019359,0.8547331999641465,0.8399158319327944,0.8811802859277077,0.7203777741597064,0.6123144170374399,0.7554046068951719,0.90452050974712,0.730344545713426,0.7381980171388807,0.9076202720949866,0.7443155769963037,0.8781272994692898,0.7749374411160805,0.7261037325514776,0.6649473046084794,0.7468812088753466,0.8483462115989413,0.8547949687796066,0.412658894900139,0.5607446604332291,0.8927703730606465,0.8135310056367326,0.5255147415785951,0.5742954361434855,0.4620127098766632,0.39571047705065915,0.5715680008716316,0.6875160961327916,0.1782993757014424,0.8845836407342788,0.8758517660075955,0.831246751147007,0.9223933296916326,0.8607816839250837,0.8413060438783506,0.8151736131142063,0.5625808875855011,0.5157291206152382,0.7595558948493375,0.7460562758176605,0.7824818539219404,0.5865005068719583,0.7466591026114722,0.6143921113513134,0.7846264761245502,0.823773824150746,0.7762370071210827,0.7989807727723897,0.7162702181383447,0.7144774514532534,0.7776174041293604,0.6867489998483683,0.7219489675711048,0.6308048627775935,0.779262788898881,0.7869549293257453,0.5140617990203283,0.6201138958981941,0.6396154693384444,0.5877464947763726,0.8096882975996025,0.9135235104211666,0.7747375656989878,0.8534344783268019,0.8763682822194869,0.8967622876836872,0.4644581131516893,0.7679601716392991,0.8640921171607943,0.9020032579958307,0.8143401558313309,0.8086703989824897,0.9389291201885385,0.9256391822354265,0.8954340173731444,0.8350986625929235,0.5700233382725329,0.772227403413084,0.795806202310111,0.6616393635342056,0.8140719562011658,0.7097812976790743,0.9018117337704483,0.6306615230042091,0.8117617894376964,0.9018219940382896,0.8787400047621151,0.8025732856068606,0.8774684069138415,0.8004900331275018,0.8622496459397525,0.6362823907002845,0.6684951056027765,0.8320240581177788,0.8653805307611808,0.40314486254581516,0.6391531874395182,0.4905380008895171,0.635004761846784,0.6505053478437465,0.7910526325242352,0.745476445176967,0.6298210316579371,0.7675193010936071,0.7713202015325895,0.952549177865396,0.9035566804394293,0.9304468288399494,1.0,0.8122257822951023,0.9391645872682706,0.9283060615787857,0.924050438530289,0.8800225267167189,0.8572171479641927,0.7968562631651501,0.8792893528179966,0.8563120041773995,0.6434087481210817,0.859045001868763
Overall_Rating_Learning_Goal,0.7257851743919849,0.7830586076475351,0.7100633325974814,0.5330720824726544,0.6469962828268723,0.757596948697518,0.7141364081642848,0.7853781548090738,0.8085555509840009,0.8480468282866231,0.722765949345644,0.8600786824929707,0.6683288323886976,0.757721782168404,0.8120479331690204,0.7721549395206826,0.8375865815812373,0.8514219985895319,0.7003097205579676,0.8229112464126923,0.7883181049262631,0.8345211188987276,0.8254424192325979,0.7913458639666122,0.6337169603848041,0.5193348259305904,0.6631250563778427,0.7792999129009803,0.655270298397801,0.6492459566669366,0.7958812771826447,0.6812944876348889,0.7625041656811821,0.725044492429191,0.6378906828133654,0.6666901368091579,0.7844311720718509,0.7774295546967277,0.8594974771807468,0.34893035516207177,0.5103039618786632,0.7810876373127187,0.777587262522976,0.5648444784650224,0.5789127149886272,0.48784882502469046,0.3991160513250441,0.5194872600214901,0.7561521030457438,0.16137858732156518,0.8607426937817414,0.8250066233147327,0.7368900435315096,0.8400910712411209,0.8017964995466142,0.8273165734651712,0.7761154595001231,0.5190968829755395,0.47157587734286627,0.7307419374953193,0.6710021664856095,0.7028020926477404,0.5200513254984452,0.6879105928495564,0.5370425040411361,0.6955111285543333,0.7310051617216877,0.7096279810770805,0.7602882378283774,0.6387235662158047,0.7378905922020655,0.8125719741760191,0.5807770180499396,0.6237999830186474,0.6136777015057603,0.6641020258953223,0.6582998202837238,0.4746779799611843,0.5132624238123338,0.549793300504777,0.5304589204427101,0.7368618491883638,0.8140706429522584,0.7203270736233104,0.7915877004404461,0.7566270019021524,0.7719533222304632,0.41016980361538485,0.7513480867155897,0.8401002227092846,0.8405415190596479,0.8623413000236139,0.8607431203493988,0.8061977606392712,0.7827827914066765,0.7961205465168703,0.8561697795433787,0.5819697349123877,0.7023742417624205,0.6823015099842848,0.6280828349191386,0.743454320656483,0.6200037922023725,0.8377918015008914,0.5104923312716609,0.7157562673774132,0.8588947195943031,0.7871729185086561,0.7378519542202331,0.7846243202541349,0.7959323815963657,0.7702656895425254,0.607101901249945,0.5613889432647139,0.7456616407816375,0.770801674387078,0.3642361970551191,0.585966098042195,0.43729466308679926,0.6044833555289422,0.6259601172652481,0.6912129568863462,0.6063472894920723,0.6637354978194476,0.6919247871203793,0.660000495388809,0.8381538305633947,0.7578229281983622,0.8028261106966275,0.8122257822951023,1.0,0.8350024734733438,0.7682763324099564,0.7717354352140474,0.7732009629735677,0.8356999920001785,0.729201825268719,0.8213310734257289,0.8718400580385848,0.5816893755284919,0.7631368504943693
Overall_Rating_Learning_Objective_Achievement_Effectiveness,0.7152500841205348,0.8426113173881455,0.8295573322110374,0.4709518830211561,0.6485298010254625,0.8556232540816271,0.7262263590548709,0.8487234372059906,0.913538958706327,0.9203079272077254,0.76908792926349,0.8879462374759851,0.7163740487680463,0.852838238981675,0.9335506330209669,0.8540987008314995,0.919080662024464,0.8727564170930484,0.832594462645578,0.93692236019817,0.8951826376324103,0.864933766151474,0.8617477145505741,0.8808191034192364,0.7303604222266072,0.6203650604995038,0.7599280639143454,0.893722925321364,0.7324984345900512,0.7509479544616448,0.9035251858991804,0.7643963799468605,0.8636834371892688,0.7850079404583233,0.7326104955395174,0.6571543216911152,0.7333723002630836,0.8453635971679753,0.8667517210794442,0.44553657965019944,0.6053220390375005,0.8754556127503149,0.8028290671974536,0.4946478379357801,0.5642191044471759,0.4511099858080982,0.3931824323100992,0.582200082768492,0.6879068495925386,0.19399133313630973,0.9164771721053426,0.8864487897812291,0.8430743920738986,0.9357254456595372,0.8932796884615637,0.8795280245973377,0.853472416009146,0.6077426314470273,0.5603460344590817,0.786910669971653,0.7716699216022272,0.7970256170218238,0.609421258203795,0.7673998660178353,0.6409629425750102,0.7921459470805797,0.8286561700422308,0.7794786223851541,0.8418784675849857,0.7504016005428592,0.7537354303156522,0.8184853497424023,0.7047276068311815,0.7551486827816681,0.6790302007499609,0.7899316612991235,0.7872477966557262,0.5279673469366737,0.6277425502252217,0.6502103432731883,0.633922134979988,0.8536093121676736,0.9164152667822774,0.813534958596468,0.8548919975558801,0.8820172041301936,0.9100480895810259,0.5043919512966551,0.802307718321259,0.9060673670475969,0.9234347861492146,0.8424527135364671,0.8306241777501784,0.9334328222972208,0.9200658981472939,0.9196624437935647,0.8614016791200436,0.5581033591078076,0.7776846958773682,0.8180086235154465,0.710785249706319,0.8431235994669849,0.7380972352654022,0.895951193915026,0.6612681614471608,0.8134146519431067,0.9323919915302343,0.9041720820986131,0.8021221807281826,0.8689485707952864,0.8384435685403165,0.8951293383545563,0.6847017519066824,0.7072168305675186,0.8748226089488775,0.9000075137022868,0.45697901114509554,0.6858191530471113,0.5282962558998252,0.6566495471269354,0.688346587231851,0.8277891364593544,0.7607597987039668,0.6429774968200481,0.7746091113696586,0.8038150002060528,0.9436753304489971,0.896068570329799,0.9240669406037113,0.9391645872682706,0.8350024734733438,1.0,0.9210059185963692,0.9166412244833593,0.912770010635907,0.8845865783578679,0.8392926420862394,0.9020739157569644,0.8737756904989281,0.6565216650519405,0.8878587169364814
Overall_Rating_Overall_Quality,0.6670867288752398,0.8274372039253554,0.8102931485587389,0.4246832297722429,0.6014755450394598,0.8416534050980284,0.6890175533628986,0.7931061737349824,0.9039017807017716,0.8936397675458856,0.7520265481895939,0.8267182630425648,0.7298121198222868,0.8426009035581825,0.9259062924874658,0.8281717176708727,0.882169571699667,0.8148303556803432,0.8089835469066733,0.9018507888122618,0.8728165625762682,0.8270598877318867,0.823517553845292,0.8689061205882413,0.750504861899134,0.6147323972483771,0.7692691681900719,0.9225192641404403,0.7520298032868289,0.7569869520848649,0.9016303263670523,0.7625357932693396,0.9025181972046008,0.782219181791926,0.7522522097441878,0.627418236804548,0.6912403963680493,0.8480530482044739,0.814621810749585,0.41499836080886254,0.5700438801189365,0.8909791480054541,0.8216470678314737,0.45535835658037443,0.5411990859656992,0.43428985879139637,0.3842497128336792,0.5795586655682401,0.6244469315153208,0.15795937256991727,0.8644313654891274,0.8624251304816719,0.8457044138535396,0.8976205786704577,0.8520212396830004,0.8234510163468127,0.8054691970030806,0.5683721593453394,0.5277003436346194,0.7739798425831108,0.7773488481377483,0.8023898815300851,0.6197824216679724,0.7674400792625932,0.6468641917105742,0.7853520771530552,0.8371138515592531,0.7855884033836124,0.8000605383995255,0.7444847128609635,0.6996625123072144,0.7471737693453757,0.7178079858759697,0.744953402214118,0.6375960059722636,0.7913829584437136,0.7931975729290992,0.5507217104820996,0.618302391501924,0.642180636343789,0.5951932046792452,0.8122430966923025,0.9033505905533664,0.786407369731761,0.8412893924322201,0.8994521103626156,0.9215401917912307,0.4865505166609091,0.7572909546813013,0.8367312916328242,0.884522896242514,0.774585005534785,0.7650327064292378,0.9456908292515984,0.9381324580763227,0.9027731367641516,0.8081346954107493,0.5408452352385195,0.7731053698539895,0.8097600127715576,0.6847929388146208,0.8187146128340839,0.7223855816393113,0.8631577447131645,0.6676013388333166,0.8389864509602636,0.8787472863773889,0.871945175466814,0.8033938274137084,0.8861243591582861,0.779935338300343,0.863240421192534,0.6414888730448671,0.6803969112420396,0.8275007171753591,0.8573155422088933,0.42664003613341495,0.6537801001115127,0.5068055385757612,0.6428950178685788,0.6501034627959211,0.7930042041347224,0.7706378978172606,0.6133046697250188,0.771593952673844,0.8039322298567035,0.9339463876111571,0.9512539898565215,0.9573013409943371,0.9283060615787857,0.7682763324099564,0.9210059185963692,1.0,0.9697413595542496,0.8783665650094162,0.8256409678692666,0.7981042856464832,0.868487561868697,0.8245711144007961,0.6465325519712792,0.8627943294570115
Overall_Rating_Overall_Quality_is_as_good,0.6768226812582153,0.8267127749549846,0.8194924738983951,0.4349118725950359,0.6098108831071278,0.8463209021193784,0.6933635951747459,0.7917110399625806,0.9002689956378848,0.8922499418369219,0.7527668607118063,0.8230078754299998,0.7474920763788443,0.8541198963214625,0.9255578560397694,0.82800707308647,0.8763871007987808,0.8104887614507161,0.8045031968021618,0.8981363730880823,0.8771891875044934,0.8273336173012679,0.8247120467679473,0.8697625919367262,0.7535420418904799,0.6145316845094891,0.7833323696950047,0.9160355552833747,0.7549215252622544,0.7686954821885768,0.898766356493761,0.7625155807189723,0.9002034446072019,0.7865827821659801,0.7630355164320188,0.6296306404718248,0.7029767600925899,0.8542082341926723,0.8136143983136804,0.4058740590416653,0.5633758506764287,0.887772688614319,0.8214872733338349,0.46540929710588447,0.5457155456722721,0.43032426132011575,0.39498966416517556,0.582581551136491,0.6255959138114509,0.14938458154543813,0.8618161827482285,0.8699365510238207,0.8486626411642106,0.8931122901718024,0.8564161991313463,0.8183960402573085,0.8018408860348191,0.5668522360249907,0.525792894330918,0.7705340602781962,0.7811784882482976,0.805564193015172,0.6263085720272029,0.771591792965197,0.6561547057761447,0.7974764810845727,0.8468332004320561,0.7963123070592538,0.8026796769057157,0.7419428306546204,0.7060354666610726,0.7508537706929328,0.7233226667546588,0.742166743016319,0.6337326612958306,0.7973029929974678,0.8017830838258415,0.5535160965464693,0.6179802096439164,0.6449217538910187,0.5931179982371397,0.8155207210257659,0.8998783129851073,0.7899729656128417,0.8401969989080362,0.8984150150140051,0.92420889280495,0.5028814374179671,0.7499818719627137,0.8279116531893044,0.8772934658879138,0.7804474749877341,0.7705398590851678,0.9358021001236727,0.9295163607602791,0.8984319794312332,0.8101987587274848,0.5447464488016229,0.7806260489000755,0.8079438366805477,0.6894287206545412,0.8235141215506513,0.7186261222917416,0.8601296928763801,0.6708365076105547,0.8461396812600847,0.8735833113083286,0.8667573768635266,0.8077414507751794,0.8867229966492273,0.7812179116169362,0.8622469508735376,0.6398017397053527,0.6826739182777782,0.8279080880980133,0.858943235920793,0.4443048382392388,0.6484756234812024,0.5271763698290987,0.6573800823402849,0.6565544980224715,0.7940356209173554,0.7716924217871781,0.6161051977275768,0.7811078539449197,0.804844228352215,0.9288244816732083,0.9584580984797944,0.9546756913888077,0.924050438530289,0.7717354352140474,0.9166412244833593,0.9697413595542496,1.0,0.8773870229066576,0.8239438220483459,0.8015463638037329,0.8706019036517391,0.8271579714934159,0.6550079423944926,0.8595076053420203
Overall_Rating_Questioning_Effectiveness,0.6555875221483627,0.7661116043149571,0.8663413582163598,0.430493320298542,0.6027618639345118,0.782801791545177,0.6676489166903835,0.8805370516075242,0.8552130896038546,0.8552487895794431,0.7420385940737074,0.8503754242341647,0.6219198600441591,0.7726146781640502,0.8842358085534322,0.7934387160001283,0.8583655839134878,0.8088740423750193,0.9033793816957052,0.8934428310958478,0.9012960522389292,0.8174351046224332,0.804518560366445,0.8487820059613007,0.7075888432432157,0.580458353887318,0.7020963805345731,0.8367359841797454,0.6905048600196309,0.7378907564651868,0.8468091979828442,0.7386048828211442,0.8107492614962121,0.7432756864777194,0.6983279556919755,0.6149882611318908,0.6840462430027885,0.7687807191530763,0.80365211787376,0.5510453139714205,0.6545800187068939,0.8134239221225932,0.7623664173395679,0.46050336075359594,0.5096469075938654,0.3790356775638889,0.3916698995091706,0.6101822960759049,0.6332010178388457,0.1885059209389047,0.8777334413249954,0.8257842514602205,0.8527422954878441,0.8846046015578521,0.8964132308899815,0.8637375490897711,0.8581228286516924,0.754799271523292,0.7191365984665826,0.7497136657085993,0.7531518671403038,0.775067885799877,0.5904137750486912,0.742096317439519,0.6335875174341583,0.7676349798456719,0.80422766867112,0.7308414935574955,0.8661146741295437,0.822401923455841,0.7644087158646787,0.7769872342880998,0.6959800834659781,0.8481041392501081,0.7761504154478158,0.7910251813102133,0.7815713603144788,0.5434011660119666,0.5688904125300084,0.5952394446860596,0.7580430779358454,0.8874689954229115,0.8502241033632449,0.8449741301386723,0.7746016973083566,0.8550508160160312,0.8695197620118362,0.5366632122418831,0.8083287604073888,0.8737996602983217,0.8835758234934888,0.8044302389249885,0.7913927555487997,0.8766837430207939,0.862542189931322,0.9155371288328907,0.8184769575765556,0.5123024151954657,0.6868648046220269,0.8442213593426406,0.7692515175361136,0.8469954287984357,0.7826983263894096,0.8270423962617501,0.7831427253847884,0.7963612119179819,0.8921051258617435,0.9157990043822324,0.745134288638735,0.8021596881394459,0.8231015117924793,0.910785072270689,0.7764550114905372,0.826140149796432,0.9014139442111961,0.8808583574186434,0.5327225446813224,0.8157023835723609,0.5632515395096245,0.6611342689062987,0.6835161438258195,0.9031631016328062,0.7615345295496784,0.6093193428474136,0.7091961246926639,0.8399053574952409,0.8765984820046581,0.8530271321746221,0.8760257085399819,0.8800225267167189,0.7732009629735677,0.912770010635907,0.8783665650094162,0.8773870229066576,1.0,0.8348872501060841,0.8518756393967785,0.8579754038047654,0.8149600162379761,0.6924922992006265,0.922463477972822
Overall_Rating_Simplicity_vs_Complexity,0.7157195413815759,0.8055460439348794,0.7716367123309663,0.43835993108288057,0.643557134417168,0.807312214248733,0.7176463797599028,0.8089705028091733,0.852529676777898,0.8577453604460651,0.7227884265475722,0.8688398525856953,0.6874712454734535,0.8035073464422317,0.8666207994794579,0.8734667505221612,0.8775321582752846,0.8716118935738223,0.7658171516101837,0.8798723460391008,0.835835798381276,0.8493125181110066,0.8585341492646736,0.8280042103848642,0.6937316980652788,0.6409052541694313,0.7199258881213123,0.8147683689699241,0.6752400922476769,0.7088162707469139,0.8318863524408445,0.7252991533213106,0.7935835454488409,0.733219349315141,0.68596574007765,0.6297729091624606,0.7257432242891638,0.7729615792983286,0.8332474355938142,0.39119747745141387,0.5176640090715591,0.790539774814315,0.7480520666922168,0.4663628852668285,0.4902735569589401,0.43507680796556464,0.33607367006188565,0.5159513370028229,0.7140352926082811,0.16245412223654682,0.8757859933728467,0.8531151132263518,0.7704992426171804,0.8756777865934494,0.880548271624209,0.8453728507855873,0.8117250474961152,0.5573603262975428,0.5068895841311513,0.7737535372178419,0.7399409718384412,0.7445609232931174,0.5872261961363366,0.7298207015786455,0.6278514445977257,0.7705466763272246,0.7844531551889734,0.730602475151327,0.7949195722968766,0.6868978083215441,0.7424313988816654,0.8257716542087467,0.6445222830824496,0.6787018167254082,0.6292065189280268,0.7473992086011974,0.7378302630261208,0.46889270017447654,0.6490723933865556,0.6660383055625619,0.5706415611752448,0.8281322608440327,0.8657263140008895,0.7574786744854373,0.8504222198129074,0.7946308005377845,0.8300873128796914,0.42487690495357106,0.7628716959181711,0.858843179874477,0.8778005902128139,0.8580431040760758,0.8656628965592165,0.8457546815697672,0.8333448777794522,0.8380060305725389,0.8637488831290261,0.4854992658168048,0.7785685952782498,0.7625739586880312,0.6502411770601395,0.7952673055252899,0.6815350119549577,0.8565831457661222,0.5791148935619256,0.7484735755827121,0.8716951721906088,0.8335988351713305,0.7469273327529765,0.7965470105254044,0.8002882437225398,0.8397966421113789,0.6279303659090232,0.6273441599584504,0.8259118383739205,0.8439079468282807,0.374675784446358,0.6238561320181297,0.45765102462079515,0.6340072642614962,0.6329037245819581,0.7538737885270149,0.706415929342007,0.6680168839422751,0.7369075229357559,0.7358022427346439,0.858631272650067,0.809369604959161,0.8410795229194239,0.8572171479641927,0.8356999920001785,0.8845865783578679,0.8256409678692666,0.8239438220483459,0.8348872501060841,1.0,0.8013048051309712,0.8317918831618164,0.8396379417299059,0.6215663041477237,0.8071897857352648
Overall_Rating_Source_of_Knowledge,0.6085669945535914,0.7090100203705276,0.8006581619346256,0.3943859763629763,0.5689446443908127,0.7238563985708939,0.6148014288360294,0.8039890508449838,0.7747898186948903,0.7867812129210972,0.736325497091284,0.7905124488018105,0.5547349162922216,0.7041616181052998,0.8014462041413973,0.7310819879303732,0.7906449967995732,0.7500111718618707,0.8248170993152983,0.8217168578586402,0.8122482769101147,0.7648148752816278,0.7552576780490177,0.7754945269270525,0.6473348357105224,0.5323584108120976,0.6202899803648729,0.7627498064037035,0.6616297000857825,0.6744430627859946,0.7842053519374033,0.7030638515897409,0.7580921991444033,0.7023416603141075,0.6302801439414051,0.5877548414246299,0.6344251272773997,0.6971085984141525,0.7496773885351281,0.5557206817017165,0.6686216192242385,0.7570814408305645,0.7123594981225105,0.4103007029263236,0.4726138143867438,0.3353974666116439,0.39119116941250226,0.585896455069768,0.5973073010379063,0.2186706681866614,0.8066369917565966,0.7574560937834485,0.7704440713487251,0.8089411062285213,0.828580492814217,0.8310090066136903,0.8088268180908113,0.6843384972856514,0.6448900878172429,0.7132907360214168,0.7028794648731863,0.7099061169545602,0.555312294632093,0.7081699902653418,0.605147158582911,0.7093943698703004,0.7252109763713371,0.6588194527476589,0.8415386202093607,0.7488249846708253,0.7311790133824726,0.7465181953112837,0.6297112906216845,0.7644236246946886,0.7107474101122621,0.7130372302267114,0.7090046425238173,0.4808368773640787,0.5189916811801966,0.5490442092795037,0.7285724630787856,0.8208587265348619,0.7782713606922546,0.7980958669317731,0.7008165128764093,0.7658994800785631,0.7923008127772921,0.447181387298879,0.7827054035996255,0.8219960226230492,0.8163063796664684,0.7632770186351753,0.7525774266889415,0.7968284929719722,0.7905743911410502,0.8398034818273812,0.7783019386032839,0.47654058236670216,0.6003489363794573,0.7950790202896918,0.7118487475727815,0.7981424173183191,0.7484024144556018,0.7583583806594305,0.7033077436080639,0.7255920904033788,0.8334736400778172,0.8208869591804554,0.6843807742433494,0.7157571053914704,0.8257794842416945,0.8474391263762564,0.7629186748305543,0.7369797059065644,0.8648436940430233,0.8443501125407582,0.452666063451325,0.7334654233486549,0.48149730128267115,0.5904976918212137,0.6250034031861919,0.8227388014284471,0.713393198424758,0.595551373666024,0.6854930974929904,0.7842628529221448,0.805607036608694,0.785769968352952,0.8079332804492898,0.7968562631651501,0.729201825268719,0.8392926420862394,0.7981042856464832,0.8015463638037329,0.8518756393967785,0.8013048051309712,1.0,0.8128535987969178,0.7765319225356633,0.6495016987818478,0.8274269824527068
Safety_Fairness_Agency__Care,0.6386010011102836,0.7647632710516568,0.7900232872660498,0.4675508110868996,0.5961783180164285,0.7701544995627562,0.65106746224115,0.8327891866500524,0.8923306573493018,0.9127249638964539,0.8184215452933937,0.909853598674638,0.7216569296228382,0.8024750744918654,0.8792094506134568,0.8219348844572641,0.889136801626138,0.8491933821190408,0.7997196908616321,0.9000182358011642,0.8899416840314122,0.8848872469187625,0.8506181459710964,0.8437052446327401,0.7720283122794962,0.5977659465192072,0.7671722059728701,0.8704782257531405,0.782154743247353,0.7688818884813634,0.9049231844868998,0.8200718307581542,0.8757004300647262,0.8674957303245834,0.7755744064349687,0.7453162239895705,0.746943168040369,0.8143646790107071,0.8304021627270308,0.41185251648699467,0.5886170967082466,0.837432230162901,0.8299810287637378,0.49808421430367517,0.5604985995602039,0.4513321741327503,0.4071607077959929,0.574943468266269,0.6689727972489616,0.20702511492834957,0.8924285113698752,0.8599898564548071,0.7808823431802597,0.905221823214655,0.8493890124111468,0.9042754483097172,0.8873082838998637,0.614992978534162,0.5669639873909691,0.8250079073565189,0.7867761558855919,0.8377821866509142,0.6648961292116717,0.8224835858925711,0.6687263654573535,0.8103093952747082,0.824658001086356,0.8078731459157306,0.8803476253487892,0.7789859157858325,0.8074604264230913,0.8408253959985427,0.6889316461410397,0.7409868731936073,0.7011571692277014,0.7928649621456838,0.7876655189450957,0.534697936502182,0.58001712899417,0.608319182481594,0.6162503372638629,0.8018544823490191,0.8742152772169687,0.7671055158338346,0.7780536213517173,0.8488485606251331,0.8926744840176559,0.49235122565350947,0.795218240295619,0.8758345078547383,0.9028080901844218,0.8298812237188813,0.8318198923520095,0.8914893577111707,0.8779597578011318,0.9125474557393765,0.8652602730642643,0.5594148474298265,0.7127213232772073,0.7816853818931095,0.6930857754042463,0.801253896304355,0.7119195793325592,0.8409042674982025,0.6262471032850296,0.7538736918527098,0.9212098241190788,0.8765764853490583,0.7753993741625449,0.8345913893029229,0.8687335825328716,0.8300625802159782,0.7005442892268134,0.6815367106483807,0.8294187235075431,0.8524529777040746,0.45495000655417533,0.6803519204149142,0.5280243782393204,0.6726678571340396,0.6919661302592409,0.8050490795132603,0.7212809935778588,0.6670813448857766,0.7473187982116026,0.75733376924212,0.8968409259287677,0.8624781718037354,0.8995314725279769,0.8792893528179966,0.8213310734257289,0.9020739157569644,0.868487561868697,0.8706019036517391,0.8579754038047654,0.8317918831618164,0.8128535987969178,1.0,0.869208093750202,0.6792876582012018,0.8316978259277379
Understanding_Learner_Goals_Helpfulness,0.6966885806528674,0.8081973580689639,0.7405348335165466,0.487964936228615,0.6344616856772435,0.7707422974593041,0.7091748108237323,0.8004117920505119,0.8570293831721606,0.8954312956469825,0.7716583650153173,0.8839877131561278,0.7046803542735454,0.7999366192668321,0.8511267125137435,0.7953313474841911,0.8766515994809982,0.8621997627878581,0.7490605896375953,0.8686582568183815,0.8453302872734954,0.8603506844530747,0.839676905531171,0.8300153363580784,0.6684489059018888,0.5662380869526901,0.6880507056810288,0.8265957164040736,0.7178884210008574,0.6796696415185609,0.8513920213466049,0.716256396397651,0.8195298707014713,0.7690184311606467,0.6722616401528511,0.6907104323070333,0.7899202929053467,0.8323054679604334,0.899339501791592,0.37737961754024096,0.5322651716915637,0.8496262119024429,0.8457197428854688,0.518759208494888,0.6030110479709833,0.4968474364759939,0.4052772080081409,0.5376914732199278,0.7416461870628546,0.17551312331884,0.8944229825544574,0.8283189039579895,0.7554871463639098,0.8781936669914517,0.8145087643411666,0.8630339185241218,0.8260212619568006,0.5573299784458321,0.5147783692031548,0.75962529074776,0.7037792885740496,0.723582795712959,0.5404131756405505,0.7228460678799069,0.5747281502127333,0.7229233333519893,0.7592128032185615,0.7331424952148283,0.7953863129509033,0.6760512954849958,0.7498935710987604,0.7968588840951819,0.6102728304229399,0.6639037866231581,0.6400380093763784,0.7031324030864444,0.6992441348533162,0.48356527887603934,0.5531095673719555,0.5901118852877957,0.5660737855505434,0.7565386262590862,0.8449709435493142,0.7310541731149445,0.7930899041666507,0.7993845536986981,0.8145676628089209,0.41901543574145794,0.7962630087883018,0.880416309008681,0.8922741935542128,0.8625343667557116,0.8613579272936096,0.862485138630464,0.835329081320718,0.8622830284001298,0.8721632916764046,0.6020702112065331,0.7164882941332645,0.722725876864937,0.644252959065147,0.7534050910016138,0.6611783567011965,0.8766073255784306,0.5547319315636169,0.7309834189296988,0.9033609698830009,0.8433796875606551,0.7450504547151006,0.8088924306507514,0.8225231405151278,0.784932330289549,0.633615149666554,0.6119563245307234,0.7722490646634447,0.8063636210986302,0.37411761852382874,0.6336607499617326,0.44382134600649176,0.5993169934903796,0.6373873123209294,0.7291361137024489,0.6474420559511723,0.6683428075263779,0.7250642766979549,0.7034207593965078,0.8899659913691971,0.8223459175433899,0.8650042117354977,0.8563120041773995,0.8718400580385848,0.8737756904989281,0.8245711144007961,0.8271579714934159,0.8149600162379761,0.8396379417299059,0.7765319225356633,0.869208093750202,1.0,0.6260309618355995,0.8057934936782085
Understanding_Learner_Goals_Identifies_goal,0.4776277186954038,0.5730493789526365,0.6647473639055838,0.3643524785328654,0.4563089470740116,0.5594540773010681,0.4962081089671048,0.6662669782301787,0.6394436297065976,0.6379789876800523,0.5652759722380218,0.6647514043223324,0.4882026362776136,0.570843168487109,0.6441836505687024,0.6076325250615218,0.6337691074787788,0.6043720576942844,0.6802346673556975,0.6681452491755699,0.6880495678618336,0.6516929912631826,0.6280546161405363,0.6208347599713422,0.5901081778892809,0.4682940401525279,0.5595742748028235,0.6203562514590003,0.5437727315852426,0.5939362930224849,0.6415184590640803,0.6103918971477094,0.6278238163213662,0.5996525816355018,0.5906447483342484,0.527785167970039,0.5302321623923617,0.5867136685654993,0.598941954950397,0.39239392312099686,0.514852273415108,0.6007509920294216,0.6023395812795644,0.37397220703005973,0.41574134619641584,0.2687151336176917,0.3296803364206795,0.46399965422658146,0.508473554714302,0.1486185765160067,0.6777292437467639,0.6357258066313021,0.6415643559596413,0.6627191536879653,0.6632171977278952,0.6628064892334036,0.6652510064712073,0.590194358932529,0.5692433220999592,0.6116117950901058,0.6033783347006563,0.6288251532250688,0.4780614257681326,0.6153948107086447,0.5233708498970697,0.6076357793875994,0.6345365017835137,0.5828651071912485,0.673852844449249,0.6454416136865021,0.6353387816312734,0.6056368753328732,0.5618407195855051,0.6485988222161624,0.6292496627248928,0.6046876323304508,0.6123516920886283,0.4576740860468733,0.4380547842044169,0.46428654257167234,0.5806033558067455,0.669648069888934,0.6256985236391094,0.6368559599154043,0.5682369810636615,0.6508403574416531,0.6655339346359838,0.48620825453372174,0.618792448114707,0.6489348848363304,0.6485402642442506,0.6166602292285721,0.607749612648487,0.6383295913209607,0.6352956432945616,0.6883031085393884,0.6201387456931922,0.4182465774441102,0.5141345683888439,0.6197708929934669,0.6111512838377037,0.6417439783654251,0.6064313635867866,0.5949202248572736,0.6124652587305905,0.6128546975657126,0.6518598880538617,0.675550647872503,0.5636980301270824,0.5966725145992522,0.6577790861283666,0.6566857290361471,0.6342051533653588,0.6144301207625477,0.6590372829065883,0.6517343385397228,0.463444656033283,0.6252483413591091,0.5128895255873243,0.5500351142364024,0.5681328544733547,0.6879968628670233,0.596216343835669,0.5061649901063444,0.5554634782260598,0.6540988832280471,0.6435098117983902,0.6420784082087271,0.6557525038931644,0.6434087481210817,0.5816893755284919,0.6565216650519405,0.6465325519712792,0.6550079423944926,0.6924922992006265,0.6215663041477237,0.6495016987818478,0.6792876582012018,0.6260309618355995,1.0,0.6800969209325969
Understanding_Learner_Goals_Question_Relevance,0.6486666931707854,0.774730059840968,0.8501834704768246,0.4123627688232727,0.585948075722579,0.7739492472806919,0.6525354468671921,0.8394284013728509,0.8260752939846709,0.8444585738807683,0.7212571001377991,0.8188062132927723,0.6263130563897048,0.775331678669051,0.8625472816866376,0.7708842392160824,0.8322378623469526,0.7874490193238997,0.8754062649129642,0.8647460468397755,0.880814895561371,0.7953434715361465,0.7858201484442869,0.8259767015471103,0.6845926877861979,0.5382791600666523,0.6729288539760788,0.8206156937900572,0.6824320431740831,0.7067361452277581,0.8263365149944878,0.7153882835370466,0.7994662494716818,0.7207564547707455,0.6784904765393291,0.5972107274791709,0.6655899174852082,0.7730223026914167,0.8004902768504968,0.5295126876626725,0.6372646528377177,0.8125902942088136,0.7590359448099747,0.4277967444344517,0.5126469971761608,0.4020897862714962,0.3978033618412889,0.5963646667704394,0.6323149307339461,0.17588611919530217,0.8503691022788628,0.8173571982051087,0.8523423185732392,0.8584329812291434,0.8613448395483171,0.8295736135332125,0.8260958474183645,0.726347626283429,0.6906419703326003,0.7409638325987203,0.7334404709894408,0.7445320912011669,0.564892147124637,0.7199297433022133,0.6162208251300586,0.7338735853474477,0.7658813513539455,0.7089394977121299,0.824705137143363,0.7775105369162474,0.7283370190205188,0.7350625353804738,0.6768709825155833,0.808930969771422,0.7465681041208536,0.7429159225656007,0.7437398061575656,0.5331939838015436,0.5282233997065621,0.5566492590990506,0.7446047738194738,0.8506870270030107,0.83408766465753,0.8173890963776175,0.7613186130043227,0.8447929526503807,0.8434937726739243,0.5098679285102021,0.7844881983221338,0.8435551224413039,0.8579408838437406,0.7843951560979697,0.7731615519374025,0.8694040914264853,0.8487320541535727,0.8938042721437117,0.8038439556061848,0.517650402518798,0.6777794447789913,0.8117200282329663,0.7547016540501528,0.8150597384423093,0.7527766114825161,0.8164685140998326,0.7675939474042351,0.786242257846558,0.8640681175951674,0.8947630081956257,0.728037488333356,0.7897567978516585,0.7991475460255861,0.8706655544907013,0.7462625387451662,0.794033001082551,0.8491617036532829,0.8384468523659745,0.5050248457388306,0.7939257113712669,0.5337316432024453,0.6331156383911158,0.6607496674544686,0.8625722720639769,0.7372730114089966,0.6040874456511311,0.6958131182997886,0.82724798112269,0.866885822636159,0.8412781113004777,0.8580275586375761,0.859045001868763,0.7631368504943693,0.8878587169364814,0.8627943294570115,0.8595076053420203,0.922463477972822,0.8071897857352648,0.8274269824527068,0.8316978259277379,0.8057934936782085,0.6800969209325969,1.0
